{
  "type": "FeatureCollection",
  "features": [
    {
      "type": "Feature",
      "geometry": {
        "type": "Polygon",
        "coordinates": [
          [
            [
              94.3982728,
              26.9527311
            ],
            [
              94.3993377,
              26.9483545
            ],
            [
              94.4000673,
              26.9458104
            ],
            [
              94.4010329,
              26.9442611
            ],
            [
              94.4019985,
              26.9417743
            ],
            [
              94.4027924,
              26.939211
            ],
            [
              94.4038224,
              26.9372981
            ],
            [
              94.4053244,
              26.9358442
            ],
            [
              94.4057536,
              26.9331469
            ],
            [
              94.4066763,
              26.9326687
            ],
            [
              94.4071913,
              26.9330704
            ],
            [
              94.4074487,
              26.9338356
            ],
            [
              94.4077062,
              26.9351556
            ],
            [
              94.4078135,
              26.9365903
            ],
            [
              94.4085538,
              26.9381015
            ],
            [
              94.4093263,
              26.9386754
            ],
            [
              94.4103348,
              26.9392876
            ],
            [
              94.4111073,
              26.9398614
            ],
            [
              94.4118261,
              26.940244
            ],
            [
              94.4126201,
              26.9402536
            ],
            [
              94.4133925,
              26.9400623
            ],
            [
              94.414047,
              26.9398806
            ],
            [
              94.414798,
              26.9398519
            ],
            [
              94.4152164,
              26.9399666
            ],
            [
              94.4155598,
              26.9401388
            ],
            [
              94.4157636,
              26.9404066
            ],
            [
              94.4161069,
              26.9414683
            ],
            [
              94.416579,
              26.9425682
            ],
            [
              94.4169116,
              26.9431038
            ],
            [
              94.4173086,
              26.9434672
            ],
            [
              94.4177914,
              26.9436776
            ],
            [
              94.4184029,
              26.9437063
            ],
            [
              94.4188428,
              26.9435437
            ],
            [
              94.4191432,
              26.943056
            ],
            [
              94.4191646,
              26.9427308
            ],
            [
              94.4190252,
              26.9423673
            ],
            [
              94.4187033,
              26.9414874
            ],
            [
              94.418596,
              26.9408944
            ],
            [
              94.4187033,
              26.9403684
            ],
            [
              94.4189072,
              26.940024
            ],
            [
              94.4194543,
              26.9398327
            ],
            [
              94.4201195,
              26.9398806
            ],
            [
              94.4207525,
              26.9401675
            ],
            [
              94.4209564,
              26.9403875
            ],
            [
              94.4212782,
              26.9407414
            ],
            [
              94.4215572,
              26.9411813
            ],
            [
              94.4218361,
              26.9417361
            ],
            [
              94.4226515,
              26.9415352
            ],
            [
              94.4231665,
              26.9410379
            ],
            [
              94.4235957,
              26.9403779
            ],
            [
              94.4241965,
              26.9395649
            ],
            [
              94.4247758,
              26.9389337
            ],
            [
              94.4264924,
              26.9377668
            ],
            [
              94.4274473,
              26.937279
            ],
            [
              94.4279086,
              26.9371929
            ],
            [
              94.4283485,
              26.9372885
            ],
            [
              94.4290352,
              26.937652
            ],
            [
              94.4297004,
              26.9381302
            ],
            [
              94.430269,
              26.9387711
            ],
            [
              94.4307196,
              26.9392206
            ],
            [
              94.4312453,
              26.9395554
            ],
            [
              94.4320285,
              26.9399953
            ],
            [
              94.4331872,
              26.9398997
            ],
            [
              94.4336486,
              26.9396893
            ],
            [
              94.434464,
              26.9392589
            ],
            [
              94.4347966,
              26.9387328
            ],
            [
              94.4351613,
              26.9381398
            ],
            [
              94.4362879,
              26.9366764
            ],
            [
              94.4367814,
              26.9361599
            ],
            [
              94.4374037,
              26.9359112
            ],
            [
              94.4379401,
              26.9357008
            ],
            [
              94.4386589,
              26.9356434
            ],
            [
              94.4391847,
              26.9358347
            ],
            [
              94.4397855,
              26.9362364
            ],
            [
              94.4410837,
              26.9375085
            ],
            [
              94.4417167,
              26.9379102
            ],
            [
              94.4423175,
              26.9380059
            ],
            [
              94.4431436,
              26.9379294
            ],
            [
              94.44368,
              26.9378529
            ],
            [
              94.4444525,
              26.9377668
            ],
            [
              94.4451821,
              26.9376424
            ],
            [
              94.4457722,
              26.9375946
            ],
            [
              94.4461799,
              26.9376616
            ],
            [
              94.4467485,
              26.9379868
            ],
            [
              94.4483578,
              26.939125
            ],
            [
              94.449377,
              26.939498
            ],
            [
              94.4509005,
              26.9396223
            ],
            [
              94.4517052,
              26.9396319
            ],
            [
              94.4525528,
              26.9395171
            ],
            [
              94.4532716,
              26.9392589
            ],
            [
              94.4541407,
              26.9390963
            ],
            [
              94.455353,
              26.9398806
            ],
            [
              94.4562757,
              26.9406649
            ],
            [
              94.4577777,
              26.9420134
            ],
            [
              94.459312,
              26.9428168
            ],
            [
              94.460535,
              26.9430177
            ],
            [
              94.4618547,
              26.9430177
            ],
            [
              94.4632816,
              26.9427977
            ],
            [
              94.4641077,
              26.9421856
            ],
            [
              94.4647729,
              26.9414204
            ],
            [
              94.4651484,
              26.9406935
            ],
            [
              94.4660604,
              26.9388476
            ],
            [
              94.4668972,
              26.9370207
            ],
            [
              94.4676375,
              26.9358155
            ],
            [
              94.4686782,
              26.935586
            ],
            [
              94.4694722,
              26.9355095
            ],
            [
              94.4702017,
              26.9356338
            ],
            [
              94.4708347,
              26.9344287
            ],
            [
              94.4731993,
              26.9349476
            ],
            [
              94.4736242,
              26.9350408
            ],
            [
              94.4749546,
              26.93462
            ],
            [
              94.4750404,
              26.9324391
            ],
            [
              94.4760274,
              26.9304495
            ],
            [
              94.4778728,
              26.9294547
            ],
            [
              94.4790744,
              26.9280008
            ],
            [
              94.479804,
              26.9261259
            ],
            [
              94.4794178,
              26.923677
            ],
            [
              94.4789028,
              26.9206542
            ],
            [
              94.4787311,
              26.9180521
            ],
            [
              94.4786882,
              26.9163302
            ],
            [
              94.4791603,
              26.9155266
            ],
            [
              94.479804,
              26.9147612
            ],
            [
              94.4804906,
              26.9141107
            ],
            [
              94.4813489,
              26.9134602
            ],
            [
              94.4817781,
              26.9121591
            ],
            [
              94.480791,
              26.911585
            ],
            [
              94.4793319,
              26.9107814
            ],
            [
              94.4783878,
              26.9101309
            ],
            [
              94.4781089,
              26.9092889
            ],
            [
              94.4790745,
              26.9084662
            ],
            [
              94.4802546,
              26.9079113
            ],
            [
              94.4811129,
              26.9072798
            ],
            [
              94.4816494,
              26.9063231
            ],
            [
              94.481821,
              26.9055577
            ],
            [
              94.4812417,
              26.9043713
            ],
            [
              94.4803405,
              26.9036633
            ],
            [
              94.4799113,
              26.9032232
            ],
            [
              94.4794607,
              26.9026491
            ],
            [
              94.4791603,
              26.9021325
            ],
            [
              94.479053,
              26.9015393
            ],
            [
              94.4790101,
              26.9005059
            ],
            [
              94.4790101,
              26.899951
            ],
            [
              94.4784093,
              26.8980183
            ],
            [
              94.4781518,
              26.8972719
            ],
            [
              94.4775939,
              26.8968318
            ],
            [
              94.4768858,
              26.8965639
            ],
            [
              94.4762206,
              26.8964299
            ],
            [
              94.4753623,
              26.8962386
            ],
            [
              94.4745683,
              26.8959707
            ],
            [
              94.4733453,
              26.8947268
            ],
            [
              94.4731951,
              26.8939613
            ],
            [
              94.4734525,
              26.8934446
            ],
            [
              94.4740319,
              26.8927939
            ],
            [
              94.4748044,
              26.8920476
            ],
            [
              94.4753837,
              26.8915883
            ],
            [
              94.4766068,
              26.8906506
            ],
            [
              94.4777441,
              26.8896554
            ],
            [
              94.478538,
              26.8887368
            ],
            [
              94.4788599,
              26.8878947
            ],
            [
              94.4792676,
              26.8871675
            ],
            [
              94.4796324,
              26.8864594
            ],
            [
              94.4799542,
              26.8856938
            ],
            [
              94.480319,
              26.8849283
            ],
            [
              94.4816923,
              26.885158
            ],
            [
              94.4834089,
              26.8851962
            ],
            [
              94.4848251,
              26.8848709
            ],
            [
              94.4855118,
              26.883646
            ],
            [
              94.4858122,
              26.8826317
            ],
            [
              94.4863486,
              26.881579
            ],
            [
              94.4867563,
              26.8810431
            ],
            [
              94.4877004,
              26.8808709
            ],
            [
              94.4885802,
              26.8812919
            ],
            [
              94.4892239,
              26.8819809
            ],
            [
              94.4899535,
              26.8828422
            ],
            [
              94.4904256,
              26.8830527
            ],
            [
              94.4915843,
              26.8830719
            ],
            [
              94.4923138,
              26.8825934
            ],
            [
              94.4925928,
              26.8820384
            ],
            [
              94.4926786,
              26.8812345
            ],
            [
              94.492743,
              26.8801245
            ],
            [
              94.4924211,
              26.879378
            ],
            [
              94.4920778,
              26.8782105
            ],
            [
              94.4914341,
              26.8767559
            ],
            [
              94.4913053,
              26.8755118
            ],
            [
              94.4921422,
              26.8741911
            ],
            [
              94.4931292,
              26.8731001
            ],
            [
              94.4935155,
              26.8725642
            ],
            [
              94.4937086,
              26.8720857
            ],
            [
              94.4936657,
              26.8715306
            ],
            [
              94.4935369,
              26.8709564
            ],
            [
              94.4933224,
              26.8704204
            ],
            [
              94.4932365,
              26.8698653
            ],
            [
              94.4934726,
              26.8692337
            ],
            [
              94.4942021,
              26.8687934
            ],
            [
              94.49476,
              26.8684489
            ],
            [
              94.4958544,
              26.8680086
            ],
            [
              94.4966697,
              26.8675301
            ],
            [
              94.4966697,
              26.8669942
            ],
            [
              94.4964337,
              26.8667453
            ],
            [
              94.4953179,
              26.8663433
            ],
            [
              94.4944167,
              26.8659222
            ],
            [
              94.493773,
              26.8655394
            ],
            [
              94.4932794,
              26.8649269
            ],
            [
              94.4928288,
              26.864276
            ],
            [
              94.4927645,
              26.8634338
            ],
            [
              94.4934296,
              26.8627638
            ],
            [
              94.4939875,
              26.8622661
            ],
            [
              94.4945884,
              26.8619024
            ],
            [
              94.4949102,
              26.8610793
            ],
            [
              94.4948244,
              26.8606773
            ],
            [
              94.494524,
              26.8604667
            ],
            [
              94.4939875,
              26.8603519
            ],
            [
              94.4934296,
              26.8603901
            ],
            [
              94.4923353,
              26.8605241
            ],
            [
              94.4914126,
              26.8605624
            ],
            [
              94.4903397,
              26.8604667
            ],
            [
              94.4896316,
              26.8601222
            ],
            [
              94.4889235,
              26.8594904
            ],
            [
              94.48843,
              26.8587056
            ],
            [
              94.4882583,
              26.8571741
            ],
            [
              94.4879794,
              26.8557384
            ],
            [
              94.4881511,
              26.8549152
            ],
            [
              94.488666,
              26.8543218
            ],
            [
              94.4892669,
              26.8537858
            ],
            [
              94.4900393,
              26.8533263
            ],
            [
              94.4905972,
              26.8528477
            ],
            [
              94.4908118,
              26.8521202
            ],
            [
              94.4908762,
              26.8514311
            ],
            [
              94.4907689,
              26.850627
            ],
            [
              94.4906187,
              26.8498995
            ],
            [
              94.4905114,
              26.849172
            ],
            [
              94.4905114,
              26.8486743
            ],
            [
              94.4906831,
              26.8481574
            ],
            [
              94.4913697,
              26.8476213
            ],
            [
              94.4923353,
              26.8467981
            ],
            [
              94.4924512,
              26.8463684
            ],
            [
              94.4926142,
              26.8457643
            ],
            [
              94.4926142,
              26.8447304
            ],
            [
              94.4923353,
              26.8442326
            ],
            [
              94.4918203,
              26.8439455
            ],
            [
              94.4909405,
              26.8438497
            ],
            [
              94.4899964,
              26.8439072
            ],
            [
              94.4893527,
              26.8438306
            ],
            [
              94.4885802,
              26.8432945
            ],
            [
              94.4885158,
              26.84205
            ],
            [
              94.4887948,
              26.8411885
            ],
            [
              94.4889664,
              26.8402503
            ],
            [
              94.4889664,
              26.8395802
            ],
            [
              94.4888806,
              26.8390824
            ],
            [
              94.487915,
              26.8364211
            ],
            [
              94.4867563,
              26.8351765
            ],
            [
              94.4860267,
              26.8346596
            ],
            [
              94.4853401,
              26.8341426
            ],
            [
              94.4850182,
              26.8334724
            ],
            [
              94.4847393,
              26.8326108
            ],
            [
              94.4848466,
              26.8318066
            ],
            [
              94.4851041,
              26.831079
            ],
            [
              94.4854903,
              26.8303131
            ],
            [
              94.4859624,
              26.8296621
            ],
            [
              94.486928,
              26.8290877
            ],
            [
              94.4878721,
              26.8287813
            ],
            [
              94.4891166,
              26.8285898
            ],
            [
              94.4907689,
              26.8283217
            ],
            [
              94.4918632,
              26.8281303
            ],
            [
              94.4933224,
              26.8274792
            ],
            [
              94.4942665,
              26.8267516
            ],
            [
              94.4945454,
              26.8260623
            ],
            [
              94.4962621,
              26.8245687
            ],
            [
              94.4973349,
              26.8242814
            ],
            [
              94.4991159,
              26.8246261
            ],
            [
              94.5002317,
              26.8249708
            ],
            [
              94.5022058,
              26.8261963
            ],
            [
              94.5037293,
              26.8268282
            ],
            [
              94.5043516,
              26.8264835
            ],
            [
              94.5045876,
              26.8260431
            ],
            [
              94.5045447,
              26.8252006
            ],
            [
              94.5041799,
              26.8238602
            ],
            [
              94.5040941,
              26.8230751
            ],
            [
              94.5040726,
              26.8221368
            ],
            [
              94.5042443,
              26.8215814
            ],
            [
              94.5048451,
              26.8208729
            ],
            [
              94.5057249,
              26.8203559
            ],
            [
              94.5070123,
              26.819724
            ],
            [
              94.5084071,
              26.8191112
            ],
            [
              94.5089221,
              26.8185175
            ],
            [
              94.5095873,
              26.8171579
            ],
            [
              94.5096946,
              26.8162961
            ],
            [
              94.5095444,
              26.8156259
            ],
            [
              94.5092439,
              26.8149365
            ],
            [
              94.5090079,
              26.8141896
            ],
            [
              94.5088148,
              26.8134044
            ],
            [
              94.5088362,
              26.8125427
            ],
            [
              94.5093941,
              26.8117958
            ],
            [
              94.5107674,
              26.8118149
            ],
            [
              94.5121836,
              26.8124278
            ],
            [
              94.5133424,
              26.8128299
            ],
            [
              94.5144796,
              26.8129065
            ],
            [
              94.5155096,
              26.8127725
            ],
            [
              94.5166898,
              26.8123129
            ],
            [
              94.5169687,
              26.8116809
            ],
            [
              94.5169472,
              26.8109531
            ],
            [
              94.5165825,
              26.8100914
            ],
            [
              94.5163035,
              26.8086742
            ],
            [
              94.5159173,
              26.805878
            ],
            [
              94.5166254,
              26.8046332
            ],
            [
              94.5168185,
              26.8042118
            ],
            [
              94.5168185,
              26.8038288
            ],
            [
              94.5165825,
              26.8031967
            ],
            [
              94.5162177,
              26.8027754
            ],
            [
              94.5160031,
              26.8021912
            ],
            [
              94.5163035,
              26.8016262
            ],
            [
              94.5166469,
              26.8010325
            ],
            [
              94.5171726,
              26.8008218
            ],
            [
              94.5178378,
              26.8007644
            ],
            [
              94.5184278,
              26.8009942
            ],
            [
              94.5187282,
              26.8013198
            ],
            [
              94.5188355,
              26.8020476
            ],
            [
              94.5188784,
              26.8024977
            ],
            [
              94.5188784,
              26.8030722
            ],
            [
              94.5190179,
              26.8036085
            ],
            [
              94.519211,
              26.8038288
            ],
            [
              94.5196617,
              26.8036372
            ],
            [
              94.5201552,
              26.8032542
            ],
            [
              94.5208311,
              26.8029094
            ],
            [
              94.5226765,
              26.8023061
            ],
            [
              94.5239746,
              26.8018465
            ],
            [
              94.5247042,
              26.8013964
            ],
            [
              94.5252728,
              26.8009176
            ],
            [
              94.5256376,
              26.8004771
            ],
            [
              94.5258093,
              26.7999312
            ],
            [
              94.5258093,
              26.7992417
            ],
            [
              94.5257556,
              26.7986671
            ],
            [
              94.5253909,
              26.7982745
            ],
            [
              94.5246398,
              26.7980255
            ],
            [
              94.5235884,
              26.7978531
            ],
            [
              94.5221722,
              26.7976424
            ],
            [
              94.5214856,
              26.797585
            ],
            [
              94.518342,
              26.7970583
            ],
            [
              94.5172477,
              26.796656
            ],
            [
              94.5166576,
              26.7963975
            ],
            [
              94.5160675,
              26.7960527
            ],
            [
              94.5156813,
              26.795775
            ],
            [
              94.5152736,
              26.7953536
            ],
            [
              94.5150697,
              26.7948556
            ],
            [
              94.5151234,
              26.7945204
            ],
            [
              94.5156276,
              26.794597
            ],
            [
              94.516207,
              26.7948843
            ],
            [
              94.5166683,
              26.7950855
            ],
            [
              94.517355,
              26.7953249
            ],
            [
              94.5181489,
              26.7952961
            ],
            [
              94.5187497,
              26.7949993
            ],
            [
              94.5188784,
              26.794597
            ],
            [
              94.5188141,
              26.7939267
            ],
            [
              94.5186102,
              26.7935148
            ],
            [
              94.5181596,
              26.7924422
            ],
            [
              94.5180845,
              26.7917335
            ],
            [
              94.5180416,
              26.7911397
            ],
            [
              94.5182454,
              26.7906034
            ],
            [
              94.5186424,
              26.7901533
            ],
            [
              94.5193505,
              26.7900288
            ],
            [
              94.5203912,
              26.7900384
            ],
            [
              94.5210564,
              26.7903065
            ],
            [
              94.5217645,
              26.7905555
            ],
            [
              94.5225477,
              26.7905651
            ],
            [
              94.5230091,
              26.7905268
            ],
            [
              94.5235133,
              26.7902874
            ],
            [
              94.523803,
              26.7897893
            ],
            [
              94.5236528,
              26.7891285
            ],
            [
              94.5234489,
              26.7887071
            ],
            [
              94.52317,
              26.7881133
            ],
            [
              94.5226228,
              26.7861308
            ],
            [
              94.5224941,
              26.7854699
            ],
            [
              94.522258,
              26.7849719
            ],
            [
              94.5218933,
              26.7845122
            ],
            [
              94.5213139,
              26.7841578
            ],
            [
              94.5208311,
              26.7840716
            ],
            [
              94.5201766,
              26.7841099
            ],
            [
              94.5186317,
              26.7843493
            ],
            [
              94.5176339,
              26.7841865
            ],
            [
              94.5169365,
              26.7838896
            ],
            [
              94.5163894,
              26.783631
            ],
            [
              94.5161211,
              26.7830372
            ],
            [
              94.5159495,
              26.78252
            ],
            [
              94.5161533,
              26.7818591
            ],
            [
              94.5165717,
              26.7809779
            ],
            [
              94.5170224,
              26.7798286
            ],
            [
              94.5168507,
              26.7788899
            ],
            [
              94.5165825,
              26.7785355
            ],
            [
              94.5160782,
              26.7781524
            ],
            [
              94.515456,
              26.777865
            ],
            [
              94.5148659,
              26.777616
            ],
            [
              94.5142329,
              26.7774436
            ],
            [
              94.5122909,
              26.7764857
            ],
            [
              94.511733,
              26.7759302
            ],
            [
              94.5113468,
              26.7753746
            ],
            [
              94.5112824,
              26.7745413
            ],
            [
              94.5112073,
              26.7738804
            ],
            [
              94.5111859,
              26.7732865
            ],
            [
              94.511379,
              26.7721083
            ],
            [
              94.5116043,
              26.7716198
            ],
            [
              94.5120764,
              26.7711313
            ],
            [
              94.5128596,
              26.7707577
            ],
            [
              94.5135033,
              26.7705853
            ],
            [
              94.5144582,
              26.7704129
            ],
            [
              94.5156062,
              26.7703267
            ],
            [
              94.5171082,
              26.7701734
            ],
            [
              94.5213675,
              26.7705566
            ],
            [
              94.522419,
              26.7705374
            ],
            [
              94.5232343,
              26.7700202
            ],
            [
              94.5233845,
              26.7692155
            ],
            [
              94.5228696,
              26.7688515
            ],
            [
              94.5222258,
              26.7687366
            ],
            [
              94.5210242,
              26.768545
            ],
            [
              94.5197153,
              26.7682385
            ],
            [
              94.5184064,
              26.7678553
            ],
            [
              94.5170975,
              26.7672997
            ],
            [
              94.516325,
              26.7668974
            ],
            [
              94.515574,
              26.7656329
            ],
            [
              94.5154667,
              26.7647708
            ],
            [
              94.515531,
              26.764196
            ],
            [
              94.5156598,
              26.763717
            ],
            [
              94.5162821,
              26.7633913
            ],
            [
              94.5166898,
              26.7633147
            ],
            [
              94.5176339,
              26.7634297
            ],
            [
              94.5181703,
              26.7638512
            ],
            [
              94.5187926,
              26.7646175
            ],
            [
              94.5190716,
              26.765154
            ],
            [
              94.5200157,
              26.7659778
            ],
            [
              94.5209813,
              26.766131
            ],
            [
              94.5221185,
              26.7659969
            ],
            [
              94.5238137,
              26.7656521
            ],
            [
              94.5248866,
              26.765403
            ],
            [
              94.5255947,
              26.7650007
            ],
            [
              94.5261955,
              26.7644834
            ],
            [
              94.5264959,
              26.7637937
            ],
            [
              94.5265388,
              26.7631423
            ],
            [
              94.5262599,
              26.7622418
            ],
            [
              94.5260882,
              26.7607474
            ],
            [
              94.526217,
              26.7593679
            ],
            [
              94.5294356,
              26.7568388
            ],
            [
              94.5307231,
              26.7558041
            ],
            [
              94.5315599,
              26.7547886
            ],
            [
              94.5328474,
              26.7539456
            ],
            [
              94.5335555,
              26.753639
            ],
            [
              94.534564,
              26.7535432
            ],
            [
              94.5351863,
              26.7536965
            ],
            [
              94.5357871,
              26.7545204
            ],
            [
              94.5356583,
              26.7549611
            ],
            [
              94.5352721,
              26.7558999
            ],
            [
              94.5348215,
              26.7569921
            ],
            [
              94.5346713,
              26.7579117
            ],
            [
              94.5348429,
              26.7588122
            ],
            [
              94.5351863,
              26.7596744
            ],
            [
              94.5359158,
              26.7607282
            ],
            [
              94.5367741,
              26.760939
            ],
            [
              94.5374179,
              26.7604791
            ],
            [
              94.537847,
              26.7596553
            ],
            [
              94.5381903,
              26.758544
            ],
            [
              94.5383405,
              26.7577201
            ],
            [
              94.5387697,
              26.7570112
            ],
            [
              94.5397138,
              26.7564364
            ],
            [
              94.5413875,
              26.7562831
            ],
            [
              94.5429539,
              26.7560724
            ],
            [
              94.5442629,
              26.7555359
            ],
            [
              94.546237,
              26.7542521
            ],
            [
              94.5466018,
              26.7535432
            ],
            [
              94.5468592,
              26.752681
            ],
            [
              94.5469665,
              26.7519337
            ],
            [
              94.546709,
              26.7510906
            ],
            [
              94.5466661,
              26.7504966
            ],
            [
              94.5466661,
              26.7497302
            ],
            [
              94.5468592,
              26.7490595
            ],
            [
              94.5473528,
              26.7483505
            ],
            [
              94.5485329,
              26.7484847
            ],
            [
              94.5500564,
              26.7494236
            ],
            [
              94.5509362,
              26.7502667
            ],
            [
              94.5521164,
              26.7511481
            ],
            [
              94.5528888,
              26.7520295
            ],
            [
              94.5534467,
              26.7529875
            ],
            [
              94.5541978,
              26.754003
            ],
            [
              94.5546484,
              26.7548078
            ],
            [
              94.5548844,
              26.7554976
            ],
            [
              94.5552277,
              26.7563406
            ],
            [
              94.5562148,
              26.7562256
            ],
            [
              94.5570087,
              26.75567
            ],
            [
              94.5579529,
              26.7547695
            ],
            [
              94.5584249,
              26.7543863
            ],
            [
              94.5600128,
              26.7533707
            ],
            [
              94.5609569,
              26.7525852
            ],
            [
              94.5613861,
              26.7518954
            ],
            [
              94.5617938,
              26.7512247
            ],
            [
              94.5620513,
              26.7505158
            ],
            [
              94.562695,
              26.7500559
            ],
            [
              94.563446,
              26.7501134
            ],
            [
              94.5645189,
              26.7504774
            ],
            [
              94.5657849,
              26.7508032
            ],
            [
              94.5664716,
              26.7509565
            ],
            [
              94.5680165,
              26.7513397
            ],
            [
              94.5689606,
              26.7515696
            ],
            [
              94.5700335,
              26.7517996
            ],
            [
              94.5706773,
              26.7519912
            ],
            [
              94.5716214,
              26.7521828
            ],
            [
              94.5722651,
              26.7520486
            ],
            [
              94.5726299,
              26.7513589
            ],
            [
              94.5724368,
              26.7504774
            ],
            [
              94.5721578,
              26.749711
            ],
            [
              94.5712781,
              26.7478907
            ],
            [
              94.5707416,
              26.7468368
            ],
            [
              94.5702481,
              26.7456487
            ],
            [
              94.5701837,
              26.7442499
            ],
            [
              94.5703554,
              26.7436175
            ],
            [
              94.571042,
              26.7425828
            ],
            [
              94.5722651,
              26.7417971
            ],
            [
              94.5731878,
              26.7410689
            ],
            [
              94.5743465,
              26.7405132
            ],
            [
              94.5752477,
              26.7400725
            ],
            [
              94.5759129,
              26.7399383
            ],
            [
              94.5769,
              26.7396509
            ],
            [
              94.5775652,
              26.7392868
            ],
            [
              94.578917,
              26.7385969
            ],
            [
              94.5796251,
              26.738252
            ],
            [
              94.5803332,
              26.7377537
            ],
            [
              94.5803118,
              26.7369872
            ],
            [
              94.5800757,
              26.736259
            ],
            [
              94.5797324,
              26.7355499
            ],
            [
              94.5794964,
              26.7349942
            ],
            [
              94.5794534,
              26.7345534
            ],
            [
              94.5799041,
              26.7341126
            ],
            [
              94.5808053,
              26.7341893
            ],
            [
              94.5818567,
              26.73486
            ],
            [
              94.5821571,
              26.7348983
            ],
            [
              94.5826292,
              26.7347834
            ],
            [
              94.5838523,
              26.7338252
            ],
            [
              94.5840025,
              26.7330011
            ],
            [
              94.584217,
              26.7322346
            ],
            [
              94.5828008,
              26.7321196
            ],
            [
              94.5804405,
              26.731813
            ],
            [
              94.5788955,
              26.7310464
            ],
            [
              94.5797967,
              26.7300115
            ],
            [
              94.5807838,
              26.7292066
            ],
            [
              94.5824575,
              26.7275967
            ],
            [
              94.5838308,
              26.7263702
            ],
            [
              94.5844745,
              26.7253736
            ],
            [
              94.5863199,
              26.7248753
            ],
            [
              94.5886802,
              26.7249903
            ],
            [
              94.5900321,
              26.7249328
            ],
            [
              94.5925208,
              26.7255597
            ],
            [
              94.5946884,
              26.7258335
            ],
            [
              94.5953965,
              26.7270026
            ],
            [
              94.5945382,
              26.7292832
            ],
            [
              94.5932078,
              26.7316213
            ],
            [
              94.5956754,
              26.7340743
            ],
            [
              94.5977998,
              26.7351283
            ],
            [
              94.6033358,
              26.7351283
            ],
            [
              94.6059537,
              26.7343618
            ],
            [
              94.6066832,
              26.7367955
            ],
            [
              94.607563,
              26.7380028
            ],
            [
              94.6096229,
              26.7379645
            ],
            [
              94.6104317,
              26.7363549
            ],
            [
              94.6092582,
              26.7331544
            ],
            [
              94.6085715,
              26.7308643
            ],
            [
              94.608711,
              26.7291874
            ],
            [
              94.6120047,
              26.7284495
            ],
            [
              94.6160495,
              26.7270792
            ],
            [
              94.6202445,
              26.7237061
            ],
            [
              94.6209633,
              26.7225658
            ],
            [
              94.6203947,
              26.7192788
            ],
            [
              94.6196437,
              26.7143529
            ],
            [
              94.6200943,
              26.7125512
            ],
            [
              94.6222293,
              26.7129058
            ],
            [
              94.6236777,
              26.7148129
            ],
            [
              94.6247547,
              26.715924
            ],
            [
              94.6297931,
              26.7161929
            ],
            [
              94.6324539,
              26.7176688
            ],
            [
              94.6365094,
              26.7178796
            ],
            [
              94.6409511,
              26.7204671
            ],
            [
              94.6441483,
              26.7215021
            ],
            [
              94.6537828,
              26.7200455
            ],
            [
              94.658082,
              26.7215809
            ],
            [
              94.6672913,
              26.7248699
            ],
            [
              94.6814528,
              26.7291473
            ],
            [
              94.689909,
              26.7317525
            ],
            [
              94.6918067,
              26.7323371
            ],
            [
              94.7099161,
              26.7482164
            ],
            [
              94.7377765,
              26.7654615
            ],
            [
              94.7395062,
              26.7703458
            ],
            [
              94.7413301,
              26.7725107
            ],
            [
              94.7401178,
              26.7749149
            ],
            [
              94.7402036,
              26.7759973
            ],
            [
              94.740901,
              26.7759015
            ],
            [
              94.7424137,
              26.7751639
            ],
            [
              94.744367,
              26.7740914
            ],
            [
              94.7462118,
              26.7740432
            ],
            [
              94.7473061,
              26.7737654
            ],
            [
              94.7488457,
              26.773526
            ],
            [
              94.7512865,
              26.7720317
            ],
            [
              94.7530246,
              26.7677978
            ],
            [
              94.7573485,
              26.76762
            ],
            [
              94.7589711,
              26.7675533
            ],
            [
              94.7595477,
              26.7675296
            ],
            [
              94.7603284,
              26.7714574
            ],
            [
              94.7617578,
              26.7762655
            ],
            [
              94.767766,
              26.7780662
            ],
            [
              94.7680664,
              26.7861116
            ],
            [
              94.7695684,
              26.7886784
            ],
            [
              94.7731186,
              26.7911394
            ],
            [
              94.7768211,
              26.7912068
            ],
            [
              94.7871208,
              26.7954207
            ],
            [
              94.7881642,
              26.7963168
            ],
            [
              94.7943306,
              26.8000941
            ],
            [
              94.797678,
              26.8001611
            ],
            [
              94.8005533,
              26.8006878
            ],
            [
              94.802227,
              26.8011762
            ],
            [
              94.8032892,
              26.8016262
            ],
            [
              94.8039651,
              26.8022966
            ],
            [
              94.8046625,
              26.8033691
            ],
            [
              94.804877,
              26.8046714
            ],
            [
              94.8044908,
              26.8061557
            ],
            [
              94.8037827,
              26.8075634
            ],
            [
              94.8030639,
              26.8086358
            ],
            [
              94.8015296,
              26.8095838
            ],
            [
              94.7999525,
              26.810302
            ],
            [
              94.7983432,
              26.810867
            ],
            [
              94.7967017,
              26.8117671
            ],
            [
              94.7955429,
              26.8124852
            ],
            [
              94.7948027,
              26.8138449
            ],
            [
              94.7946203,
              26.8151758
            ],
            [
              94.7951782,
              26.8166121
            ],
            [
              94.7964549,
              26.8171579
            ],
            [
              94.7970021,
              26.8172919
            ],
            [
              94.7988474,
              26.8172824
            ],
            [
              94.8001027,
              26.8167366
            ],
            [
              94.8006499,
              26.8161717
            ],
            [
              94.8013902,
              26.8155014
            ],
            [
              94.8022592,
              26.8147833
            ],
            [
              94.8029458,
              26.8143045
            ],
            [
              94.8036861,
              26.81418
            ],
            [
              94.8050487,
              26.8145439
            ],
            [
              94.806186,
              26.8154057
            ],
            [
              94.8067653,
              26.8160568
            ],
            [
              94.8071194,
              26.8171579
            ],
            [
              94.8071086,
              26.817943
            ],
            [
              94.8069584,
              26.8186228
            ],
            [
              94.8138177,
              26.8194872
            ],
            [
              94.8143291,
              26.8195516
            ],
            [
              94.8131942,
              26.8313784
            ],
            [
              94.8129987,
              26.833415
            ],
            [
              94.814372,
              26.8362105
            ],
            [
              94.8154878,
              26.8372827
            ],
            [
              94.8193502,
              26.8376656
            ],
            [
              94.8201012,
              26.8390058
            ],
            [
              94.8211741,
              26.8417054
            ],
            [
              94.8211741,
              26.8429499
            ],
            [
              94.8206591,
              26.8438114
            ],
            [
              94.8195004,
              26.8448836
            ],
            [
              94.8179769,
              26.847047
            ],
            [
              94.8175478,
              26.8477936
            ],
            [
              94.8188138,
              26.8488083
            ],
            [
              94.8198867,
              26.8496123
            ],
            [
              94.8205519,
              26.8503207
            ],
            [
              94.820981,
              26.8513736
            ],
            [
              94.822998,
              26.8532689
            ],
            [
              94.8250794,
              26.8546855
            ],
            [
              94.8263669,
              26.8551641
            ],
            [
              94.8275685,
              26.8551832
            ],
            [
              94.8282122,
              26.8552407
            ],
            [
              94.8289633,
              26.8554704
            ],
            [
              94.8303795,
              26.8570593
            ],
            [
              94.8325252,
              26.8586099
            ],
            [
              94.8350787,
              26.8608496
            ],
            [
              94.835422,
              26.8635678
            ],
            [
              94.8349929,
              26.8675875
            ],
            [
              94.8372674,
              26.8692911
            ],
            [
              94.8392844,
              26.8696357
            ],
            [
              94.8395454,
              26.8695322
            ],
            [
              94.8417949,
              26.8686403
            ],
            [
              94.8428464,
              26.8681235
            ],
            [
              94.8451638,
              26.8699802
            ],
            [
              94.8467517,
              26.87199
            ],
            [
              94.8483395,
              26.8731575
            ],
            [
              94.8502278,
              26.874861
            ],
            [
              94.8507643,
              26.8760094
            ],
            [
              94.8505711,
              26.8780574
            ],
            [
              94.8509574,
              26.8815982
            ],
            [
              94.8530602,
              26.8837609
            ],
            [
              94.8542833,
              26.8858469
            ],
            [
              94.8545408,
              26.8863828
            ],
            [
              94.8565042,
              26.8872249
            ],
            [
              94.8577702,
              26.8881148
            ],
            [
              94.8579955,
              26.8893779
            ],
            [
              94.8582284,
              26.8914254
            ],
            [
              94.8582959,
              26.8920189
            ],
            [
              94.8585856,
              26.8928896
            ],
            [
              94.858937,
              26.89331
            ],
            [
              94.8593652,
              26.8938224
            ],
            [
              94.8594653,
              26.8939421
            ],
            [
              94.8612678,
              26.8961811
            ],
            [
              94.862287,
              26.8977886
            ],
            [
              94.8624694,
              26.8984775
            ],
            [
              94.8621797,
              26.900592
            ],
            [
              94.8629522,
              26.9007356
            ],
            [
              94.8635208,
              26.9009748
            ],
            [
              94.863714,
              26.9018263
            ],
            [
              94.8641646,
              26.9028787
            ],
            [
              94.8650551,
              26.904333
            ],
            [
              94.8655379,
              26.9052228
            ],
            [
              94.8655486,
              26.9078634
            ],
            [
              94.8658812,
              26.9088297
            ],
            [
              94.8667395,
              26.9098342
            ],
            [
              94.8697758,
              26.9124747
            ],
            [
              94.8720288,
              26.9145603
            ],
            [
              94.87293,
              26.9154978
            ],
            [
              94.8734021,
              26.916531
            ],
            [
              94.8737347,
              26.9177938
            ],
            [
              94.8751724,
              26.918607
            ],
            [
              94.8762989,
              26.9192096
            ],
            [
              94.8785305,
              26.9203863
            ],
            [
              94.8790562,
              26.9212759
            ],
            [
              94.8803437,
              26.9225578
            ],
            [
              94.8814595,
              26.9231126
            ],
            [
              94.8847854,
              26.9252171
            ],
            [
              94.8865342,
              26.9266902
            ],
            [
              94.8888945,
              26.9283451
            ],
            [
              94.890461,
              26.929493
            ],
            [
              94.893744,
              26.929933
            ],
            [
              94.8967373,
              26.9307747
            ],
            [
              94.8984218,
              26.9315113
            ],
            [
              94.9000633,
              26.9327547
            ],
            [
              94.9015975,
              26.9341608
            ],
            [
              94.9034858,
              26.9348782
            ],
            [
              94.9064577,
              26.9356147
            ],
            [
              94.9101162,
              26.9362651
            ],
            [
              94.9125194,
              26.936399
            ],
            [
              94.9146759,
              26.9366668
            ],
            [
              94.9150836,
              26.9376616
            ],
            [
              94.9159956,
              26.9396319
            ],
            [
              94.9172616,
              26.9416691
            ],
            [
              94.9188924,
              26.9433142
            ],
            [
              94.9217355,
              26.945447
            ],
            [
              94.9235541,
              26.9477065
            ],
            [
              94.9230122,
              26.9495212
            ],
            [
              94.9229479,
              26.9511088
            ],
            [
              94.9241066,
              26.9521991
            ],
            [
              94.9246216,
              26.9510514
            ],
            [
              94.9261665,
              26.9509175
            ],
            [
              94.9271965,
              26.9506306
            ],
            [
              94.9271643,
              26.9523377
            ],
            [
              94.9270543,
              26.9525816
            ],
            [
              94.9271241,
              26.9529593
            ],
            [
              94.9272609,
              26.9530454
            ],
            [
              94.9275425,
              26.9530956
            ],
            [
              94.9280092,
              26.9530621
            ],
            [
              94.9286073,
              26.9531913
            ],
            [
              94.9288622,
              26.9536503
            ],
            [
              94.9290124,
              26.9544727
            ],
            [
              94.929361,
              26.9548027
            ],
            [
              94.92964,
              26.9549246
            ],
            [
              94.9297526,
              26.9549533
            ],
            [
              94.9300906,
              26.9549151
            ],
            [
              94.9304152,
              26.9548744
            ],
            [
              94.9307907,
              26.9549724
            ],
            [
              94.9311072,
              26.9553741
            ],
            [
              94.9312413,
              26.9560148
            ],
            [
              94.9311501,
              26.9562061
            ],
            [
              94.9310535,
              26.9562898
            ],
            [
              94.9308819,
              26.9563806
            ],
            [
              94.93067,
              26.9563782
            ],
            [
              94.9303213,
              26.9563065
            ],
            [
              94.9301416,
              26.95623
            ],
            [
              94.9299109,
              26.956187
            ],
            [
              94.9296105,
              26.9562491
            ],
            [
              94.9293637,
              26.956395
            ],
            [
              94.9290499,
              26.9566293
            ],
            [
              94.9287334,
              26.9574421
            ],
            [
              94.9287361,
              26.9578079
            ],
            [
              94.928787,
              26.958004
            ],
            [
              94.9288541,
              26.9581689
            ],
            [
              94.9290982,
              26.958255
            ],
            [
              94.9293154,
              26.958341
            ],
            [
              94.9296132,
              26.9583004
            ],
            [
              94.9298626,
              26.958188
            ],
            [
              94.9300745,
              26.95798
            ],
            [
              94.9304071,
              26.9577099
            ],
            [
              94.9310374,
              26.9575043
            ],
            [
              94.9316302,
              26.9573537
            ],
            [
              94.9319467,
              26.9572724
            ],
            [
              94.9322283,
              26.957227
            ],
            [
              94.9323678,
              26.957313
            ],
            [
              94.9324456,
              26.9574875
            ],
            [
              94.9323919,
              26.9576908
            ],
            [
              94.9322873,
              26.9579681
            ],
            [
              94.9321371,
              26.9583745
            ],
            [
              94.9321505,
              26.9588407
            ],
            [
              94.9324161,
              26.9594432
            ],
            [
              94.9326172,
              26.9600863
            ],
            [
              94.9326843,
              26.9603062
            ],
            [
              94.9328265,
              26.9604736
            ],
            [
              94.9330357,
              26.9605357
            ],
            [
              94.9333012,
              26.9604473
            ],
            [
              94.933489,
              26.9601843
            ],
            [
              94.9335775,
              26.9598066
            ],
            [
              94.9337304,
              26.959271
            ],
            [
              94.9339959,
              26.9588288
            ],
            [
              94.9343044,
              26.9586662
            ],
            [
              94.9346557,
              26.9585825
            ],
            [
              94.9351117,
              26.9586279
            ],
            [
              94.9355784,
              26.9587905
            ],
            [
              94.9358681,
              26.9588359
            ],
            [
              94.9362624,
              26.9588049
            ],
            [
              94.9369678,
              26.9587427
            ],
            [
              94.9374506,
              26.9587116
            ],
            [
              94.9382284,
              26.9588646
            ],
            [
              94.9385972,
              26.9589734
            ],
            [
              94.9388789,
              26.9593009
            ],
            [
              94.9389379,
              26.9596046
            ],
            [
              94.9389821,
              26.9599488
            ],
            [
              94.9389271,
              26.9602178
            ],
            [
              94.9387689,
              26.9606744
            ],
            [
              94.9387233,
              26.9609792
            ],
            [
              94.9387823,
              26.96129
            ],
            [
              94.9388614,
              26.9617777
            ],
            [
              94.9388587,
              26.9622008
            ],
            [
              94.9387287,
              26.9625499
            ],
            [
              94.9386267,
              26.962936
            ],
            [
              94.9386442,
              26.9630878
            ],
            [
              94.9387836,
              26.9631989
            ],
            [
              94.9390237,
              26.9631989
            ],
            [
              94.9393456,
              26.9631308
            ],
            [
              94.94,
              26.9629945
            ],
            [
              94.9407202,
              26.9629862
            ],
            [
              94.9409247,
              26.9630185
            ],
            [
              94.9410045,
              26.9630406
            ],
            [
              94.9411762,
              26.963291
            ],
            [
              94.9411882,
              26.963505
            ],
            [
              94.9411386,
              26.9637894
            ],
            [
              94.9410568,
              26.9641875
            ],
            [
              94.941093,
              26.9643775
            ],
            [
              94.9412392,
              26.9646082
            ],
            [
              94.9415262,
              26.96476
            ],
            [
              94.9420103,
              26.9649501
            ],
            [
              94.9421485,
              26.965072
            ],
            [
              94.9421793,
              26.9652035
            ],
            [
              94.9421485,
              26.9653804
            ],
            [
              94.9420573,
              26.9655418
            ],
            [
              94.9418709,
              26.9657282
            ],
            [
              94.9416549,
              26.9658227
            ],
            [
              94.9413961,
              26.9659195
            ],
            [
              94.9411681,
              26.9659243
            ],
            [
              94.9408489,
              26.9658609
            ],
            [
              94.9404547,
              26.9655692
            ],
            [
              94.9397103,
              26.9647923
            ],
            [
              94.9390934,
              26.9643871
            ],
            [
              94.9389191,
              26.9643512
            ],
            [
              94.9387568,
              26.9643441
            ],
            [
              94.9386495,
              26.9643548
            ],
            [
              94.9384122,
              26.9644971
            ],
            [
              94.938321,
              26.9647158
            ],
            [
              94.9383022,
              26.9649214
            ],
            [
              94.9386965,
              26.9662506
            ],
            [
              94.938738,
              26.966602
            ],
            [
              94.9388722,
              26.966945
            ],
            [
              94.9390183,
              26.9672439
            ],
            [
              94.9391927,
              26.9674267
            ],
            [
              94.939658,
              26.9676837
            ],
            [
              94.9406639,
              26.9678845
            ],
            [
              94.9409884,
              26.9680184
            ],
            [
              94.9411735,
              26.9681594
            ],
            [
              94.9412727,
              26.9683698
            ],
            [
              94.941152,
              26.968573
            ],
            [
              94.9409133,
              26.9687475
            ],
            [
              94.9403715,
              26.9691013
            ],
            [
              94.9402884,
              26.9693427
            ],
            [
              94.9403688,
              26.9695196
            ],
            [
              94.9404788,
              26.9696535
            ],
            [
              94.940975,
              26.969828
            ],
            [
              94.9416268,
              26.9700838
            ],
            [
              94.942174,
              26.9703539
            ],
            [
              94.9426219,
              26.9707029
            ],
            [
              94.9426004,
              26.97093
            ],
            [
              94.9424851,
              26.9711643
            ],
            [
              94.9420238,
              26.9714798
            ],
            [
              94.9417073,
              26.9719245
            ],
            [
              94.9415141,
              26.9720822
            ],
            [
              94.9413237,
              26.9721731
            ],
            [
              94.9410984,
              26.9720942
            ],
            [
              94.9409911,
              26.9719603
            ],
            [
              94.9410287,
              26.9717548
            ],
            [
              94.9410367,
              26.971389
            ],
            [
              94.9410126,
              26.9712241
            ],
            [
              94.9409187,
              26.9710209
            ],
            [
              94.9406558,
              26.9708081
            ],
            [
              94.9401328,
              26.9707149
            ],
            [
              94.9398994,
              26.9706719
            ],
            [
              94.9396017,
              26.970581
            ],
            [
              94.939371,
              26.9705308
            ],
            [
              94.939076,
              26.9705069
            ],
            [
              94.9388105,
              26.9705356
            ],
            [
              94.9386495,
              26.9706814
            ],
            [
              94.9385771,
              26.9709396
            ],
            [
              94.9386254,
              26.9712647
            ],
            [
              94.9387997,
              26.9718097
            ],
            [
              94.9389634,
              26.972252
            ],
            [
              94.938899,
              26.9727444
            ],
            [
              94.9387756,
              26.9730647
            ],
            [
              94.9383545,
              26.9735715
            ],
            [
              94.938089,
              26.9737771
            ],
            [
              94.9374747,
              26.9740233
            ],
            [
              94.9370697,
              26.9743436
            ],
            [
              94.9368337,
              26.9744368
            ],
            [
              94.936595,
              26.9744918
            ],
            [
              94.9362838,
              26.9745014
            ],
            [
              94.9358493,
              26.9743938
            ],
            [
              94.9355945,
              26.9743364
            ],
            [
              94.9353772,
              26.9743699
            ],
            [
              94.9352485,
              26.9744273
            ],
            [
              94.935168,
              26.974542
            ],
            [
              94.9350929,
              26.9747332
            ],
            [
              94.9350822,
              26.9750512
            ],
            [
              94.9348301,
              26.9757061
            ],
            [
              94.9341434,
              26.9771905
            ],
            [
              94.9341112,
              26.9774128
            ],
            [
              94.9341488,
              26.977573
            ],
            [
              94.9342293,
              26.9776949
            ],
            [
              94.9344036,
              26.977769
            ],
            [
              94.9347442,
              26.9778049
            ],
            [
              94.9350125,
              26.9777236
            ],
            [
              94.9353531,
              26.9775491
            ],
            [
              94.9355945,
              26.9773363
            ],
            [
              94.9360129,
              26.9768678
            ],
            [
              94.9363777,
              26.9765547
            ],
            [
              94.9367022,
              26.9763874
            ],
            [
              94.9369705,
              26.9763635
            ],
            [
              94.9372709,
              26.9764137
            ],
            [
              94.9379387,
              26.976483
            ],
            [
              94.9384537,
              26.9765212
            ],
            [
              94.9387193,
              26.9766455
            ],
            [
              94.9388185,
              26.9768583
            ],
            [
              94.9390009,
              26.9773483
            ],
            [
              94.9392074,
              26.9777547
            ],
            [
              94.9392316,
              26.97802
            ],
            [
              94.9392047,
              26.9782256
            ],
            [
              94.9391055,
              26.978314
            ],
            [
              94.9389553,
              26.9783283
            ],
            [
              94.9387702,
              26.9782686
            ],
            [
              94.938502,
              26.9781969
            ],
            [
              94.9381131,
              26.9781347
            ],
            [
              94.937759,
              26.9780845
            ],
            [
              94.937405,
              26.9781371
            ],
            [
              94.9371153,
              26.9783164
            ],
            [
              94.9370643,
              26.9785769
            ],
            [
              94.9370697,
              26.9787395
            ],
            [
              94.9371609,
              26.978902
            ],
            [
              94.9376464,
              26.9792821
            ],
            [
              94.9381614,
              26.9796215
            ],
            [
              94.9390545,
              26.9802478
            ],
            [
              94.9394193,
              26.9803386
            ],
            [
              94.9398646,
              26.9804103
            ],
            [
              94.9401087,
              26.9804987
            ],
            [
              94.9402562,
              26.9807569
            ],
            [
              94.9401918,
              26.9809218
            ],
            [
              94.9399504,
              26.9810533
            ],
            [
              94.9396098,
              26.9810294
            ],
            [
              94.9392343,
              26.9810103
            ],
            [
              94.9390089,
              26.980984
            ],
            [
              94.9388587,
              26.9810891
            ],
            [
              94.938722,
              26.9813282
            ],
            [
              94.9386656,
              26.9818803
            ],
            [
              94.9385557,
              26.982203
            ],
            [
              94.9382794,
              26.9823942
            ],
            [
              94.9380434,
              26.9824898
            ],
            [
              94.9376491,
              26.9825687
            ],
            [
              94.9372521,
              26.9827217
            ],
            [
              94.9365064,
              26.9829607
            ],
            [
              94.9359861,
              26.9831017
            ],
            [
              94.9355918,
              26.9833312
            ],
            [
              94.9356455,
              26.9835463
            ],
            [
              94.9360585,
              26.98412
            ],
            [
              94.9366003,
              26.9848753
            ],
            [
              94.9370724,
              26.9856258
            ],
            [
              94.9373004,
              26.9860512
            ],
            [
              94.9374184,
              26.9865747
            ],
            [
              94.9375471,
              26.9871818
            ],
            [
              94.9373808,
              26.9882167
            ],
            [
              94.9376008,
              26.98907
            ],
            [
              94.9377805,
              26.9897774
            ],
            [
              94.9376491,
              26.9901766
            ],
            [
              94.9372011,
              26.9904992
            ],
            [
              94.937008,
              26.990516
            ],
            [
              94.9365413,
              26.990504
            ],
            [
              94.9363831,
              26.990504
            ],
            [
              94.9361819,
              26.9905924
            ],
            [
              94.9361363,
              26.9908075
            ],
            [
              94.9362221,
              26.990939
            ],
            [
              94.9365011,
              26.9910203
            ],
            [
              94.9367827,
              26.9910704
            ],
            [
              94.9370295,
              26.991166
            ],
            [
              94.9372494,
              26.9914122
            ],
            [
              94.9374318,
              26.9919524
            ],
            [
              94.9374238,
              26.9923539
            ],
            [
              94.9373245,
              26.9927244
            ],
            [
              94.9371985,
              26.992949
            ],
            [
              94.9370214,
              26.9930303
            ],
            [
              94.9368069,
              26.9930351
            ],
            [
              94.9365091,
              26.9929251
            ],
            [
              94.9362543,
              26.9926813
            ],
            [
              94.9358198,
              26.9921245
            ],
            [
              94.9357152,
              26.9919476
            ],
            [
              94.935329,
              26.9916966
            ],
            [
              94.934991,
              26.9916369
            ],
            [
              94.9345618,
              26.9916249
            ],
            [
              94.9339423,
              26.9917636
            ],
            [
              94.9333817,
              26.9917062
            ],
            [
              94.9330652,
              26.9916584
            ],
            [
              94.932687,
              26.9916919
            ],
            [
              94.9324509,
              26.9918639
            ],
            [
              94.9319708,
              26.99233
            ],
            [
              94.9317214,
              26.9926168
            ],
            [
              94.9315953,
              26.9927148
            ],
            [
              94.9313888,
              26.9927817
            ],
            [
              94.931201,
              26.9927913
            ],
            [
              94.9309489,
              26.9926766
            ],
            [
              94.9305332,
              26.9922177
            ],
            [
              94.9303374,
              26.9920312
            ],
            [
              94.930155,
              26.9919237
            ],
            [
              94.9299189,
              26.991993
            ],
            [
              94.9297768,
              26.9921484
            ],
            [
              94.92953,
              26.992753
            ],
            [
              94.9294549,
              26.9931522
            ],
            [
              94.9291787,
              26.9932884
            ],
            [
              94.929007,
              26.9933481
            ],
            [
              94.9288112,
              26.9933912
            ],
            [
              94.9285001,
              26.9934031
            ],
            [
              94.9280012,
              26.9934581
            ],
            [
              94.9277732,
              26.9935943
            ],
            [
              94.9275881,
              26.9939122
            ],
            [
              94.9275479,
              26.9940359
            ],
            [
              94.9274701,
              26.9943424
            ],
            [
              94.9097728,
              26.9889361
            ],
            [
              94.901855,
              26.9803697
            ],
            [
              94.908185,
              26.9722998
            ],
            [
              94.8908901,
              26.9597923
            ],
            [
              94.8889793,
              26.958836
            ],
            [
              94.8783588,
              26.9534997
            ],
            [
              94.8622012,
              26.945294
            ],
            [
              94.8585534,
              26.9420421
            ],
            [
              94.8532748,
              26.9376998
            ],
            [
              94.8523092,
              26.9343904
            ],
            [
              94.8507213,
              26.9313295
            ],
            [
              94.8418027,
              26.9296969
            ],
            [
              94.8394346,
              26.9292634
            ],
            [
              94.8167047,
              26.925989
            ],
            [
              94.8057031,
              26.9244041
            ],
            [
              94.7805494,
              26.9245762
            ],
            [
              94.7733545,
              26.9246142
            ],
            [
              94.765992,
              26.9245893
            ],
            [
              94.7634798,
              26.9243849
            ],
            [
              94.7621709,
              26.9241218
            ],
            [
              94.7561413,
              26.9227826
            ],
            [
              94.7544569,
              26.9226678
            ],
            [
              94.7529066,
              26.9231318
            ],
            [
              94.7508466,
              26.9237918
            ],
            [
              94.7507843,
              26.9238195
            ],
            [
              94.7506821,
              26.9238552
            ],
            [
              94.7506667,
              26.9238639
            ],
            [
              94.7506131,
              26.9238823
            ],
            [
              94.7469628,
              26.925265
            ],
            [
              94.7434331,
              26.9267663
            ],
            [
              94.7431648,
              26.9268816
            ],
            [
              94.739871,
              26.9290912
            ],
            [
              94.7355902,
              26.9317599
            ],
            [
              94.7345924,
              26.9326782
            ],
            [
              94.7350645,
              26.9337878
            ],
            [
              94.7370064,
              26.9370398
            ],
            [
              94.7410297,
              26.9437541
            ],
            [
              94.744066,
              26.9458104
            ],
            [
              94.7445562,
              26.9460946
            ],
            [
              94.7446399,
              26.9461432
            ],
            [
              94.750911,
              26.9497795
            ],
            [
              94.7518659,
              26.9507358
            ],
            [
              94.7532284,
              26.9528685
            ],
            [
              94.7539043,
              26.9537292
            ],
            [
              94.7549772,
              26.95634
            ],
            [
              94.7566295,
              26.9607103
            ],
            [
              94.7571552,
              26.9612936
            ],
            [
              94.7573483,
              26.9620682
            ],
            [
              94.757638,
              26.9626706
            ],
            [
              94.7618085,
              26.9648012
            ],
            [
              94.7655075,
              26.9676262
            ],
            [
              94.767504,
              26.9694109
            ],
            [
              94.7685492,
              26.9714105
            ],
            [
              94.7710812,
              26.97535
            ],
            [
              94.7726262,
              26.9775969
            ],
            [
              94.7764563,
              26.9827886
            ],
            [
              94.7772932,
              26.9838785
            ],
            [
              94.7775078,
              26.9846721
            ],
            [
              94.7790098,
              26.9847677
            ],
            [
              94.7814131,
              26.9857238
            ],
            [
              94.7822081,
              26.9868972
            ],
            [
              94.7827863,
              26.9877506
            ],
            [
              94.7834945,
              26.9908673
            ],
            [
              94.7829902,
              26.992483
            ],
            [
              94.7827434,
              26.9947296
            ],
            [
              94.7832262,
              26.9965459
            ],
            [
              94.7837627,
              26.9975975
            ],
            [
              94.7850394,
              26.9990506
            ],
            [
              94.7863698,
              27.0000352
            ],
            [
              94.7878504,
              27.0006279
            ],
            [
              94.7892237,
              27.0010485
            ],
            [
              94.7907257,
              27.0010867
            ],
            [
              94.7917771,
              27.0009433
            ],
            [
              94.7928178,
              27.0002359
            ],
            [
              94.7932041,
              26.9990123
            ],
            [
              94.7932899,
              26.9973968
            ],
            [
              94.7930002,
              26.9961635
            ],
            [
              94.7924423,
              26.9948921
            ],
            [
              94.7911012,
              26.9940317
            ],
            [
              94.7883546,
              26.9926933
            ],
            [
              94.7871101,
              26.9918807
            ],
            [
              94.7869813,
              26.9910489
            ],
            [
              94.787035,
              26.9901216
            ],
            [
              94.7878396,
              26.9898157
            ],
            [
              94.7889233,
              26.9901312
            ],
            [
              94.7902322,
              26.9914314
            ],
            [
              94.7916698,
              26.9922822
            ],
            [
              94.7930217,
              26.9928367
            ],
            [
              94.7951674,
              26.9932191
            ],
            [
              94.7971844,
              26.9936206
            ],
            [
              94.7995448,
              26.9932956
            ],
            [
              94.8007679,
              26.9929705
            ],
            [
              94.8036861,
              26.9918807
            ],
            [
              94.8058533,
              26.9914409
            ],
            [
              94.8084712,
              26.9913262
            ],
            [
              94.8090291,
              26.9918616
            ],
            [
              94.8089647,
              26.9925308
            ],
            [
              94.8083639,
              26.9926646
            ],
            [
              94.8066687,
              26.9925308
            ],
            [
              94.8048019,
              26.9925881
            ],
            [
              94.8029351,
              26.9931617
            ],
            [
              94.8016476,
              26.9940413
            ],
            [
              94.8005318,
              26.9958003
            ],
            [
              94.8001456,
              26.9977696
            ],
            [
              94.8003173,
              26.9994521
            ],
            [
              94.8012185,
              27.0001404
            ],
            [
              94.8020553,
              27.0001212
            ],
            [
              94.8031282,
              26.9995859
            ],
            [
              94.8044157,
              26.9982476
            ],
            [
              94.8062396,
              26.9966607
            ],
            [
              94.8080635,
              26.9956473
            ],
            [
              94.8103595,
              26.995829
            ],
            [
              94.8109603,
              26.9964025
            ],
            [
              94.8110998,
              26.9976453
            ],
            [
              94.8100591,
              27.0002359
            ],
            [
              94.8100269,
              27.002425
            ],
            [
              94.8102522,
              27.0041552
            ],
            [
              94.8108959,
              27.0057612
            ],
            [
              94.811883,
              27.0077016
            ],
            [
              94.8123014,
              27.0087053
            ],
            [
              94.8130846,
              27.0091545
            ],
            [
              94.8137069,
              27.009059
            ],
            [
              94.8140931,
              27.0085428
            ],
            [
              94.8140609,
              27.0076538
            ],
            [
              94.8136103,
              27.0064781
            ],
            [
              94.812988,
              27.0048053
            ],
            [
              94.8125374,
              27.0029412
            ],
            [
              94.8124409,
              27.000886
            ],
            [
              94.8130953,
              26.99993
            ],
            [
              94.8141789,
              26.9991653
            ],
            [
              94.8154449,
              26.9987829
            ],
            [
              94.8169255,
              26.9990553
            ],
            [
              94.8180145,
              26.9996863
            ],
            [
              94.8181808,
              27.0004558
            ],
            [
              94.817816,
              27.0014022
            ],
            [
              94.8175585,
              27.0027309
            ],
            [
              94.8171079,
              27.0049009
            ],
            [
              94.8171937,
              27.0063156
            ],
            [
              94.8177302,
              27.0076156
            ],
            [
              94.8186314,
              27.0088965
            ],
            [
              94.8199189,
              27.0103972
            ],
            [
              94.8205197,
              27.0125765
            ],
            [
              94.8210776,
              27.0143257
            ],
            [
              94.8219788,
              27.0158168
            ],
            [
              94.8228264,
              27.016352
            ],
            [
              94.8238671,
              27.0167248
            ],
            [
              94.8250794,
              27.0167248
            ],
            [
              94.8262918,
              27.0161704
            ],
            [
              94.8271179,
              27.0155587
            ],
            [
              94.82921,
              27.0141058
            ],
            [
              94.8303902,
              27.0138286
            ],
            [
              94.8310876,
              27.0144404
            ],
            [
              94.8256802,
              27.0209016
            ],
            [
              94.8265011,
              27.0226002
            ],
            [
              94.8272087,
              27.0240778
            ],
            [
              94.8272896,
              27.0242467
            ],
            [
              94.8275461,
              27.0257114
            ],
            [
              94.827574,
              27.025871
            ],
            [
              94.8278045,
              27.0271139
            ],
            [
              94.8277402,
              27.0303442
            ],
            [
              94.8270964,
              27.0369382
            ],
            [
              94.8270535,
              27.0414487
            ],
            [
              94.8251009,
              27.0460737
            ],
            [
              94.8238992,
              27.0503163
            ],
            [
              94.8238563,
              27.052705
            ],
            [
              94.8247576,
              27.0573104
            ],
            [
              94.8250365,
              27.0609985
            ],
            [
              94.8255515,
              27.0617246
            ],
            [
              94.8258519,
              27.0629093
            ],
            [
              94.8258499,
              27.0632651
            ],
            [
              94.8258519,
              27.0634061
            ],
            [
              94.8298645,
              27.0704186
            ],
            [
              94.8320532,
              27.0739151
            ],
            [
              94.8332119,
              27.0777363
            ],
            [
              94.8332763,
              27.0837735
            ],
            [
              94.833641,
              27.0858941
            ],
            [
              94.8352933,
              27.0871932
            ],
            [
              94.8366236,
              27.0893711
            ],
            [
              94.8369455,
              27.0903071
            ],
            [
              94.8375034,
              27.0906223
            ],
            [
              94.837777,
              27.0910713
            ],
            [
              94.8353898,
              27.0923798
            ],
            [
              94.8341882,
              27.0929147
            ],
            [
              94.8335552,
              27.0933063
            ],
            [
              94.8311305,
              27.093803
            ],
            [
              94.8301434,
              27.0931344
            ],
            [
              94.8289418,
              27.0935547
            ],
            [
              94.8285341,
              27.0946244
            ],
            [
              94.8279118,
              27.0958279
            ],
            [
              94.8270964,
              27.0972033
            ],
            [
              94.8259806,
              27.0979674
            ],
            [
              94.824264,
              27.0985787
            ],
            [
              94.8226976,
              27.0983685
            ],
            [
              94.8205304,
              27.098464
            ],
            [
              94.8185134,
              27.098827
            ],
            [
              94.8169684,
              27.0992281
            ],
            [
              94.8152733,
              27.099018
            ],
            [
              94.8149085,
              27.0985023
            ],
            [
              94.8134923,
              27.0978719
            ],
            [
              94.813149,
              27.0993809
            ],
            [
              94.8125267,
              27.1001259
            ],
            [
              94.8117757,
              27.1003169
            ],
            [
              94.8115611,
              27.0993236
            ],
            [
              94.8110032,
              27.0979865
            ],
            [
              94.8091578,
              27.0974134
            ],
            [
              94.8088574,
              27.0992854
            ],
            [
              94.8092222,
              27.1007372
            ],
            [
              94.8098659,
              27.1030676
            ],
            [
              94.8105526,
              27.1042137
            ],
            [
              94.8114323,
              27.1055316
            ],
            [
              94.8123121,
              27.1066586
            ],
            [
              94.8132992,
              27.1080529
            ],
            [
              94.8159385,
              27.1104405
            ],
            [
              94.816432,
              27.1116438
            ],
            [
              94.8170328,
              27.1122168
            ],
            [
              94.8178911,
              27.1132481
            ],
            [
              94.8179126,
              27.1141458
            ],
            [
              94.8173332,
              27.1148716
            ],
            [
              94.8162818,
              27.1151772
            ],
            [
              94.8150801,
              27.1151772
            ],
            [
              94.8144579,
              27.1154255
            ],
            [
              94.8136425,
              27.1158266
            ],
            [
              94.8126125,
              27.116686
            ],
            [
              94.8110032,
              27.1169534
            ],
            [
              94.8091149,
              27.1167433
            ],
            [
              94.8054886,
              27.1165523
            ],
            [
              94.8032999,
              27.1164377
            ],
            [
              94.8017335,
              27.1165141
            ],
            [
              94.8011756,
              27.1170489
            ],
            [
              94.8013901,
              27.1178511
            ],
            [
              94.8010897,
              27.1185386
            ],
            [
              94.7995019,
              27.1189397
            ],
            [
              94.7983432,
              27.1193599
            ],
            [
              94.7969484,
              27.1194744
            ],
            [
              94.7940516,
              27.1187105
            ],
            [
              94.7933221,
              27.1187105
            ],
            [
              94.7916484,
              27.118997
            ],
            [
              94.7904253,
              27.1192835
            ],
            [
              94.7887945,
              27.1198182
            ],
            [
              94.7886228,
              27.1210787
            ],
            [
              94.7886228,
              27.1223965
            ],
            [
              94.7880649,
              27.124058
            ],
            [
              94.7869921,
              27.1246691
            ],
            [
              94.7855329,
              27.124841
            ],
            [
              94.7842455,
              27.1239052
            ],
            [
              94.7814774,
              27.1246882
            ],
            [
              94.7784519,
              27.1255667
            ],
            [
              94.7732162,
              27.1270945
            ],
            [
              94.7683453,
              27.1283358
            ],
            [
              94.7661996,
              27.1289278
            ],
            [
              94.7648263,
              27.1293671
            ],
            [
              94.7626376,
              27.1296344
            ],
            [
              94.7612858,
              27.1299591
            ],
            [
              94.761672,
              27.1310094
            ],
            [
              94.7625303,
              27.1322698
            ],
            [
              94.7630453,
              27.1343322
            ],
            [
              94.7622728,
              27.1352679
            ],
            [
              94.7612428,
              27.1362035
            ],
            [
              94.7595691,
              27.1367382
            ],
            [
              94.7574234,
              27.1374066
            ],
            [
              94.7567153,
              27.1385332
            ],
            [
              94.7554707,
              27.1397362
            ],
            [
              94.7548699,
              27.1409774
            ],
            [
              94.7546339,
              27.1420849
            ],
            [
              94.7549343,
              27.1428678
            ],
            [
              94.7561574,
              27.1435742
            ],
            [
              94.7565222,
              27.1446626
            ],
            [
              94.7568869,
              27.1455219
            ],
            [
              94.7573161,
              27.1469348
            ],
            [
              94.7573805,
              27.147794
            ],
            [
              94.7571444,
              27.1490351
            ],
            [
              94.7564792,
              27.1508299
            ],
            [
              94.7571873,
              27.1514218
            ],
            [
              94.7580886,
              27.15167
            ],
            [
              94.7589469,
              27.15167
            ],
            [
              94.7594189,
              27.1515554
            ],
            [
              94.7604489,
              27.1517846
            ],
            [
              94.7605562,
              27.1527201
            ],
            [
              94.7605991,
              27.1540757
            ],
            [
              94.7610283,
              27.1554886
            ],
            [
              94.7617578,
              27.1565386
            ],
            [
              94.7632599,
              27.1566532
            ],
            [
              94.7642469,
              27.1570541
            ],
            [
              94.7654271,
              27.1576651
            ],
            [
              94.7666073,
              27.1583142
            ],
            [
              94.7675299,
              27.1591161
            ],
            [
              94.7679806,
              27.1599561
            ],
            [
              94.7680235,
              27.1609298
            ],
            [
              94.7687316,
              27.1618271
            ],
            [
              94.7698688,
              27.1648053
            ],
            [
              94.7706198,
              27.1652825
            ],
            [
              94.7718,
              27.1659507
            ],
            [
              94.7728729,
              27.1669816
            ],
            [
              94.7729802,
              27.1688715
            ],
            [
              94.7737956,
              27.1702269
            ],
            [
              94.7764939,
              27.1713389
            ],
            [
              94.7767782,
              27.1712721
            ],
            [
              94.7771966,
              27.1711337
            ],
            [
              94.7775346,
              27.1711575
            ],
            [
              94.7778243,
              27.1712912
            ],
            [
              94.7780818,
              27.1715441
            ],
            [
              94.7780603,
              27.1719164
            ],
            [
              94.7778833,
              27.1722075
            ],
            [
              94.7767514,
              27.1726943
            ],
            [
              94.7761452,
              27.1727324
            ],
            [
              94.7754532,
              27.1728804
            ],
            [
              94.7748953,
              27.1731238
            ],
            [
              94.7747773,
              27.173539
            ],
            [
              94.7748041,
              27.1741594
            ],
            [
              94.7747236,
              27.1746557
            ],
            [
              94.7744876,
              27.1750709
            ],
            [
              94.7741389,
              27.1753954
            ],
            [
              94.773758,
              27.1753381
            ],
            [
              94.7733664,
              27.175109
            ],
            [
              94.7731733,
              27.1748561
            ],
            [
              94.7729641,
              27.174355
            ],
            [
              94.7726798,
              27.1740257
            ],
            [
              94.7723365,
              27.1738587
            ],
            [
              94.7720843,
              27.1739542
            ],
            [
              94.7718751,
              27.1741212
            ],
            [
              94.771682,
              27.1743884
            ],
            [
              94.7717678,
              27.174985
            ],
            [
              94.7718644,
              27.1755338
            ],
            [
              94.7722614,
              27.1766266
            ],
            [
              94.7725296,
              27.1771706
            ],
            [
              94.7728729,
              27.1775333
            ],
            [
              94.7732109,
              27.1777051
            ],
            [
              94.7735381,
              27.1779103
            ],
            [
              94.7735006,
              27.1783875
            ],
            [
              94.7733074,
              27.1785641
            ],
            [
              94.7728032,
              27.1788695
            ],
            [
              94.7725671,
              27.179132
            ],
            [
              94.7725671,
              27.1794231
            ],
            [
              94.7726047,
              27.179719
            ],
            [
              94.7728193,
              27.1800482
            ],
            [
              94.7730124,
              27.1802868
            ],
            [
              94.7732323,
              27.1805922
            ],
            [
              94.7734308,
              27.180869
            ],
            [
              94.7734147,
              27.1813081
            ],
            [
              94.7731465,
              27.1817805
            ],
            [
              94.7724169,
              27.1819714
            ],
            [
              94.7721112,
              27.181895
            ],
            [
              94.7716927,
              27.1816087
            ],
            [
              94.7713655,
              27.1813749
            ],
            [
              94.7710437,
              27.1811267
            ],
            [
              94.770695,
              27.1809263
            ],
            [
              94.7702604,
              27.180807
            ],
            [
              94.7697133,
              27.1808595
            ],
            [
              94.7694933,
              27.1810885
            ],
            [
              94.7692519,
              27.1815419
            ],
            [
              94.7692412,
              27.1818282
            ],
            [
              94.7694343,
              27.182062
            ],
            [
              94.7698581,
              27.1821909
            ],
            [
              94.7702497,
              27.1822195
            ],
            [
              94.7710061,
              27.1823817
            ],
            [
              94.7711778,
              27.1827253
            ],
            [
              94.771108,
              27.1831214
            ],
            [
              94.7706842,
              27.1837322
            ],
            [
              94.7704321,
              27.1840137
            ],
            [
              94.7701049,
              27.1842046
            ],
            [
              94.7695309,
              27.1842189
            ],
            [
              94.7690588,
              27.184176
            ],
            [
              94.7685063,
              27.1841712
            ],
            [
              94.7680074,
              27.1844241
            ],
            [
              94.7678357,
              27.1847295
            ],
            [
              94.7677553,
              27.1851924
            ],
            [
              94.7679162,
              27.1855407
            ],
            [
              94.7682756,
              27.185827
            ],
            [
              94.7686726,
              27.1859893
            ],
            [
              94.76915,
              27.1860847
            ],
            [
              94.7695684,
              27.1859702
            ],
            [
              94.7698528,
              27.1856123
            ],
            [
              94.7704375,
              27.1849156
            ],
            [
              94.770754,
              27.1848345
            ],
            [
              94.7712099,
              27.1848918
            ],
            [
              94.7714782,
              27.1850874
            ],
            [
              94.771623,
              27.1855741
            ],
            [
              94.7717357,
              27.186142
            ],
            [
              94.7719395,
              27.1867862
            ],
            [
              94.7722024,
              27.1871441
            ],
            [
              94.7724599,
              27.1870868
            ],
            [
              94.7727978,
              27.1865428
            ],
            [
              94.7729641,
              27.186309
            ],
            [
              94.7732216,
              27.1859368
            ],
            [
              94.7735274,
              27.1854644
            ],
            [
              94.773742,
              27.1850826
            ],
            [
              94.7740638,
              27.1847152
            ],
            [
              94.7743535,
              27.184782
            ],
            [
              94.7744554,
              27.1851828
            ],
            [
              94.774434,
              27.1854835
            ],
            [
              94.7738975,
              27.1861754
            ],
            [
              94.7735918,
              27.1866764
            ],
            [
              94.7732109,
              27.1874972
            ],
            [
              94.773522,
              27.1879887
            ],
            [
              94.7744179,
              27.1883418
            ],
            [
              94.7747344,
              27.1884181
            ],
            [
              94.7754639,
              27.1885183
            ],
            [
              94.7759896,
              27.1883465
            ],
            [
              94.7762579,
              27.1879266
            ],
            [
              94.7762471,
              27.1872299
            ],
            [
              94.7762847,
              27.1867528
            ],
            [
              94.776451,
              27.1864235
            ],
            [
              94.7769499,
              27.186476
            ],
            [
              94.7771108,
              27.1867909
            ],
            [
              94.7775829,
              27.1880793
            ],
            [
              94.7781622,
              27.1887808
            ],
            [
              94.778527,
              27.1895347
            ],
            [
              94.7790205,
              27.1899784
            ],
            [
              94.7792244,
              27.1904556
            ],
            [
              94.7790313,
              27.1907658
            ],
            [
              94.7788221,
              27.1910139
            ],
            [
              94.7785056,
              27.1914529
            ],
            [
              94.7778189,
              27.1925789
            ],
            [
              94.776864,
              27.1928891
            ],
            [
              94.7761667,
              27.1929654
            ],
            [
              94.7756195,
              27.1929607
            ],
            [
              94.7750348,
              27.1929368
            ],
            [
              94.7745413,
              27.1929702
            ],
            [
              94.7742408,
              27.1932517
            ],
            [
              94.7742891,
              27.1935237
            ],
            [
              94.7745413,
              27.1938863
            ],
            [
              94.7752118,
              27.1945639
            ],
            [
              94.7755229,
              27.1948215
            ],
            [
              94.7757965,
              27.1951842
            ],
            [
              94.7761828,
              27.1956184
            ],
            [
              94.7766656,
              27.1958474
            ],
            [
              94.7772825,
              27.1959046
            ],
            [
              94.7775078,
              27.1956613
            ],
            [
              94.7773039,
              27.1952128
            ],
            [
              94.7760808,
              27.1944637
            ],
            [
              94.7761559,
              27.1941869
            ],
            [
              94.7770679,
              27.193037
            ],
            [
              94.7774112,
              27.1932947
            ],
            [
              94.7778833,
              27.1934569
            ],
            [
              94.7783768,
              27.1935333
            ],
            [
              94.778924,
              27.1935905
            ],
            [
              94.7794497,
              27.1936764
            ],
            [
              94.7795999,
              27.1939436
            ],
            [
              94.7795355,
              27.1942681
            ],
            [
              94.77916,
              27.1947452
            ],
            [
              94.7787845,
              27.1951365
            ],
            [
              94.778409,
              27.1954323
            ],
            [
              94.7783768,
              27.1957854
            ],
            [
              94.7786343,
              27.1960144
            ],
            [
              94.7790742,
              27.1959762
            ],
            [
              94.7796857,
              27.1959762
            ],
            [
              94.7798252,
              27.1966347
            ],
            [
              94.7796106,
              27.1971309
            ],
            [
              94.7796428,
              27.1974649
            ],
            [
              94.7799218,
              27.1979611
            ],
            [
              94.7801363,
              27.1982951
            ],
            [
              94.780426,
              27.1988295
            ],
            [
              94.7806299,
              27.1993829
            ],
            [
              94.780705,
              27.1999268
            ],
            [
              94.7805869,
              27.2002513
            ],
            [
              94.7803187,
              27.2002417
            ],
            [
              94.7801256,
              27.1997742
            ],
            [
              94.7799325,
              27.1992398
            ],
            [
              94.7796106,
              27.1987436
            ],
            [
              94.7791493,
              27.1981138
            ],
            [
              94.7786879,
              27.1982092
            ],
            [
              94.7786879,
              27.1985909
            ],
            [
              94.7787094,
              27.1990299
            ],
            [
              94.7782695,
              27.2001177
            ],
            [
              94.7780871,
              27.2004326
            ],
            [
              94.7771323,
              27.2005376
            ],
            [
              94.7763383,
              27.2004994
            ],
            [
              94.7758233,
              27.2002513
            ],
            [
              94.7753084,
              27.2003181
            ],
            [
              94.7752225,
              27.2004612
            ],
            [
              94.7754264,
              27.2009097
            ],
            [
              94.7768511,
              27.2015496
            ],
            [
              94.7768377,
              27.2026957
            ],
            [
              94.7766095,
              27.2040208
            ],
            [
              94.7764082,
              27.2077932
            ],
            [
              94.7763679,
              27.2101091
            ],
            [
              94.7763142,
              27.2109089
            ],
            [
              94.7758847,
              27.2125204
            ],
            [
              94.7752001,
              27.2138096
            ],
            [
              94.7748108,
              27.2146691
            ],
            [
              94.7743545,
              27.2157434
            ],
            [
              94.7740055,
              27.21677
            ],
            [
              94.7736936,
              27.2170611
            ],
            [
              94.7732162,
              27.2175053
            ],
            [
              94.7711196,
              27.217152
            ],
            [
              94.7702739,
              27.2172236
            ],
            [
              94.7692135,
              27.2176294
            ],
            [
              94.7681128,
              27.2187515
            ],
            [
              94.7677101,
              27.2199212
            ],
            [
              94.7674954,
              27.2211865
            ],
            [
              94.7680726,
              27.2235976
            ],
            [
              94.7690122,
              27.2258773
            ],
            [
              94.7718712,
              27.2293028
            ],
            [
              94.7734283,
              27.2305083
            ],
            [
              94.7743276,
              27.2318212
            ],
            [
              94.7750525,
              27.2337785
            ],
            [
              94.7751867,
              27.2356523
            ],
            [
              94.774529,
              27.2370009
            ],
            [
              94.7738578,
              27.2379915
            ],
            [
              94.7731464,
              27.2389701
            ],
            [
              94.7725558,
              27.2403425
            ],
            [
              94.7721397,
              27.24224
            ],
            [
              94.7714283,
              27.2430157
            ],
            [
              94.7681665,
              27.2444717
            ],
            [
              94.7644752,
              27.2459634
            ],
            [
              94.7607571,
              27.2459395
            ],
            [
              94.7574417,
              27.2458679
            ],
            [
              94.7550658,
              27.2455099
            ],
            [
              94.7516161,
              27.2447939
            ],
            [
              94.7487034,
              27.2444239
            ],
            [
              94.7463409,
              27.244949
            ],
            [
              94.7433611,
              27.2462856
            ],
            [
              94.7422335,
              27.2473119
            ],
            [
              94.7412805,
              27.249257
            ],
            [
              94.7410523,
              27.2497343
            ],
            [
              94.7409852,
              27.2511424
            ],
            [
              94.7410389,
              27.2524789
            ],
            [
              94.7417235,
              27.254782
            ],
            [
              94.7423946,
              27.2578725
            ],
            [
              94.742757,
              27.2596026
            ],
            [
              94.7431329,
              27.2609271
            ],
            [
              94.744945,
              27.262705
            ],
            [
              94.7486094,
              27.2659862
            ],
            [
              94.7492537,
              27.2669287
            ],
            [
              94.7498309,
              27.2677759
            ],
            [
              94.7501262,
              27.26879
            ],
            [
              94.7500457,
              27.2698161
            ],
            [
              94.7496564,
              27.2707586
            ],
            [
              94.7488107,
              27.2717847
            ],
            [
              94.747549,
              27.2728107
            ],
            [
              94.7459785,
              27.273288
            ],
            [
              94.7443678,
              27.273801
            ],
            [
              94.7432,
              27.2742901
            ],
            [
              94.7398695,
              27.2750826
            ],
            [
              94.7357671,
              27.2754671
            ],
            [
              94.7264487,
              27.272151
            ],
            [
              94.7238161,
              27.2693463
            ],
            [
              94.722051,
              27.2674659
            ],
            [
              94.7190225,
              27.2645504
            ],
            [
              94.7168585,
              27.2613241
            ],
            [
              94.7174338,
              27.2578539
            ],
            [
              94.7211026,
              27.2507733
            ],
            [
              94.7221735,
              27.2482094
            ],
            [
              94.7222124,
              27.2467989
            ],
            [
              94.7213432,
              27.2458879
            ],
            [
              94.7187726,
              27.2454594
            ],
            [
              94.7168358,
              27.2460784
            ],
            [
              94.7135493,
              27.2468984
            ],
            [
              94.7104539,
              27.2490145
            ],
            [
              94.7078767,
              27.2589782
            ],
            [
              94.7074905,
              27.2604722
            ],
            [
              94.7027108,
              27.2694401
            ],
            [
              94.6986541,
              27.2715163
            ],
            [
              94.692934,
              27.2716193
            ],
            [
              94.6926658,
              27.270955
            ],
            [
              94.6823739,
              27.2454571
            ],
            [
              94.6779644,
              27.2429201
            ],
            [
              94.6549046,
              27.246862
            ],
            [
              94.6425115,
              27.2471576
            ],
            [
              94.6378344,
              27.2361905
            ],
            [
              94.6276235,
              27.2172058
            ],
            [
              94.6209113,
              27.1950423
            ],
            [
              94.6154131,
              27.1851975
            ],
            [
              94.6176844,
              27.1782621
            ],
            [
              94.5928686,
              27.1459019
            ],
            [
              94.5904183,
              27.1432878
            ],
            [
              94.5890879,
              27.1423331
            ],
            [
              94.5834534,
              27.1374315
            ],
            [
              94.5771909,
              27.1212974
            ],
            [
              94.5635699,
              27.1054511
            ],
            [
              94.554219,
              27.098079
            ],
            [
              94.5507431,
              27.092676
            ],
            [
              94.5485544,
              27.0833915
            ],
            [
              94.5455241,
              27.0784803
            ],
            [
              94.542439,
              27.0748895
            ],
            [
              94.540143,
              27.0729789
            ],
            [
              94.538641,
              27.0720809
            ],
            [
              94.5324411,
              27.0698025
            ],
            [
              94.5204877,
              27.0566799
            ],
            [
              94.5098431,
              27.0454754
            ],
            [
              94.5021629,
              27.0399771
            ],
            [
              94.4942236,
              27.0371867
            ],
            [
              94.4799604,
              27.0338791
            ],
            [
              94.4710922,
              27.0256421
            ],
            [
              94.4665861,
              27.0176137
            ],
            [
              94.4625306,
              27.0090685
            ],
            [
              94.4618655,
              27.0003778
            ],
            [
              94.4588183,
              26.9943664
            ],
            [
              94.4421672,
              26.9867946
            ],
            [
              94.4371032,
              26.9799873
            ],
            [
              94.4242286,
              26.9719556
            ],
            [
              94.4005703,
              26.9620713
            ],
            [
              94.3982728,
              26.9527311
            ]
          ]
        ]
      },
      "properties": {
        "district_id": "sivasagar",
        "district_name": "Sivasagar",
        "source": "ReliefOS PostGIS",
        "provenance": "REAL",
        "license": "ODbL 1.0"
      }
    },
    {
      "type": "Feature",
      "geometry": {
        "type": "Polygon",
        "coordinates": [
          [
            [
              93.9713001,
              26.7759973
            ],
            [
              93.971343,
              26.7736601
            ],
            [
              93.9714288,
              26.7709781
            ],
            [
              93.9722442,
              26.7688324
            ],
            [
              93.9731454,
              26.7676829
            ],
            [
              93.9739608,
              26.7673764
            ],
            [
              93.9759349,
              26.7673764
            ],
            [
              93.9774799,
              26.7674147
            ],
            [
              93.9815998,
              26.7676829
            ],
            [
              93.9856767,
              26.7676446
            ],
            [
              93.9879083,
              26.7680277
            ],
            [
              93.9936161,
              26.7682193
            ],
            [
              93.9974355,
              26.7668782
            ],
            [
              94.0006971,
              26.7619353
            ],
            [
              94.0012979,
              26.7595212
            ],
            [
              94.0021133,
              26.7574902
            ],
            [
              94.0021991,
              26.755306
            ],
            [
              94.0016412,
              26.7524702
            ],
            [
              94.0012121,
              26.7506691
            ],
            [
              94.0010404,
              26.7489829
            ],
            [
              94.0015554,
              26.74722
            ],
            [
              94.0030145,
              26.7457637
            ],
            [
              94.0045166,
              26.7451889
            ],
            [
              94.0067589,
              26.7449014
            ],
            [
              94.0072203,
              26.7450739
            ],
            [
              94.0081215,
              26.7454092
            ],
            [
              94.0098596,
              26.7461086
            ],
            [
              94.0120268,
              26.746923
            ],
            [
              94.0125525,
              26.7470763
            ],
            [
              94.0141189,
              26.7469517
            ],
            [
              94.0148592,
              26.746693
            ],
            [
              94.0152132,
              26.746626
            ],
            [
              94.0162218,
              26.7464727
            ],
            [
              94.0178418,
              26.7466068
            ],
            [
              94.0187216,
              26.7469517
            ],
            [
              94.0193438,
              26.7471433
            ],
            [
              94.0201378,
              26.74722
            ],
            [
              94.0210605,
              26.7471817
            ],
            [
              94.022584,
              26.746511
            ],
            [
              94.0227985,
              26.7462523
            ],
            [
              94.0228629,
              26.7457445
            ],
            [
              94.0230024,
              26.7451122
            ],
            [
              94.0232706,
              26.7448535
            ],
            [
              94.0234959,
              26.7445948
            ],
            [
              94.0240431,
              26.744269
            ],
            [
              94.0243006,
              26.7441637
            ],
            [
              94.024719,
              26.7440391
            ],
            [
              94.0253734,
              26.7436559
            ],
            [
              94.0253842,
              26.7430139
            ],
            [
              94.025116,
              26.7424582
            ],
            [
              94.0249014,
              26.7421612
            ],
            [
              94.0246224,
              26.7418546
            ],
            [
              94.0239358,
              26.7414522
            ],
            [
              94.0234208,
              26.7411839
            ],
            [
              94.0226805,
              26.7408869
            ],
            [
              94.021908,
              26.7407431
            ],
            [
              94.0212321,
              26.7404844
            ],
            [
              94.0204382,
              26.740082
            ],
            [
              94.0201807,
              26.7392293
            ],
            [
              94.0209424,
              26.7390376
            ],
            [
              94.0217686,
              26.7392772
            ],
            [
              94.0226161,
              26.7395742
            ],
            [
              94.0237105,
              26.7400437
            ],
            [
              94.024322,
              26.7401491
            ],
            [
              94.0250838,
              26.740015
            ],
            [
              94.0254807,
              26.7397467
            ],
            [
              94.0258777,
              26.7396029
            ],
            [
              94.0267467,
              26.7393059
            ],
            [
              94.0272403,
              26.739258
            ],
            [
              94.0281844,
              26.7392963
            ],
            [
              94.0289676,
              26.7395646
            ],
            [
              94.0294826,
              26.7401299
            ],
            [
              94.0294075,
              26.7412701
            ],
            [
              94.0293002,
              26.7416725
            ],
            [
              94.0292895,
              26.7421037
            ],
            [
              94.0296757,
              26.7423816
            ],
            [
              94.0300834,
              26.7423336
            ],
            [
              94.0307164,
              26.7419696
            ],
            [
              94.0311026,
              26.7416055
            ],
            [
              94.0318215,
              26.7411168
            ],
            [
              94.032197,
              26.740839
            ],
            [
              94.0328085,
              26.7404653
            ],
            [
              94.0330231,
              26.7399191
            ],
            [
              94.0330124,
              26.7393442
            ],
            [
              94.0329587,
              26.7389035
            ],
            [
              94.0328622,
              26.738319
            ],
            [
              94.0329158,
              26.737792
            ],
            [
              94.0330338,
              26.7375429
            ],
            [
              94.0333986,
              26.7372938
            ],
            [
              94.0339351,
              26.7371309
            ],
            [
              94.0343857,
              26.7371022
            ],
            [
              94.0349758,
              26.7371309
            ],
            [
              94.0354264,
              26.7372555
            ],
            [
              94.035877,
              26.7376579
            ],
            [
              94.035995,
              26.7379549
            ],
            [
              94.0358126,
              26.7382711
            ],
            [
              94.0354049,
              26.7385107
            ],
            [
              94.0352225,
              26.7386544
            ],
            [
              94.0350079,
              26.7388652
            ],
            [
              94.034965,
              26.7392389
            ],
            [
              94.0355444,
              26.7398904
            ],
            [
              94.0360701,
              26.7403407
            ],
            [
              94.0374863,
              26.7410306
            ],
            [
              94.0391815,
              26.7420749
            ],
            [
              94.0395033,
              26.7422091
            ],
            [
              94.0397394,
              26.7419887
            ],
            [
              94.039793,
              26.7414234
            ],
            [
              94.0398788,
              26.740609
            ],
            [
              94.0394604,
              26.7396796
            ],
            [
              94.038645,
              26.7392197
            ],
            [
              94.0382159,
              26.7390376
            ],
            [
              94.0378296,
              26.7387885
            ],
            [
              94.0376687,
              26.7383765
            ],
            [
              94.0376902,
              26.7379741
            ],
            [
              94.037894,
              26.7376962
            ],
            [
              94.0382159,
              26.7374758
            ],
            [
              94.0387738,
              26.7373992
            ],
            [
              94.0393317,
              26.7373129
            ],
            [
              94.0401363,
              26.7371501
            ],
            [
              94.0404582,
              26.7369105
            ],
            [
              94.0406084,
              26.736441
            ],
            [
              94.0407801,
              26.7359332
            ],
            [
              94.0415525,
              26.7357799
            ],
            [
              94.0417778,
              26.7358182
            ],
            [
              94.0423036,
              26.7358948
            ],
            [
              94.0432155,
              26.7360098
            ],
            [
              94.04387,
              26.7360865
            ],
            [
              94.0441275,
              26.7363069
            ],
            [
              94.0439236,
              26.736968
            ],
            [
              94.0436768,
              26.7372459
            ],
            [
              94.0433013,
              26.7376004
            ],
            [
              94.0429366,
              26.7379358
            ],
            [
              94.0434408,
              26.7384053
            ],
            [
              94.0441918,
              26.7385107
            ],
            [
              94.0451789,
              26.7385586
            ],
            [
              94.0462732,
              26.7384053
            ],
            [
              94.0469599,
              26.738204
            ],
            [
              94.047271,
              26.7378591
            ],
            [
              94.0472495,
              26.7373417
            ],
            [
              94.0459514,
              26.7358565
            ],
            [
              94.0452969,
              26.7354349
            ],
            [
              94.0447175,
              26.7351666
            ],
            [
              94.0445244,
              26.7347738
            ],
            [
              94.0445673,
              26.7340072
            ],
            [
              94.0445673,
              26.733509
            ],
            [
              94.0443849,
              26.7332502
            ],
            [
              94.0435696,
              26.7330969
            ],
            [
              94.0429902,
              26.732407
            ],
            [
              94.0429366,
              26.7318992
            ],
            [
              94.0427863,
              26.7315734
            ],
            [
              94.0424538,
              26.7313051
            ],
            [
              94.0416706,
              26.7308739
            ],
            [
              94.0412629,
              26.7305864
            ],
            [
              94.0411448,
              26.7301648
            ],
            [
              94.041456,
              26.7294078
            ],
            [
              94.0417242,
              26.728737
            ],
            [
              94.0421104,
              26.728325
            ],
            [
              94.0425181,
              26.7282291
            ],
            [
              94.0429151,
              26.7282962
            ],
            [
              94.0432584,
              26.7287466
            ],
            [
              94.0434301,
              26.7292449
            ],
            [
              94.0435159,
              26.7296665
            ],
            [
              94.044503,
              26.7297623
            ],
            [
              94.0460801,
              26.7296761
            ],
            [
              94.0465844,
              26.7294174
            ],
            [
              94.0467453,
              26.728967
            ],
            [
              94.04652,
              26.728392
            ],
            [
              94.0456509,
              26.7275392
            ],
            [
              94.0450823,
              26.727223
            ],
            [
              94.0442991,
              26.7268588
            ],
            [
              94.0437949,
              26.7267247
            ],
            [
              94.0437305,
              26.7263701
            ],
            [
              94.0438914,
              26.7261497
            ],
            [
              94.0445351,
              26.7260252
            ],
            [
              94.0455329,
              26.726006
            ],
            [
              94.0459943,
              26.7257952
            ],
            [
              94.0465522,
              26.7252298
            ],
            [
              94.0466165,
              26.7247123
            ],
            [
              94.0457904,
              26.7241374
            ],
            [
              94.0425396,
              26.7227287
            ],
            [
              94.0420997,
              26.722652
            ],
            [
              94.0413058,
              26.722652
            ],
            [
              94.0405118,
              26.722652
            ],
            [
              94.0398466,
              26.722652
            ],
            [
              94.0392351,
              26.7225753
            ],
            [
              94.038763,
              26.7222495
            ],
            [
              94.0382588,
              26.7215596
            ],
            [
              94.0380549,
              26.7210804
            ],
            [
              94.0382051,
              26.7208408
            ],
            [
              94.038645,
              26.7207258
            ],
            [
              94.0389347,
              26.7207929
            ],
            [
              94.0396106,
              26.7209654
            ],
            [
              94.0405226,
              26.7212241
            ],
            [
              94.0409624,
              26.7214733
            ],
            [
              94.0414989,
              26.7214925
            ],
            [
              94.0415954,
              26.7209942
            ],
            [
              94.0417564,
              26.7201892
            ],
            [
              94.0418851,
              26.7194034
            ],
            [
              94.0420461,
              26.71856
            ],
            [
              94.0421212,
              26.7174484
            ],
            [
              94.0426469,
              26.7165859
            ],
            [
              94.0425181,
              26.7162792
            ],
            [
              94.0422606,
              26.7160588
            ],
            [
              94.0419495,
              26.7158767
            ],
            [
              94.0413701,
              26.7156754
            ],
            [
              94.0410268,
              26.7152921
            ],
            [
              94.0413594,
              26.7146883
            ],
            [
              94.0420997,
              26.7144296
            ],
            [
              94.0429044,
              26.7143146
            ],
            [
              94.0439665,
              26.7141229
            ],
            [
              94.0446746,
              26.7136629
            ],
            [
              94.0445673,
              26.7131262
            ],
            [
              94.044224,
              26.712532
            ],
            [
              94.0434086,
              26.711909
            ],
            [
              94.0426683,
              26.7122636
            ],
            [
              94.0422392,
              26.7125512
            ],
            [
              94.0416276,
              26.7125128
            ],
            [
              94.0412414,
              26.7120145
            ],
            [
              94.0410268,
              26.7117461
            ],
            [
              94.0405333,
              26.7113915
            ],
            [
              94.039675,
              26.7111327
            ],
            [
              94.0392351,
              26.7111807
            ],
            [
              94.0385485,
              26.7114778
            ],
            [
              94.0380227,
              26.7113915
            ],
            [
              94.0372395,
              26.7111998
            ],
            [
              94.0364349,
              26.7107781
            ],
            [
              94.0361559,
              26.7096472
            ],
            [
              94.036349,
              26.709283
            ],
            [
              94.0365958,
              26.7088805
            ],
            [
              94.0369606,
              26.708708
            ],
            [
              94.0373468,
              26.7086601
            ],
            [
              94.0379262,
              26.7088518
            ],
            [
              94.0386343,
              26.7091105
            ],
            [
              94.0393853,
              26.7093118
            ],
            [
              94.0401363,
              26.7095131
            ],
            [
              94.0409088,
              26.7095131
            ],
            [
              94.0411019,
              26.7090147
            ],
            [
              94.0411663,
              26.7085451
            ],
            [
              94.041059,
              26.7080563
            ],
            [
              94.0410268,
              26.7074812
            ],
            [
              94.0411878,
              26.7070116
            ],
            [
              94.0413701,
              26.7066474
            ],
            [
              94.0421319,
              26.7060628
            ],
            [
              94.0423572,
              26.7057273
            ],
            [
              94.0423357,
              26.7055164
            ],
            [
              94.0421963,
              26.7052097
            ],
            [
              94.0419388,
              26.7050085
            ],
            [
              94.041574,
              26.7048743
            ],
            [
              94.040823,
              26.7047784
            ],
            [
              94.0402651,
              26.7044047
            ],
            [
              94.0405011,
              26.7038392
            ],
            [
              94.040662,
              26.7033216
            ],
            [
              94.0408337,
              26.7028615
            ],
            [
              94.0408552,
              26.7022961
            ],
            [
              94.0409088,
              26.7019798
            ],
            [
              94.0412414,
              26.7017976
            ],
            [
              94.0417564,
              26.7019031
            ],
            [
              94.0421855,
              26.7021619
            ],
            [
              94.0425932,
              26.702459
            ],
            [
              94.0432262,
              26.7024207
            ],
            [
              94.0433442,
              26.7019989
            ],
            [
              94.0432691,
              26.7016251
            ],
            [
              94.0428615,
              26.7010117
            ],
            [
              94.0435159,
              26.700427
            ],
            [
              94.0440202,
              26.7000149
            ],
            [
              94.0442133,
              26.6995356
            ],
            [
              94.0442669,
              26.6983184
            ],
            [
              94.0442991,
              26.6980021
            ],
            [
              94.0446532,
              26.6978008
            ],
            [
              94.044975,
              26.6976857
            ],
            [
              94.0452969,
              26.6974269
            ],
            [
              94.0451789,
              26.6969669
            ],
            [
              94.0449965,
              26.696593
            ],
            [
              94.0446317,
              26.6960179
            ],
            [
              94.0439665,
              26.6958646
            ],
            [
              94.0434515,
              26.6960371
            ],
            [
              94.0431189,
              26.6964013
            ],
            [
              94.0427756,
              26.6968614
            ],
            [
              94.0422928,
              26.6972448
            ],
            [
              94.0417886,
              26.697264
            ],
            [
              94.0413809,
              26.6969189
            ],
            [
              94.0414774,
              26.6965451
            ],
            [
              94.0418637,
              26.6959508
            ],
            [
              94.042561,
              26.6951265
            ],
            [
              94.0427971,
              26.6943214
            ],
            [
              94.0428829,
              26.6938613
            ],
            [
              94.0432906,
              26.6936696
            ],
            [
              94.0439772,
              26.6936312
            ],
            [
              94.0451789,
              26.6940146
            ],
            [
              94.0453505,
              26.6946089
            ],
            [
              94.0457153,
              26.6953566
            ],
            [
              94.046874,
              26.694954
            ],
            [
              94.047625,
              26.6935737
            ],
            [
              94.0473032,
              26.6929219
            ],
            [
              94.0467453,
              26.6922893
            ],
            [
              94.0456724,
              26.6913882
            ],
            [
              94.045093,
              26.691024
            ],
            [
              94.0444493,
              26.690468
            ],
            [
              94.0439129,
              26.6895478
            ],
            [
              94.0436768,
              26.6883591
            ],
            [
              94.0434408,
              26.6869788
            ],
            [
              94.0441918,
              26.6867295
            ],
            [
              94.0445995,
              26.6869213
            ],
            [
              94.0447712,
              26.6874964
            ],
            [
              94.0450072,
              26.6881099
            ],
            [
              94.0453505,
              26.6882249
            ],
            [
              94.0455866,
              26.6878415
            ],
            [
              94.0458226,
              26.6870746
            ],
            [
              94.0460586,
              26.6867487
            ],
            [
              94.046402,
              26.6865378
            ],
            [
              94.0472173,
              26.6866337
            ],
            [
              94.0475821,
              26.6873814
            ],
            [
              94.0482902,
              26.6876498
            ],
            [
              94.0490198,
              26.6878223
            ],
            [
              94.0494919,
              26.6868446
            ],
            [
              94.0490842,
              26.6860969
            ],
            [
              94.0487194,
              26.6856559
            ],
            [
              94.0483331,
              26.6850807
            ],
            [
              94.0483331,
              26.6845631
            ],
            [
              94.0489125,
              26.6839879
            ],
            [
              94.0495348,
              26.6836236
            ],
            [
              94.0500068,
              26.6828567
            ],
            [
              94.0499425,
              26.6823391
            ],
            [
              94.049406,
              26.6819748
            ],
            [
              94.0481829,
              26.6816872
            ],
            [
              94.0471744,
              26.6814571
            ],
            [
              94.0461015,
              26.6813805
            ],
            [
              94.0456509,
              26.6817639
            ],
            [
              94.0455651,
              26.6820898
            ],
            [
              94.045136,
              26.6828759
            ],
            [
              94.044621,
              26.6827417
            ],
            [
              94.0439558,
              26.6820707
            ],
            [
              94.0432262,
              26.6813038
            ],
            [
              94.0430546,
              26.6803643
            ],
            [
              94.0436125,
              26.6803451
            ],
            [
              94.0442776,
              26.6807094
            ],
            [
              94.045136,
              26.6810162
            ],
            [
              94.0459084,
              26.6808628
            ],
            [
              94.0455222,
              26.6802493
            ],
            [
              94.0450072,
              26.6798274
            ],
            [
              94.0450072,
              26.6791947
            ],
            [
              94.0451789,
              26.6782936
            ],
            [
              94.0454364,
              26.6777184
            ],
            [
              94.0459728,
              26.6770473
            ],
            [
              94.0464878,
              26.6764338
            ],
            [
              94.046874,
              26.6757243
            ],
            [
              94.0467882,
              26.6749574
            ],
            [
              94.0469813,
              26.6740946
            ],
            [
              94.0474748,
              26.6739028
            ],
            [
              94.0483546,
              26.6740562
            ],
            [
              94.0490627,
              26.6744589
            ],
            [
              94.0498566,
              26.6747656
            ],
            [
              94.0507579,
              26.6749766
            ],
            [
              94.0517664,
              26.675245
            ],
            [
              94.0518951,
              26.6758394
            ],
            [
              94.0511226,
              26.676568
            ],
            [
              94.0505862,
              26.6771048
            ],
            [
              94.0501141,
              26.6775267
            ],
            [
              94.0499639,
              26.6781402
            ],
            [
              94.0506506,
              26.6784278
            ],
            [
              94.0512514,
              26.6784661
            ],
            [
              94.051938,
              26.6784661
            ],
            [
              94.052732,
              26.6786579
            ],
            [
              94.0536976,
              26.6786579
            ],
            [
              94.0539765,
              26.6779101
            ],
            [
              94.0541053,
              26.6769131
            ],
            [
              94.0540409,
              26.6757819
            ],
            [
              94.0538049,
              26.6748807
            ],
            [
              94.0531611,
              26.6742863
            ],
            [
              94.0520882,
              26.6738836
            ],
            [
              94.0523028,
              26.67304
            ],
            [
              94.0525389,
              26.6725031
            ],
            [
              94.0536546,
              26.6717936
            ],
            [
              94.0541267,
              26.6715827
            ],
            [
              94.0548134,
              26.6714869
            ],
            [
              94.0554356,
              26.6715827
            ],
            [
              94.0561437,
              26.671832
            ],
            [
              94.0565729,
              26.6714485
            ],
            [
              94.0567231,
              26.6705665
            ],
            [
              94.0568518,
              26.6693776
            ],
            [
              94.0565944,
              26.6688024
            ],
            [
              94.0559077,
              26.6685723
            ],
            [
              94.0555644,
              26.6687257
            ],
            [
              94.0553927,
              26.6693009
            ],
            [
              94.0550065,
              26.6699337
            ],
            [
              94.0542125,
              26.6705857
            ],
            [
              94.0533757,
              26.6702405
            ],
            [
              94.0528607,
              26.6692818
            ],
            [
              94.0526891,
              26.6679587
            ],
            [
              94.0529465,
              26.6674601
            ],
            [
              94.0536761,
              26.6674026
            ],
            [
              94.0548777,
              26.6678628
            ],
            [
              94.0557146,
              26.6672109
            ],
            [
              94.055779,
              26.6666356
            ],
            [
              94.0555644,
              26.6660604
            ],
            [
              94.0552425,
              26.6654084
            ],
            [
              94.0558648,
              26.664488
            ],
            [
              94.0563154,
              26.6640661
            ],
            [
              94.0570664,
              26.6637209
            ],
            [
              94.0574956,
              26.6642962
            ],
            [
              94.0577101,
              26.6647948
            ],
            [
              94.0581608,
              26.6655618
            ],
            [
              94.0584826,
              26.6663096
            ],
            [
              94.0585899,
              26.6670958
            ],
            [
              94.0606713,
              26.6665973
            ],
            [
              94.0619588,
              26.666022
            ],
            [
              94.0623021,
              26.6656193
            ],
            [
              94.062345,
              26.664603
            ],
            [
              94.0627742,
              26.664277
            ],
            [
              94.0632462,
              26.664277
            ],
            [
              94.0636968,
              26.6644688
            ],
            [
              94.0644049,
              26.6648139
            ],
            [
              94.0649628,
              26.6652358
            ],
            [
              94.065392,
              26.6657535
            ],
            [
              94.0655207,
              26.6664055
            ],
            [
              94.0652418,
              26.6669424
            ],
            [
              94.0650701,
              26.6675177
            ],
            [
              94.0650487,
              26.6682847
            ],
            [
              94.0654135,
              26.6689366
            ],
            [
              94.0660572,
              26.6690708
            ],
            [
              94.0663361,
              26.668649
            ],
            [
              94.0662074,
              26.6679587
            ],
            [
              94.0661001,
              26.6674985
            ],
            [
              94.0660572,
              26.6668657
            ],
            [
              94.0665293,
              26.6666931
            ],
            [
              94.0671944,
              26.6666548
            ],
            [
              94.0678596,
              26.6667507
            ],
            [
              94.0687394,
              26.666789
            ],
            [
              94.0699196,
              26.6667123
            ],
            [
              94.070456,
              26.6664247
            ],
            [
              94.0702843,
              26.6660604
            ],
            [
              94.0697908,
              26.6656385
            ],
            [
              94.0688038,
              26.6651975
            ],
            [
              94.0678596,
              26.6649865
            ],
            [
              94.0672159,
              26.664603
            ],
            [
              94.0670228,
              26.6637401
            ],
            [
              94.0670442,
              26.6624362
            ],
            [
              94.068439,
              26.6614965
            ],
            [
              94.068954,
              26.6613623
            ],
            [
              94.0700483,
              26.662532
            ],
            [
              94.070971,
              26.6644113
            ],
            [
              94.0714645,
              26.6651016
            ],
            [
              94.0730524,
              26.6648139
            ],
            [
              94.0738034,
              26.663951
            ],
            [
              94.0730953,
              26.6635484
            ],
            [
              94.0720224,
              26.6634716
            ],
            [
              94.0715933,
              26.6629923
            ],
            [
              94.0718293,
              26.6626087
            ],
            [
              94.0723872,
              26.66188
            ],
            [
              94.0732455,
              26.6615541
            ],
            [
              94.0736103,
              26.6616499
            ],
            [
              94.074533,
              26.6619951
            ],
            [
              94.0752196,
              26.6623211
            ],
            [
              94.0758633,
              26.6626854
            ],
            [
              94.0767431,
              26.6626471
            ],
            [
              94.0779447,
              26.6621293
            ],
            [
              94.0783739,
              26.6613815
            ],
            [
              94.0782881,
              26.6606528
            ],
            [
              94.0783953,
              26.6599241
            ],
            [
              94.0789532,
              26.6593871
            ],
            [
              94.0796399,
              26.6591762
            ],
            [
              94.0806055,
              26.658831
            ],
            [
              94.0809488,
              26.6589652
            ],
            [
              94.0807557,
              26.6594255
            ],
            [
              94.0800905,
              26.6600391
            ],
            [
              94.0795326,
              26.660461
            ],
            [
              94.0797901,
              26.6611705
            ],
            [
              94.080348,
              26.6619184
            ],
            [
              94.0805685,
              26.6619417
            ],
            [
              94.0810776,
              26.6624362
            ],
            [
              94.0822363,
              26.662532
            ],
            [
              94.0824508,
              26.6622252
            ],
            [
              94.082365,
              26.6614773
            ],
            [
              94.0822148,
              26.6607103
            ],
            [
              94.0822148,
              26.6602309
            ],
            [
              94.0826869,
              26.660135
            ],
            [
              94.0835666,
              26.6600008
            ],
            [
              94.0846824,
              26.6597323
            ],
            [
              94.0853476,
              26.6592337
            ],
            [
              94.0857982,
              26.6585242
            ],
            [
              94.0861201,
              26.6577379
            ],
            [
              94.0863561,
              26.6569325
            ],
            [
              94.0863776,
              26.6557435
            ],
            [
              94.0865063,
              26.654382
            ],
            [
              94.0863561,
              26.653634
            ],
            [
              94.0857768,
              26.6527902
            ],
            [
              94.0850258,
              26.6520998
            ],
            [
              94.084382,
              26.6513327
            ],
            [
              94.0848326,
              26.6497409
            ],
            [
              94.0860128,
              26.6488587
            ],
            [
              94.0868711,
              26.6481108
            ],
            [
              94.0881157,
              26.6479574
            ],
            [
              94.0903258,
              26.6478231
            ],
            [
              94.0906691,
              26.6484176
            ],
            [
              94.0904331,
              26.6491464
            ],
            [
              94.0909695,
              26.6493766
            ],
            [
              94.0917849,
              26.6488012
            ],
            [
              94.0926432,
              26.6481875
            ],
            [
              94.0935874,
              26.6475354
            ],
            [
              94.0949178,
              26.6468642
            ],
            [
              94.0959477,
              26.6460395
            ],
            [
              94.0971064,
              26.6440065
            ],
            [
              94.0977287,
              26.642664
            ],
            [
              94.0981793,
              26.6415516
            ],
            [
              94.0973425,
              26.640746
            ],
            [
              94.0966129,
              26.6404775
            ],
            [
              94.0954971,
              26.6410529
            ],
            [
              94.0946388,
              26.6412064
            ],
            [
              94.0940594,
              26.6410337
            ],
            [
              94.0935659,
              26.64042
            ],
            [
              94.0937161,
              26.6393267
            ],
            [
              94.0940594,
              26.6390966
            ],
            [
              94.0951538,
              26.6387897
            ],
            [
              94.0954542,
              26.638713
            ],
            [
              94.0964412,
              26.6386363
            ],
            [
              94.0978789,
              26.6388281
            ],
            [
              94.098072,
              26.6385979
            ],
            [
              94.0979004,
              26.6381951
            ],
            [
              94.0975785,
              26.6376773
            ],
            [
              94.0970635,
              26.637543
            ],
            [
              94.096334,
              26.6378691
            ],
            [
              94.0956688,
              26.6382335
            ],
            [
              94.0941453,
              26.6380225
            ],
            [
              94.0939951,
              26.6375238
            ],
            [
              94.0946388,
              26.6370443
            ],
            [
              94.0952825,
              26.636162
            ],
            [
              94.0952611,
              26.6346276
            ],
            [
              94.0951538,
              26.6341097
            ],
            [
              94.0948534,
              26.6327862
            ],
            [
              94.0956688,
              26.6318272
            ],
            [
              94.0962052,
              26.6314244
            ],
            [
              94.096291,
              26.6309448
            ],
            [
              94.0957975,
              26.6308106
            ],
            [
              94.0951323,
              26.6308681
            ],
            [
              94.0947246,
              26.6306763
            ],
            [
              94.094553,
              26.6303119
            ],
            [
              94.0948748,
              26.629794
            ],
            [
              94.0950036,
              26.6292185
            ],
            [
              94.0946817,
              26.6284321
            ],
            [
              94.0945101,
              26.6280484
            ],
            [
              94.093759,
              26.6281252
            ],
            [
              94.0919137,
              26.6286814
            ],
            [
              94.0907335,
              26.6292377
            ],
            [
              94.0900898,
              26.6286431
            ],
            [
              94.0894675,
              26.6279717
            ],
            [
              94.0886736,
              26.6281252
            ],
            [
              94.0876007,
              26.6285088
            ],
            [
              94.0866995,
              26.6287581
            ],
            [
              94.0856695,
              26.6290075
            ],
            [
              94.0848112,
              26.6290651
            ],
            [
              94.0835452,
              26.6286431
            ],
            [
              94.0832019,
              26.6279909
            ],
            [
              94.0834808,
              26.6277799
            ],
            [
              94.0847039,
              26.6275305
            ],
            [
              94.0853691,
              26.627051
            ],
            [
              94.0859055,
              26.6261686
            ],
            [
              94.0866995,
              26.6253438
            ],
            [
              94.0875578,
              26.6245765
            ],
            [
              94.0883302,
              26.6238284
            ],
            [
              94.0882659,
              26.6233296
            ],
            [
              94.0875792,
              26.6227733
            ],
            [
              94.0865707,
              26.6221978
            ],
            [
              94.0865707,
              26.6211428
            ],
            [
              94.0875363,
              26.6209126
            ],
            [
              94.0879011,
              26.620222
            ],
            [
              94.0878796,
              26.6198383
            ],
            [
              94.087429,
              26.6194355
            ],
            [
              94.086914,
              26.6191094
            ],
            [
              94.0862918,
              26.6190326
            ],
            [
              94.085691,
              26.6191861
            ],
            [
              94.0847897,
              26.6197232
            ],
            [
              94.0836096,
              26.6198192
            ],
            [
              94.0824294,
              26.6185722
            ],
            [
              94.0816784,
              26.6177665
            ],
            [
              94.0814853,
              26.6170184
            ],
            [
              94.0815925,
              26.6159249
            ],
            [
              94.081099,
              26.6164429
            ],
            [
              94.0805411,
              26.6172486
            ],
            [
              94.0796828,
              26.6177665
            ],
            [
              94.0792751,
              26.6172678
            ],
            [
              94.0797472,
              26.6166539
            ],
            [
              94.0804124,
              26.6163086
            ],
            [
              94.0808844,
              26.615829
            ],
            [
              94.0803909,
              26.6156563
            ],
            [
              94.079597,
              26.6157331
            ],
            [
              94.0789532,
              26.6153878
            ],
            [
              94.0778589,
              26.6147163
            ],
            [
              94.0777945,
              26.61416
            ],
            [
              94.079318,
              26.6134118
            ],
            [
              94.0801334,
              26.6134118
            ],
            [
              94.0808201,
              26.6128938
            ],
            [
              94.0806913,
              26.6120305
            ],
            [
              94.081378,
              26.6104958
            ],
            [
              94.082644,
              26.6091528
            ],
            [
              94.0833735,
              26.6089226
            ],
            [
              94.0839314,
              26.6092871
            ],
            [
              94.0845537,
              26.6103998
            ],
            [
              94.0859055,
              26.6106109
            ],
            [
              94.0865707,
              26.6098243
            ],
            [
              94.0857124,
              26.6084622
            ],
            [
              94.0846395,
              26.6067931
            ],
            [
              94.0826225,
              26.6047594
            ],
            [
              94.0777301,
              26.6031094
            ],
            [
              94.0766143,
              26.600999
            ],
            [
              94.0748548,
              26.5998478
            ],
            [
              94.0724515,
              26.5987733
            ],
            [
              94.0705633,
              26.5975837
            ],
            [
              94.069705,
              26.5958953
            ],
            [
              94.0698337,
              26.5938231
            ],
            [
              94.0710353,
              26.5915205
            ],
            [
              94.072237,
              26.5896401
            ],
            [
              94.0738248,
              26.588911
            ],
            [
              94.0762281,
              26.5891796
            ],
            [
              94.0790605,
              26.5884121
            ],
            [
              94.0797472,
              26.5871072
            ],
            [
              94.0788889,
              26.5845743
            ],
            [
              94.0783953,
              26.5815808
            ],
            [
              94.0777731,
              26.5799688
            ],
            [
              94.077065,
              26.5772822
            ],
            [
              94.0782022,
              26.5757854
            ],
            [
              94.0791678,
              26.5756894
            ],
            [
              94.0809274,
              26.5762651
            ],
            [
              94.0824079,
              26.5766681
            ],
            [
              94.0845108,
              26.5774549
            ],
            [
              94.0862059,
              26.5774357
            ],
            [
              94.087193,
              26.5775701
            ],
            [
              94.0878582,
              26.5782609
            ],
            [
              94.0883732,
              26.5790861
            ],
            [
              94.0901112,
              26.5801799
            ],
            [
              94.0918708,
              26.5793356
            ],
            [
              94.0930939,
              26.5774357
            ],
            [
              94.0945101,
              26.5774165
            ],
            [
              94.0959692,
              26.5776085
            ],
            [
              94.0974712,
              26.5774357
            ],
            [
              94.0981579,
              26.5768216
            ],
            [
              94.0991449,
              26.5762267
            ],
            [
              94.0994239,
              26.5762267
            ],
            [
              94.0995312,
              26.576457
            ],
            [
              94.1005611,
              26.5763995
            ],
            [
              94.1015911,
              26.5754975
            ],
            [
              94.1019344,
              26.5748834
            ],
            [
              94.1005611,
              26.5742693
            ],
            [
              94.0991664,
              26.5742501
            ],
            [
              94.0982222,
              26.5742309
            ],
            [
              94.0981579,
              26.5737703
            ],
            [
              94.0987801,
              26.5731562
            ],
            [
              94.0992307,
              26.5726765
            ],
            [
              94.0995955,
              26.5721199
            ],
            [
              94.0995312,
              26.5709684
            ],
            [
              94.0994239,
              26.5705654
            ],
            [
              94.0987587,
              26.5697402
            ],
            [
              94.0971064,
              26.5691453
            ],
            [
              94.0968704,
              26.5688766
            ],
            [
              94.0972781,
              26.5685695
            ],
            [
              94.0983939,
              26.5684352
            ],
            [
              94.0990591,
              26.5685119
            ],
            [
              94.1001963,
              26.5688574
            ],
            [
              94.1009044,
              26.5692988
            ],
            [
              94.1011619,
              26.5700089
            ],
            [
              94.100368,
              26.5713331
            ],
            [
              94.1007542,
              26.5717745
            ],
            [
              94.1018486,
              26.5713523
            ],
            [
              94.1021704,
              26.5707381
            ],
            [
              94.1025781,
              26.5704695
            ],
            [
              94.1035223,
              26.5703351
            ],
            [
              94.1044664,
              26.5699705
            ],
            [
              94.1051316,
              26.5699129
            ],
            [
              94.1062689,
              26.5698745
            ],
            [
              94.1071486,
              26.5698361
            ],
            [
              94.1073203,
              26.5691453
            ],
            [
              94.1068911,
              26.568224
            ],
            [
              94.1064834,
              26.5672645
            ],
            [
              94.1062259,
              26.5662857
            ],
            [
              94.106183,
              26.5647119
            ],
            [
              94.1066551,
              26.5644816
            ],
            [
              94.106977,
              26.5646351
            ],
            [
              94.1070199,
              26.5653261
            ],
            [
              94.1076636,
              26.5655564
            ],
            [
              94.1086292,
              26.566017
            ],
            [
              94.1094875,
              26.565921
            ],
            [
              94.109745,
              26.5656139
            ],
            [
              94.1094231,
              26.5649806
            ],
            [
              94.1089082,
              26.5628118
            ],
            [
              94.1086936,
              26.5621209
            ],
            [
              94.1082644,
              26.5612188
            ],
            [
              94.1075134,
              26.5602592
            ],
            [
              94.1077065,
              26.5587237
            ],
            [
              94.1087365,
              26.5586086
            ],
            [
              94.109509,
              26.5587813
            ],
            [
              94.1113329,
              26.5587429
            ],
            [
              94.1114187,
              26.5574761
            ],
            [
              94.110775,
              26.5562861
            ],
            [
              94.1121053,
              26.5554992
            ],
            [
              94.113028,
              26.5551537
            ],
            [
              94.1140151,
              26.5551153
            ],
            [
              94.1154313,
              26.5545779
            ],
            [
              94.115324,
              26.553599
            ],
            [
              94.1149163,
              26.5523129
            ],
            [
              94.1138005,
              26.5504127
            ],
            [
              94.1126203,
              26.5499328
            ],
            [
              94.1123843,
              26.5503743
            ],
            [
              94.1119981,
              26.5520058
            ],
            [
              94.1109252,
              26.5513148
            ],
            [
              94.109509,
              26.5506046
            ],
            [
              94.1083288,
              26.5498368
            ],
            [
              94.1082858,
              26.5479942
            ],
            [
              94.1083716,
              26.5469192
            ],
            [
              94.1125774,
              26.5453068
            ],
            [
              94.1153239,
              26.5439247
            ],
            [
              94.1130065,
              26.5417748
            ],
            [
              94.1114616,
              26.5392408
            ],
            [
              94.1102599,
              26.537014
            ],
            [
              94.1099166,
              26.5343264
            ],
            [
              94.1094874,
              26.5305636
            ],
            [
              94.1128242,
              26.5277606
            ],
            [
              94.1118264,
              26.527511
            ],
            [
              94.1110647,
              26.5275206
            ],
            [
              94.1108394,
              26.527223
            ],
            [
              94.1109681,
              26.5268295
            ],
            [
              94.1110432,
              26.5264839
            ],
            [
              94.1110432,
              26.5262151
            ],
            [
              94.1106462,
              26.5260039
            ],
            [
              94.1103995,
              26.5260999
            ],
            [
              94.11026,
              26.5264263
            ],
            [
              94.1102064,
              26.5268007
            ],
            [
              94.1098738,
              26.5270694
            ],
            [
              94.1096163,
              26.5268391
            ],
            [
              94.1092729,
              26.5264359
            ],
            [
              94.1092193,
              26.5258503
            ],
            [
              94.1093588,
              26.5251208
            ],
            [
              94.1092408,
              26.5246696
            ],
            [
              94.108715,
              26.5244584
            ],
            [
              94.1082001,
              26.5243528
            ],
            [
              94.1075671,
              26.52418
            ],
            [
              94.1070521,
              26.5237
            ],
            [
              94.1067409,
              26.5228265
            ],
            [
              94.1057646,
              26.5223753
            ],
            [
              94.1056895,
              26.5219433
            ],
            [
              94.105711,
              26.5212905
            ],
            [
              94.1055393,
              26.5209833
            ],
            [
              94.1048634,
              26.5204553
            ],
            [
              94.1046274,
              26.5201673
            ],
            [
              94.1045737,
              26.5196873
            ],
            [
              94.1047883,
              26.5195049
            ],
            [
              94.1052389,
              26.5191689
            ],
            [
              94.1059363,
              26.5184969
            ],
            [
              94.1066015,
              26.5180361
            ],
            [
              94.1066015,
              26.5176809
            ],
            [
              94.1062152,
              26.5174025
            ],
            [
              94.1058397,
              26.5169897
            ],
            [
              94.1057002,
              26.5166345
            ],
            [
              94.105711,
              26.5157513
            ],
            [
              94.1057539,
              26.5151752
            ],
            [
              94.1054428,
              26.5143688
            ],
            [
              94.1052496,
              26.5137064
            ],
            [
              94.1048312,
              26.5136008
            ],
            [
              94.1045952,
              26.5137256
            ],
            [
              94.1041124,
              26.5140616
            ],
            [
              94.1037369,
              26.5142632
            ],
            [
              94.1031361,
              26.5142056
            ],
            [
              94.1029966,
              26.5138312
            ],
            [
              94.1032541,
              26.5134568
            ],
            [
              94.1035008,
              26.5131688
            ],
            [
              94.1035759,
              26.5118055
            ],
            [
              94.1037154,
              26.5114695
            ],
            [
              94.1038227,
              26.5109414
            ],
            [
              94.1035223,
              26.510423
            ],
            [
              94.1033506,
              26.5099909
            ],
            [
              94.1037369,
              26.5096549
            ],
            [
              94.1041338,
              26.5094821
            ],
            [
              94.1043913,
              26.5093477
            ],
            [
              94.104445,
              26.5090693
            ],
            [
              94.1043484,
              26.5087908
            ],
            [
              94.1042411,
              26.5083108
            ],
            [
              94.1045952,
              26.5078404
            ],
            [
              94.1049707,
              26.5076675
            ],
            [
              94.1053355,
              26.5075139
            ],
            [
              94.10555,
              26.5071875
            ],
            [
              94.1055393,
              26.5067554
            ],
            [
              94.1053247,
              26.5064482
            ],
            [
              94.1047561,
              26.5060066
            ],
            [
              94.1040587,
              26.5054689
            ],
            [
              94.1039729,
              26.5050464
            ],
            [
              94.1043913,
              26.5048256
            ],
            [
              94.1048527,
              26.504672
            ],
            [
              94.1048527,
              26.5043744
            ],
            [
              94.104284,
              26.5044224
            ],
            [
              94.104166,
              26.5042591
            ],
            [
              94.104563,
              26.5039231
            ],
            [
              94.1042197,
              26.5036159
            ],
            [
              94.10393,
              26.5034046
            ],
            [
              94.1034472,
              26.5032798
            ],
            [
              94.1031682,
              26.503059
            ],
            [
              94.1035223,
              26.5023773
            ],
            [
              94.1032433,
              26.50183
            ],
            [
              94.1029644,
              26.5015132
            ],
            [
              94.1024601,
              26.5008314
            ],
            [
              94.101913,
              26.5001689
            ],
            [
              94.1012692,
              26.4998329
            ],
            [
              94.1011727,
              26.4992184
            ],
            [
              94.1005182,
              26.498335
            ],
            [
              94.1001427,
              26.4981526
            ],
            [
              94.099617,
              26.4979029
            ],
            [
              94.0987801,
              26.4977397
            ],
            [
              94.0982652,
              26.4975573
            ],
            [
              94.0980935,
              26.497154
            ],
            [
              94.0983724,
              26.4970292
            ],
            [
              94.0989625,
              26.496914
            ],
            [
              94.0996063,
              26.4966355
            ],
            [
              94.0999174,
              26.4960594
            ],
            [
              94.0996063,
              26.4958289
            ],
            [
              94.0990269,
              26.4961074
            ],
            [
              94.0982544,
              26.4963282
            ],
            [
              94.097954,
              26.4956657
            ],
            [
              94.0976858,
              26.4955121
            ],
            [
              94.0970957,
              26.4954929
            ],
            [
              94.0967095,
              26.4954641
            ],
            [
              94.096173,
              26.495272
            ],
            [
              94.0961945,
              26.4948495
            ],
            [
              94.0963769,
              26.4947823
            ],
            [
              94.0971279,
              26.4948975
            ],
            [
              94.097203,
              26.4946095
            ],
            [
              94.0971708,
              26.4943886
            ],
            [
              94.096967,
              26.494043
            ],
            [
              94.0968275,
              26.4937261
            ],
            [
              94.0969884,
              26.4936301
            ],
            [
              94.0974927,
              26.4936301
            ],
            [
              94.0979755,
              26.4933804
            ],
            [
              94.0979648,
              26.4930251
            ],
            [
              94.0974712,
              26.4929579
            ],
            [
              94.0965378,
              26.492641
            ],
            [
              94.0962481,
              26.4924778
            ],
            [
              94.096216,
              26.4920937
            ],
            [
              94.0962911,
              26.4916136
            ],
            [
              94.0965375,
              26.4912868
            ],
            [
              94.0965807,
              26.4912295
            ],
            [
              94.0968919,
              26.4906342
            ],
            [
              94.0969455,
              26.4902021
            ],
            [
              94.0968168,
              26.4896451
            ],
            [
              94.0967417,
              26.4887425
            ],
            [
              94.0969348,
              26.488272
            ],
            [
              94.0973103,
              26.4879263
            ],
            [
              94.0976214,
              26.4874461
            ],
            [
              94.0976429,
              26.4869756
            ],
            [
              94.0970528,
              26.4860825
            ],
            [
              94.0967739,
              26.4856408
            ],
            [
              94.0968704,
              26.4852951
            ],
            [
              94.0969992,
              26.4849206
            ],
            [
              94.0972888,
              26.4846613
            ],
            [
              94.0972245,
              26.4843828
            ],
            [
              94.0969241,
              26.4840083
            ],
            [
              94.0969777,
              26.4836434
            ],
            [
              94.097439,
              26.4834225
            ],
            [
              94.098072,
              26.4832497
            ],
            [
              94.098469,
              26.4833457
            ],
            [
              94.099381,
              26.4833745
            ],
            [
              94.0998423,
              26.4831345
            ],
            [
              94.100014,
              26.4826159
            ],
            [
              94.0997243,
              26.4822702
            ],
            [
              94.0992737,
              26.4819341
            ],
            [
              94.0991342,
              26.4803592
            ],
            [
              94.099617,
              26.4793124
            ],
            [
              94.0997887,
              26.4788322
            ],
            [
              94.1004431,
              26.4785729
            ],
            [
              94.1007435,
              26.4782272
            ],
            [
              94.100765,
              26.4776702
            ],
            [
              94.100486,
              26.4771036
            ],
            [
              94.1002393,
              26.4762777
            ],
            [
              94.0996599,
              26.4734446
            ],
            [
              94.0996492,
              26.4728588
            ],
            [
              94.0997028,
              26.4721193
            ],
            [
              94.0995419,
              26.4714854
            ],
            [
              94.0997028,
              26.4702465
            ],
            [
              94.1000569,
              26.4696799
            ],
            [
              94.1008294,
              26.4688059
            ],
            [
              94.1009688,
              26.4679511
            ],
            [
              94.1013873,
              26.466376
            ],
            [
              94.1018486,
              26.4656172
            ],
            [
              94.1024923,
              26.4646568
            ],
            [
              94.1027391,
              26.463802
            ],
            [
              94.1033721,
              26.462198
            ],
            [
              94.1039514,
              26.4616025
            ],
            [
              94.1047132,
              26.4614776
            ],
            [
              94.1055715,
              26.461468
            ],
            [
              94.1064942,
              26.4612663
            ],
            [
              94.1067946,
              26.4609398
            ],
            [
              94.1070199,
              26.4604403
            ],
            [
              94.1073632,
              26.4599024
            ],
            [
              94.1077709,
              26.4596719
            ],
            [
              94.1080606,
              26.4595951
            ],
            [
              94.1084468,
              26.4597584
            ],
            [
              94.1088116,
              26.4600753
            ],
            [
              94.1092086,
              26.4606132
            ],
            [
              94.1097343,
              26.4609686
            ],
            [
              94.1102171,
              26.4612855
            ],
            [
              94.1107106,
              26.4613432
            ],
            [
              94.1114402,
              26.4611799
            ],
            [
              94.112556,
              26.4608341
            ],
            [
              94.1144872,
              26.460229
            ],
            [
              94.1153347,
              26.4600657
            ],
            [
              94.1155922,
              26.4597487
            ],
            [
              94.1153991,
              26.4596047
            ],
            [
              94.114927,
              26.4595086
            ],
            [
              94.1148627,
              26.4591052
            ],
            [
              94.1148841,
              26.4586922
            ],
            [
              94.114809,
              26.4581831
            ],
            [
              94.115088,
              26.4579142
            ],
            [
              94.1161609,
              26.4576644
            ],
            [
              94.1169655,
              26.4573379
            ],
            [
              94.11762,
              26.4571554
            ],
            [
              94.1179097,
              26.4575108
            ],
            [
              94.1182959,
              26.4577893
            ],
            [
              94.1189611,
              26.4574627
            ],
            [
              94.1194332,
              26.4571074
            ],
            [
              94.1198945,
              26.4567904
            ],
            [
              94.1204417,
              26.4562141
            ],
            [
              94.1209888,
              26.4558106
            ],
            [
              94.1211283,
              26.4555321
            ],
            [
              94.120903,
              26.4552824
            ],
            [
              94.1206026,
              26.4551479
            ],
            [
              94.1205382,
              26.45461
            ],
            [
              94.1207099,
              26.4544947
            ],
            [
              94.1212892,
              26.4543218
            ],
            [
              94.1223192,
              26.4539184
            ],
            [
              94.123156,
              26.4535726
            ],
            [
              94.1238856,
              26.4529771
            ],
            [
              94.1243577,
              26.4521318
            ],
            [
              94.1249585,
              26.4511136
            ],
            [
              94.1254949,
              26.4510751
            ],
            [
              94.1262674,
              26.4509983
            ],
            [
              94.1266536,
              26.4506717
            ],
            [
              94.1267609,
              26.4495574
            ],
            [
              94.1266536,
              26.4486929
            ],
            [
              94.1265249,
              26.4473481
            ],
            [
              94.1259241,
              26.4459072
            ],
            [
              94.1256666,
              26.4435633
            ],
            [
              94.1259885,
              26.4414498
            ],
            [
              94.1262889,
              26.4405468
            ],
            [
              94.1260099,
              26.4402778
            ],
            [
              94.1253876,
              26.4401241
            ],
            [
              94.1253447,
              26.4394901
            ],
            [
              94.1254091,
              26.4389906
            ],
            [
              94.1249156,
              26.4387408
            ],
            [
              94.1242075,
              26.4383757
            ],
            [
              94.1234565,
              26.4377993
            ],
            [
              94.122684,
              26.437319
            ],
            [
              94.1213965,
              26.4355321
            ],
            [
              94.1220188,
              26.4348212
            ],
            [
              94.1209459,
              26.434091
            ],
            [
              94.1198516,
              26.4314971
            ],
            [
              94.1183281,
              26.4294987
            ],
            [
              94.1175127,
              26.4289992
            ],
            [
              94.1162252,
              26.4280768
            ],
            [
              94.1154313,
              26.4271737
            ],
            [
              94.1149378,
              26.4257902
            ],
            [
              94.1146159,
              26.4241953
            ],
            [
              94.114809,
              26.4220815
            ],
            [
              94.1154742,
              26.4192951
            ],
            [
              94.115324,
              26.4181421
            ],
            [
              94.1150021,
              26.4167393
            ],
            [
              94.1146588,
              26.415298
            ],
            [
              94.1153455,
              26.4131456
            ],
            [
              94.1151953,
              26.4114929
            ],
            [
              94.1153669,
              26.4101476
            ],
            [
              94.1162896,
              26.4090714
            ],
            [
              94.1161608,
              26.4079568
            ],
            [
              94.1156244,
              26.4066883
            ],
            [
              94.1158604,
              26.404113
            ],
            [
              94.1168046,
              26.400442
            ],
            [
              94.1172766,
              26.3993081
            ],
            [
              94.1167831,
              26.3986354
            ],
            [
              94.1165042,
              26.3979434
            ],
            [
              94.1166329,
              26.396425
            ],
            [
              94.1173196,
              26.395464
            ],
            [
              94.1179418,
              26.39433
            ],
            [
              94.1187787,
              26.3925232
            ],
            [
              94.118886,
              26.3916006
            ],
            [
              94.1188001,
              26.3901013
            ],
            [
              94.1187358,
              26.3889672
            ],
            [
              94.1193366,
              26.3883137
            ],
            [
              94.1203666,
              26.3871988
            ],
            [
              94.1200018,
              26.3846038
            ],
            [
              94.1200661,
              26.3837773
            ],
            [
              94.1203666,
              26.3832198
            ],
            [
              94.1209245,
              26.3826239
            ],
            [
              94.1216326,
              26.3820857
            ],
            [
              94.1223621,
              26.3812783
            ],
            [
              94.1226625,
              26.3802403
            ],
            [
              94.1230488,
              26.3796059
            ],
            [
              94.1238427,
              26.3790484
            ],
            [
              94.1241646,
              26.3783371
            ],
            [
              94.1237569,
              26.3774913
            ],
            [
              94.1241646,
              26.3762225
            ],
            [
              94.12395,
              26.373685
            ],
            [
              94.1241216,
              26.3722624
            ],
            [
              94.125216,
              26.3703014
            ],
            [
              94.1281986,
              26.3666871
            ],
            [
              94.1284561,
              26.365995
            ],
            [
              94.1283488,
              26.3643224
            ],
            [
              94.1293359,
              26.3623613
            ],
            [
              94.1304087,
              26.3600542
            ],
            [
              94.1308379,
              26.3595735
            ],
            [
              94.1306662,
              26.3588429
            ],
            [
              94.1307735,
              26.3581315
            ],
            [
              94.1316533,
              26.3574778
            ],
            [
              94.1323828,
              26.3568817
            ],
            [
              94.1323614,
              26.3561511
            ],
            [
              94.1317606,
              26.3544399
            ],
            [
              94.1327691,
              26.3529017
            ],
            [
              94.1331339,
              26.3518057
            ],
            [
              94.1337561,
              26.3507289
            ],
            [
              94.1345501,
              26.3504405
            ],
            [
              94.1357088,
              26.3501136
            ],
            [
              94.1364383,
              26.3496137
            ],
            [
              94.1374683,
              26.3487099
            ],
            [
              94.1378331,
              26.3486523
            ],
            [
              94.1388201,
              26.3487099
            ],
            [
              94.1407513,
              26.3485753
            ],
            [
              94.1418457,
              26.3481523
            ],
            [
              94.1426396,
              26.3480369
            ],
            [
              94.1432833,
              26.3483446
            ],
            [
              94.1440987,
              26.3486715
            ],
            [
              94.1453004,
              26.3483831
            ],
            [
              94.1465664,
              26.3479408
            ],
            [
              94.1477036,
              26.3478447
            ],
            [
              94.1486478,
              26.3478639
            ],
            [
              94.149313,
              26.3483638
            ],
            [
              94.1503,
              26.3489984
            ],
            [
              94.1518664,
              26.3493445
            ],
            [
              94.1542697,
              26.3492483
            ],
            [
              94.1613507,
              26.3470467
            ],
            [
              94.1608786,
              26.348883
            ],
            [
              94.1605139,
              26.3502867
            ],
            [
              94.1603851,
              26.3517864
            ],
            [
              94.1605353,
              26.3529786
            ],
            [
              94.1605997,
              26.3540361
            ],
            [
              94.1616511,
              26.3554589
            ],
            [
              94.1658997,
              26.358939
            ],
            [
              94.1672301,
              26.3596696
            ],
            [
              94.168818,
              26.3607463
            ],
            [
              94.1702342,
              26.3618999
            ],
            [
              94.1715646,
              26.3639763
            ],
            [
              94.1722297,
              26.3678791
            ],
            [
              94.1728735,
              26.3690134
            ],
            [
              94.1737318,
              26.3703399
            ],
            [
              94.1732597,
              26.371378
            ],
            [
              94.1725516,
              26.3719932
            ],
            [
              94.1720152,
              26.3726661
            ],
            [
              94.1723156,
              26.3741463
            ],
            [
              94.1732383,
              26.3760111
            ],
            [
              94.175148,
              26.379183
            ],
            [
              94.1763925,
              26.3807785
            ],
            [
              94.1771006,
              26.3822779
            ],
            [
              94.176929,
              26.3840656
            ],
            [
              94.1766715,
              26.3862377
            ],
            [
              94.1759419,
              26.3901782
            ],
            [
              94.1755771,
              26.3921772
            ],
            [
              94.1745901,
              26.39433
            ],
            [
              94.174397,
              26.3972323
            ],
            [
              94.173131,
              26.4020181
            ],
            [
              94.1729593,
              26.4036517
            ],
            [
              94.1733885,
              26.4050163
            ],
            [
              94.1739249,
              26.4061118
            ],
            [
              94.1739893,
              26.4075916
            ],
            [
              94.1735172,
              26.4095903
            ],
            [
              94.1720581,
              26.4127613
            ],
            [
              94.1713071,
              26.4160667
            ],
            [
              94.1724658,
              26.4196603
            ],
            [
              94.1741395,
              26.4221007
            ],
            [
              94.1748047,
              26.4237341
            ],
            [
              94.1745901,
              26.4252137
            ],
            [
              94.1737318,
              26.4262898
            ],
            [
              94.172616,
              26.4275004
            ],
            [
              94.1719723,
              26.4288647
            ],
            [
              94.1720152,
              26.4300368
            ],
            [
              94.1729808,
              26.4307093
            ],
            [
              94.1742682,
              26.431939
            ],
            [
              94.1753197,
              26.4348212
            ],
            [
              94.1774869,
              26.4398552
            ],
            [
              94.1804051,
              26.4476363
            ],
            [
              94.1813707,
              26.4514017
            ],
            [
              94.1828942,
              26.4548981
            ],
            [
              94.1851473,
              26.4587786
            ],
            [
              94.186778,
              26.4596431
            ],
            [
              94.1887092,
              26.4602194
            ],
            [
              94.1919279,
              26.4610838
            ],
            [
              94.1940093,
              26.461737
            ],
            [
              94.1965842,
              26.4640421
            ],
            [
              94.2017126,
              26.4683641
            ],
            [
              94.2023349,
              26.4695934
            ],
            [
              94.2032146,
              26.4734926
            ],
            [
              94.2050171,
              26.4777567
            ],
            [
              94.2056393,
              26.4798502
            ],
            [
              94.2058754,
              26.4839603
            ],
            [
              94.2064547,
              26.4851319
            ],
            [
              94.2077422,
              26.4863994
            ],
            [
              94.2137182,
              26.4918345
            ],
            [
              94.2174733,
              26.4950416
            ],
            [
              94.2192757,
              26.496309
            ],
            [
              94.2200053,
              26.4967507
            ],
            [
              94.2208207,
              26.4979125
            ],
            [
              94.2229879,
              26.4993048
            ],
            [
              94.2254877,
              26.4998137
            ],
            [
              94.2287922,
              26.5024445
            ],
            [
              94.2302298,
              26.503155
            ],
            [
              94.2323327,
              26.5038079
            ],
            [
              94.2336094,
              26.504528
            ],
            [
              94.2356479,
              26.5057377
            ],
            [
              94.2370212,
              26.5063042
            ],
            [
              94.2380512,
              26.5079172
            ],
            [
              94.2391348,
              26.5094533
            ],
            [
              94.2412001,
              26.5128039
            ],
            [
              94.2433298,
              26.5157321
            ],
            [
              94.2449874,
              26.5182041
            ],
            [
              94.2455667,
              26.5193993
            ],
            [
              94.2465645,
              26.5214585
            ],
            [
              94.2466128,
              26.5217225
            ],
            [
              94.246543,
              26.5225337
            ],
            [
              94.2482758,
              26.5249096
            ],
            [
              94.2484528,
              26.5255191
            ],
            [
              94.2474872,
              26.5280054
            ],
            [
              94.247809,
              26.5285093
            ],
            [
              94.2504966,
              26.5317874
            ],
            [
              94.2511189,
              26.5323874
            ],
            [
              94.25165,
              26.5327857
            ],
            [
              94.252342,
              26.5329201
            ],
            [
              94.2531145,
              26.5329537
            ],
            [
              94.2537314,
              26.5351758
            ],
            [
              94.2551476,
              26.5384873
            ],
            [
              94.2560542,
              26.541362
            ],
            [
              94.2569607,
              26.5419139
            ],
            [
              94.261896,
              26.5446925
            ],
            [
              94.2636716,
              26.545705
            ],
            [
              94.2666221,
              26.5472839
            ],
            [
              94.2696583,
              26.5489395
            ],
            [
              94.2707473,
              26.5498032
            ],
            [
              94.2711389,
              26.5517275
            ],
            [
              94.2727697,
              26.5531335
            ],
            [
              94.2765033,
              26.556027
            ],
            [
              94.2795342,
              26.558335
            ],
            [
              94.2807519,
              26.5593667
            ],
            [
              94.2816049,
              26.5600528
            ],
            [
              94.2823613,
              26.5605998
            ],
            [
              94.2830747,
              26.5610317
            ],
            [
              94.2835629,
              26.5613244
            ],
            [
              94.2837614,
              26.5614251
            ],
            [
              94.2840457,
              26.5614443
            ],
            [
              94.2842656,
              26.561358
            ],
            [
              94.2845768,
              26.5610941
            ],
            [
              94.2847162,
              26.5608254
            ],
            [
              94.2847109,
              26.5603887
            ],
            [
              94.2843085,
              26.5597314
            ],
            [
              94.283697,
              26.5586517
            ],
            [
              94.2834502,
              26.55786
            ],
            [
              94.2834932,
              26.5568619
            ],
            [
              94.2832142,
              26.5560222
            ],
            [
              94.2827368,
              26.555312
            ],
            [
              94.2825168,
              26.554789
            ],
            [
              94.2822915,
              26.5538773
            ],
            [
              94.2823988,
              26.5533926
            ],
            [
              94.2824149,
              26.5531623
            ],
            [
              94.2823988,
              26.5525721
            ],
            [
              94.2822164,
              26.551953
            ],
            [
              94.2818946,
              26.5508733
            ],
            [
              94.2815244,
              26.5501103
            ],
            [
              94.2812723,
              26.5490978
            ],
            [
              94.2812616,
              26.5487571
            ],
            [
              94.2813849,
              26.5479461
            ],
            [
              94.2815781,
              26.5477542
            ],
            [
              94.2819911,
              26.5472647
            ],
            [
              94.2823291,
              26.5467224
            ],
            [
              94.2825276,
              26.5459978
            ],
            [
              94.2827475,
              26.5453739
            ],
            [
              94.2831337,
              26.5449948
            ],
            [
              94.2834449,
              26.5447693
            ],
            [
              94.2843729,
              26.544323
            ],
            [
              94.285199,
              26.5439198
            ],
            [
              94.2857784,
              26.5431856
            ],
            [
              94.2860305,
              26.5428689
            ],
            [
              94.2858267,
              26.5426769
            ],
            [
              94.2854619,
              26.5425041
            ],
            [
              94.2847484,
              26.542389
            ],
            [
              94.2840242,
              26.542461
            ],
            [
              94.2835951,
              26.5423794
            ],
            [
              94.2825437,
              26.5415203
            ],
            [
              94.2819643,
              26.5410788
            ],
            [
              94.2818302,
              26.5405077
            ],
            [
              94.2816532,
              26.539927
            ],
            [
              94.2817926,
              26.53878
            ],
            [
              94.2818087,
              26.5376234
            ],
            [
              94.2814064,
              26.536582
            ],
            [
              94.2808002,
              26.5357229
            ],
            [
              94.2807949,
              26.535027
            ],
            [
              94.2810148,
              26.5343647
            ],
            [
              94.2812079,
              26.5341295
            ],
            [
              94.2818624,
              26.533424
            ],
            [
              94.2816961,
              26.5327665
            ],
            [
              94.2813528,
              26.5318018
            ],
            [
              94.281283,
              26.5315234
            ],
            [
              94.2813581,
              26.5311251
            ],
            [
              94.2814493,
              26.5308851
            ],
            [
              94.2816156,
              26.5306211
            ],
            [
              94.2818785,
              26.530434
            ],
            [
              94.2821681,
              26.5302372
            ],
            [
              94.2824632,
              26.5298868
            ],
            [
              94.2827904,
              26.5292821
            ],
            [
              94.2826939,
              26.5288213
            ],
            [
              94.2823398,
              26.527919
            ],
            [
              94.2825222,
              26.5266423
            ],
            [
              94.2825168,
              26.5257927
            ],
            [
              94.282195,
              26.5254135
            ],
            [
              94.2817229,
              26.5251448
            ],
            [
              94.2815137,
              26.5247992
            ],
            [
              94.2815351,
              26.5245256
            ],
            [
              94.2820233,
              26.5240696
            ],
            [
              94.2824149,
              26.5236664
            ],
            [
              94.2829782,
              26.5224761
            ],
            [
              94.2832249,
              26.5223417
            ],
            [
              94.283874,
              26.5220489
            ],
            [
              94.2842925,
              26.5217657
            ],
            [
              94.2842281,
              26.5205609
            ],
            [
              94.2845339,
              26.5197545
            ],
            [
              94.2855746,
              26.5186073
            ],
            [
              94.2859554,
              26.5178825
            ],
            [
              94.2859822,
              26.5172201
            ],
            [
              94.2861432,
              26.5166249
            ],
            [
              94.2863309,
              26.5160345
            ],
            [
              94.2863095,
              26.514532
            ],
            [
              94.2861485,
              26.5138936
            ],
            [
              94.2856872,
              26.5124583
            ],
            [
              94.2847055,
              26.5116087
            ],
            [
              94.2834824,
              26.5109126
            ],
            [
              94.283064,
              26.5107014
            ],
            [
              94.2830318,
              26.5087428
            ],
            [
              94.2830318,
              26.5069091
            ],
            [
              94.2829138,
              26.5061314
            ],
            [
              94.283005,
              26.5054881
            ],
            [
              94.2831445,
              26.5048784
            ],
            [
              94.2838687,
              26.5039519
            ],
            [
              94.2844266,
              26.5032366
            ],
            [
              94.2846411,
              26.5027709
            ],
            [
              94.2846787,
              26.5013163
            ],
            [
              94.2846411,
              26.500697
            ],
            [
              94.2853492,
              26.4992712
            ],
            [
              94.2857408,
              26.4987911
            ],
            [
              94.2858535,
              26.4981334
            ],
            [
              94.2859179,
              26.4977733
            ],
            [
              94.2860305,
              26.4975669
            ],
            [
              94.2861593,
              26.4975333
            ],
            [
              94.2863685,
              26.4974997
            ],
            [
              94.2866474,
              26.4974661
            ],
            [
              94.2869908,
              26.4973124
            ],
            [
              94.2871141,
              26.4970484
            ],
            [
              94.2874467,
              26.4966307
            ],
            [
              94.2877203,
              26.4962754
            ],
            [
              94.28801,
              26.4958865
            ],
            [
              94.2883372,
              26.4955841
            ],
            [
              94.288305,
              26.4952576
            ],
            [
              94.2882836,
              26.4940238
            ],
            [
              94.2882246,
              26.4934908
            ],
            [
              94.2879403,
              26.4928139
            ],
            [
              94.2879885,
              26.4925546
            ],
            [
              94.2880636,
              26.4924058
            ],
            [
              94.2882729,
              26.4920265
            ],
            [
              94.288525,
              26.4918633
            ],
            [
              94.2888147,
              26.4916856
            ],
            [
              94.2889005,
              26.4914648
            ],
            [
              94.2889917,
              26.4911671
            ],
            [
              94.2888951,
              26.4907926
            ],
            [
              94.2887342,
              26.4903413
            ],
            [
              94.2888147,
              26.4900292
            ],
            [
              94.2889756,
              26.4898084
            ],
            [
              94.2891633,
              26.4895779
            ],
            [
              94.2893887,
              26.4894579
            ],
            [
              94.2896783,
              26.4892994
            ],
            [
              94.2898446,
              26.4891986
            ],
            [
              94.2900002,
              26.4889681
            ],
            [
              94.2901236,
              26.4886176
            ],
            [
              94.2897266,
              26.487835
            ],
            [
              94.2894691,
              26.4874845
            ],
            [
              94.2893404,
              26.4871676
            ],
            [
              94.2892975,
              26.4868508
            ],
            [
              94.2893457,
              26.4864811
            ],
            [
              94.2894906,
              26.4861017
            ],
            [
              94.289732,
              26.4858425
            ],
            [
              94.2896622,
              26.4856216
            ],
            [
              94.2895657,
              26.4852903
            ],
            [
              94.2895979,
              26.485031
            ],
            [
              94.2899144,
              26.4845317
            ],
            [
              94.2902201,
              26.484114
            ],
            [
              94.2904133,
              26.4830576
            ],
            [
              94.2903703,
              26.4826015
            ],
            [
              94.2898875,
              26.4813963
            ],
            [
              94.2897266,
              26.4806568
            ],
            [
              94.2896891,
              26.4803063
            ],
            [
              94.2896837,
              26.4799366
            ],
            [
              94.2898875,
              26.4795909
            ],
            [
              94.2902523,
              26.479274
            ],
            [
              94.290542,
              26.4789619
            ],
            [
              94.2916471,
              26.4784913
            ],
            [
              94.2919153,
              26.4782848
            ],
            [
              94.2921406,
              26.4779631
            ],
            [
              94.292205,
              26.477699
            ],
            [
              94.2922425,
              26.4773533
            ],
            [
              94.2922479,
              26.4769451
            ],
            [
              94.2922157,
              26.4763881
            ],
            [
              94.2917275,
              26.4758791
            ],
            [
              94.2914003,
              26.4754422
            ],
            [
              94.291411,
              26.4753221
            ],
            [
              94.2915934,
              26.4752309
            ],
            [
              94.2918402,
              26.4752405
            ],
            [
              94.2920762,
              26.4752597
            ],
            [
              94.292323,
              26.4753125
            ],
            [
              94.2925751,
              26.4752933
            ],
            [
              94.2926609,
              26.4752213
            ],
            [
              94.2926288,
              26.4750292
            ],
            [
              94.2925751,
              26.474914
            ],
            [
              94.2926019,
              26.4747555
            ],
            [
              94.2927843,
              26.4746643
            ],
            [
              94.2930686,
              26.4744914
            ],
            [
              94.2931008,
              26.4742705
            ],
            [
              94.2930955,
              26.4738528
            ],
            [
              94.2931008,
              26.4736991
            ],
            [
              94.2930096,
              26.4735647
            ],
            [
              94.2929292,
              26.4732765
            ],
            [
              94.2930847,
              26.4731133
            ],
            [
              94.2933369,
              26.4729644
            ],
            [
              94.2933047,
              26.47283
            ],
            [
              94.2932349,
              26.4726283
            ],
            [
              94.2931169,
              26.4725803
            ],
            [
              94.2928863,
              26.4723978
            ],
            [
              94.2930418,
              26.4723258
            ],
            [
              94.2933744,
              26.472417
            ],
            [
              94.2936534,
              26.4723642
            ],
            [
              94.2938411,
              26.4722921
            ],
            [
              94.2940074,
              26.4721337
            ],
            [
              94.2940503,
              26.4718167
            ],
            [
              94.2937285,
              26.4715478
            ],
            [
              94.2936748,
              26.471447
            ],
            [
              94.2936909,
              26.4713558
            ],
            [
              94.2939323,
              26.4713317
            ],
            [
              94.2939645,
              26.4712213
            ],
            [
              94.2938358,
              26.4710676
            ],
            [
              94.2937231,
              26.4709764
            ],
            [
              94.2934978,
              26.4708515
            ],
            [
              94.2934012,
              26.4707171
            ],
            [
              94.2935944,
              26.4706355
            ],
            [
              94.294163,
              26.4706499
            ],
            [
              94.2943132,
              26.4705874
            ],
            [
              94.2945224,
              26.4705538
            ],
            [
              94.2947692,
              26.4705154
            ],
            [
              94.2950427,
              26.4704338
            ],
            [
              94.2950696,
              26.4703089
            ],
            [
              94.2949676,
              26.4701601
            ],
            [
              94.2948979,
              26.4700688
            ],
            [
              94.294973,
              26.4698959
            ],
            [
              94.2951393,
              26.4698431
            ],
            [
              94.29537,
              26.4697855
            ],
            [
              94.2954451,
              26.4697567
            ],
            [
              94.2955685,
              26.4697711
            ],
            [
              94.2957079,
              26.4699536
            ],
            [
              94.2959332,
              26.4700448
            ],
            [
              94.2960191,
              26.4698959
            ],
            [
              94.2960459,
              26.4695982
            ],
            [
              94.2961585,
              26.4693005
            ],
            [
              94.2962068,
              26.4687626
            ],
            [
              94.2963248,
              26.468561
            ],
            [
              94.2964482,
              26.4684553
            ],
            [
              94.296475,
              26.4682824
            ],
            [
              94.2963839,
              26.4680471
            ],
            [
              94.2962444,
              26.4679031
            ],
            [
              94.296239,
              26.4677158
            ],
            [
              94.2965823,
              26.4677446
            ],
            [
              94.2969096,
              26.4677734
            ],
            [
              94.297269,
              26.4678646
            ],
            [
              94.2974406,
              26.4680423
            ],
            [
              94.2976767,
              26.4682392
            ],
            [
              94.2978913,
              26.4682296
            ],
            [
              94.2977947,
              26.4679847
            ],
            [
              94.2977732,
              26.467783
            ],
            [
              94.2978644,
              26.4676678
            ],
            [
              94.2979664,
              26.4674661
            ],
            [
              94.2981166,
              26.4671827
            ],
            [
              94.2987388,
              26.4671395
            ],
            [
              94.2988461,
              26.4671203
            ],
            [
              94.2990285,
              26.4670051
            ],
            [
              94.2990339,
              26.4667794
            ],
            [
              94.2991626,
              26.4666209
            ],
            [
              94.2993128,
              26.4665008
            ],
            [
              94.2994845,
              26.4662463
            ],
            [
              94.2996401,
              26.4660878
            ],
            [
              94.3000156,
              26.4660734
            ],
            [
              94.3001389,
              26.4659294
            ],
            [
              94.3000907,
              26.4657709
            ],
            [
              94.3000102,
              26.465454
            ],
            [
              94.3000746,
              26.4650698
            ],
            [
              94.2997849,
              26.4648681
            ],
            [
              94.2996561,
              26.4647048
            ],
            [
              94.2995918,
              26.4643782
            ],
            [
              94.2997098,
              26.4640133
            ],
            [
              94.29986,
              26.4637636
            ],
            [
              94.3000746,
              26.4636867
            ],
            [
              94.3003964,
              26.4636867
            ],
            [
              94.3007183,
              26.4637828
            ],
            [
              94.3009758,
              26.4639556
            ],
            [
              94.3012226,
              26.4640133
            ],
            [
              94.3014586,
              26.4640133
            ],
            [
              94.3016517,
              26.463946
            ],
            [
              94.301877,
              26.4635042
            ],
            [
              94.3023384,
              26.4637347
            ],
            [
              94.3026602,
              26.4643686
            ],
            [
              94.3031537,
              26.4644455
            ],
            [
              94.3035185,
              26.464311
            ],
            [
              94.3037331,
              26.4639268
            ],
            [
              94.3037438,
              26.4635811
            ],
            [
              94.3038618,
              26.4633986
            ],
            [
              94.304055,
              26.4633313
            ],
            [
              94.304291,
              26.4633602
            ],
            [
              94.3044627,
              26.4633602
            ],
            [
              94.3048167,
              26.463389
            ],
            [
              94.305203,
              26.4634274
            ],
            [
              94.3055248,
              26.4634178
            ],
            [
              94.3057394,
              26.4632545
            ],
            [
              94.3058252,
              26.4628511
            ],
            [
              94.3058789,
              26.4626878
            ],
            [
              94.3059969,
              26.4622268
            ],
            [
              94.3061042,
              26.4618714
            ],
            [
              94.3063617,
              26.4614008
            ],
            [
              94.3065977,
              26.4609494
            ],
            [
              94.3069303,
              26.4608533
            ],
            [
              94.3072414,
              26.4611222
            ],
            [
              94.3072951,
              26.461468
            ],
            [
              94.3073165,
              26.4618234
            ],
            [
              94.3073702,
              26.4621884
            ],
            [
              94.3074345,
              26.4624765
            ],
            [
              94.3077028,
              26.4626206
            ],
            [
              94.3080997,
              26.4625149
            ],
            [
              94.3083358,
              26.4621788
            ],
            [
              94.3085396,
              26.4618714
            ],
            [
              94.3087113,
              26.4617274
            ],
            [
              94.3090868,
              26.4614008
            ],
            [
              94.3094516,
              26.4611511
            ],
            [
              94.3099558,
              26.4609109
            ],
            [
              94.3103635,
              26.4607188
            ],
            [
              94.3106961,
              26.4605844
            ],
            [
              94.3109965,
              26.4604499
            ],
            [
              94.3114042,
              26.4604403
            ],
            [
              94.3118763,
              26.4604883
            ],
            [
              94.3128741,
              26.4605075
            ],
            [
              94.3132281,
              26.4603827
            ],
            [
              94.3137431,
              26.4599889
            ],
            [
              94.3141615,
              26.4595374
            ],
            [
              94.3145049,
              26.459086
            ],
            [
              94.3153524,
              26.4585289
            ],
            [
              94.315803,
              26.4583368
            ],
            [
              94.3168437,
              26.4584425
            ],
            [
              94.3167901,
              26.4609398
            ],
            [
              94.3173802,
              26.4620635
            ],
            [
              94.3183458,
              26.4630912
            ],
            [
              94.3186891,
              26.4643014
            ],
            [
              94.3185604,
              26.4651274
            ],
            [
              94.3186784,
              26.4656268
            ],
            [
              94.3189466,
              26.465915
            ],
            [
              94.3195474,
              26.466059
            ],
            [
              94.3199015,
              26.4659246
            ],
            [
              94.3201697,
              26.4653099
            ],
            [
              94.320395,
              26.4648873
            ],
            [
              94.3206632,
              26.4645415
            ],
            [
              94.3211031,
              26.4643302
            ],
            [
              94.3214679,
              26.4642438
            ],
            [
              94.322015,
              26.4644071
            ],
            [
              94.3222403,
              26.4647816
            ],
            [
              94.3224442,
              26.465089
            ],
            [
              94.3227553,
              26.4653099
            ],
            [
              94.323324,
              26.4653963
            ],
            [
              94.3238068,
              26.4653963
            ],
            [
              94.3240428,
              26.4655788
            ],
            [
              94.3238819,
              26.4657997
            ],
            [
              94.3234527,
              26.4660975
            ],
            [
              94.3232596,
              26.4663664
            ],
            [
              94.3228948,
              26.4670099
            ],
            [
              94.3228626,
              26.4677686
            ],
            [
              94.3221438,
              26.4688731
            ],
            [
              94.3219936,
              26.4692573
            ],
            [
              94.3212426,
              26.4705346
            ],
            [
              94.3211353,
              26.4710052
            ],
            [
              94.3211675,
              26.4714374
            ],
            [
              94.3212855,
              26.4717159
            ],
            [
              94.3220901,
              26.4721097
            ],
            [
              94.3225086,
              26.4722345
            ],
            [
              94.3228841,
              26.4722825
            ],
            [
              94.3231738,
              26.4724266
            ],
            [
              94.3230986,
              26.4727243
            ],
            [
              94.3229055,
              26.4729644
            ],
            [
              94.3225944,
              26.4731661
            ],
            [
              94.3220258,
              26.4731373
            ],
            [
              94.3218112,
              26.4729644
            ],
            [
              94.321264,
              26.4726571
            ],
            [
              94.320749,
              26.4726091
            ],
            [
              94.3203199,
              26.4726763
            ],
            [
              94.3200087,
              26.4729164
            ],
            [
              94.3196762,
              26.473435
            ],
            [
              94.3194401,
              26.4739728
            ],
            [
              94.3193114,
              26.4746259
            ],
            [
              94.3198371,
              26.4751829
            ],
            [
              94.320234,
              26.4752885
            ],
            [
              94.3208134,
              26.4753654
            ],
            [
              94.3213391,
              26.4755478
            ],
            [
              94.3218541,
              26.475567
            ],
            [
              94.3225515,
              26.4755286
            ],
            [
              94.3232381,
              26.4754998
            ],
            [
              94.3236995,
              26.475519
            ],
            [
              94.3243968,
              26.4756439
            ],
            [
              94.325062,
              26.4755958
            ],
            [
              94.3256199,
              26.4753846
            ],
            [
              94.3260813,
              26.4753077
            ],
            [
              94.3264139,
              26.4753654
            ],
            [
              94.3264675,
              26.4757879
            ],
            [
              94.3263817,
              26.4765274
            ],
            [
              94.3257379,
              26.4788514
            ],
            [
              94.3255877,
              26.4797157
            ],
            [
              94.3254375,
              26.480436
            ],
            [
              94.3252551,
              26.4810986
            ],
            [
              94.3250513,
              26.4817036
            ],
            [
              94.3247831,
              26.4821069
            ],
            [
              94.3247938,
              26.4825487
            ],
            [
              94.3254161,
              26.4828272
            ],
            [
              94.3261242,
              26.4825871
            ],
            [
              94.3276477,
              26.4820493
            ],
            [
              94.3280661,
              26.4816172
            ],
            [
              94.3281197,
              26.4812619
            ],
            [
              94.327991,
              26.4807721
            ],
            [
              94.3278193,
              26.4802055
            ],
            [
              94.3278837,
              26.4798694
            ],
            [
              94.3282592,
              26.4796293
            ],
            [
              94.328624,
              26.4794949
            ],
            [
              94.3292677,
              26.4794084
            ],
            [
              94.3297827,
              26.4794949
            ],
            [
              94.3303621,
              26.4795429
            ],
            [
              94.3309522,
              26.4793316
            ],
            [
              94.3313277,
              26.4789283
            ],
            [
              94.3314993,
              26.4785057
            ],
            [
              94.3318856,
              26.4782464
            ],
            [
              94.3321967,
              26.4784097
            ],
            [
              94.3324435,
              26.4788802
            ],
            [
              94.3326795,
              26.4793604
            ],
            [
              94.3330014,
              26.4797253
            ],
            [
              94.333334,
              26.4798886
            ],
            [
              94.3339455,
              26.4798694
            ],
            [
              94.3346643,
              26.4796773
            ],
            [
              94.3350935,
              26.4800326
            ],
            [
              94.3354905,
              26.4805704
            ],
            [
              94.3356192,
              26.4813771
            ],
            [
              94.3356728,
              26.4820205
            ],
            [
              94.3357158,
              26.4827791
            ],
            [
              94.3358338,
              26.4833169
            ],
            [
              94.3360913,
              26.4835762
            ],
            [
              94.3364453,
              26.4836914
            ],
            [
              94.3369388,
              26.4835474
            ],
            [
              94.3372714,
              26.4832017
            ],
            [
              94.3374109,
              26.4826735
            ],
            [
              94.33725,
              26.4821742
            ],
            [
              94.3369388,
              26.4816556
            ],
            [
              94.3371212,
              26.4811466
            ],
            [
              94.3374538,
              26.4806665
            ],
            [
              94.3380546,
              26.4805128
            ],
            [
              94.3386018,
              26.4804936
            ],
            [
              94.3392241,
              26.4804936
            ],
            [
              94.3397283,
              26.4808009
            ],
            [
              94.3406939,
              26.4828848
            ],
            [
              94.3409729,
              26.4833937
            ],
            [
              94.3413055,
              26.4838835
            ],
            [
              94.3415844,
              26.484354
            ],
            [
              94.3420136,
              26.4847574
            ],
            [
              94.3424857,
              26.4851415
            ],
            [
              94.3428719,
              26.4850743
            ],
            [
              94.3431938,
              26.484959
            ],
            [
              94.3435264,
              26.4850262
            ],
            [
              94.3438804,
              26.4851319
            ],
            [
              94.344331,
              26.4861786
            ],
            [
              94.3445778,
              26.4868796
            ],
            [
              94.344846,
              26.4879359
            ],
            [
              94.3451357,
              26.488368
            ],
            [
              94.345361,
              26.4882335
            ],
            [
              94.3457365,
              26.4881087
            ],
            [
              94.346112,
              26.487859
            ],
            [
              94.3462729,
              26.4872829
            ],
            [
              94.3461871,
              26.4869948
            ],
            [
              94.3457365,
              26.4866587
            ],
            [
              94.3454146,
              26.4863898
            ],
            [
              94.3454683,
              26.4860633
            ],
            [
              94.3458974,
              26.4859193
            ],
            [
              94.34623,
              26.4860345
            ],
            [
              94.3468201,
              26.4862074
            ],
            [
              94.3473458,
              26.4864571
            ],
            [
              94.3477106,
              26.4866875
            ],
            [
              94.3481076,
              26.487014
            ],
            [
              94.3484402,
              26.4874173
            ],
            [
              94.3486011,
              26.4878686
            ],
            [
              94.3487084,
              26.4884256
            ],
            [
              94.3488371,
              26.4888385
            ],
            [
              94.3492556,
              26.4895395
            ],
            [
              94.3499958,
              26.4905766
            ],
            [
              94.3500817,
              26.4909222
            ],
            [
              94.3498456,
              26.4913735
            ],
            [
              94.349395,
              26.4918249
            ],
            [
              94.3489444,
              26.4920745
            ],
            [
              94.3487084,
              26.4923626
            ],
            [
              94.3486977,
              26.4927467
            ],
            [
              94.3487406,
              26.4931692
            ],
            [
              94.3490302,
              26.4934476
            ],
            [
              94.349556,
              26.4935341
            ],
            [
              94.3498778,
              26.4935629
            ],
            [
              94.3502319,
              26.4936973
            ],
            [
              94.3503499,
              26.4940814
            ],
            [
              94.3496096,
              26.4950992
            ],
            [
              94.3491912,
              26.4953584
            ],
            [
              94.3485796,
              26.4956657
            ],
            [
              94.3484616,
              26.495925
            ],
            [
              94.3484616,
              26.4964627
            ],
            [
              94.3487406,
              26.4966931
            ],
            [
              94.3496203,
              26.4972116
            ],
            [
              94.3501031,
              26.4973844
            ],
            [
              94.3507898,
              26.4972884
            ],
            [
              94.3511975,
              26.497106
            ],
            [
              94.3517125,
              26.4969908
            ],
            [
              94.3521631,
              26.4971348
            ],
            [
              94.3523455,
              26.4974613
            ],
            [
              94.3524635,
              26.4978837
            ],
            [
              94.3524849,
              26.4982774
            ],
            [
              94.3524206,
              26.4988151
            ],
            [
              94.3525386,
              26.4990359
            ],
            [
              94.3527424,
              26.499228
            ],
            [
              94.3530965,
              26.4995448
            ],
            [
              94.3529785,
              26.4999577
            ],
            [
              94.3519699,
              26.5009851
            ],
            [
              94.3514335,
              26.5013499
            ],
            [
              94.3508434,
              26.5017916
            ],
            [
              94.3504035,
              26.5023485
            ],
            [
              94.3501568,
              26.5028958
            ],
            [
              94.3500173,
              26.5035102
            ],
            [
              94.3501139,
              26.5040287
            ],
            [
              94.3505001,
              26.5042303
            ],
            [
              94.3506718,
              26.5042783
            ],
            [
              94.3509936,
              26.504384
            ],
            [
              94.3512833,
              26.5043264
            ],
            [
              94.3515837,
              26.5041151
            ],
            [
              94.3520236,
              26.5039135
            ],
            [
              94.352324,
              26.5037983
            ],
            [
              94.3530106,
              26.5038079
            ],
            [
              94.3532681,
              26.5039711
            ],
            [
              94.3534613,
              26.5043552
            ],
            [
              94.3536115,
              26.5046336
            ],
            [
              94.353987,
              26.5049408
            ],
            [
              94.3541157,
              26.5048736
            ],
            [
              94.3541801,
              26.5045472
            ],
            [
              94.3543303,
              26.5041727
            ],
            [
              94.3545449,
              26.5038559
            ],
            [
              94.3548882,
              26.5039807
            ],
            [
              94.3552959,
              26.5041919
            ],
            [
              94.3556178,
              26.5043456
            ],
            [
              94.355886,
              26.5047392
            ],
            [
              94.356122,
              26.5052097
            ],
            [
              94.3564653,
              26.5055841
            ],
            [
              94.3568301,
              26.5060066
            ],
            [
              94.3576991,
              26.5063138
            ],
            [
              94.3581605,
              26.5063618
            ],
            [
              94.3591905,
              26.5061986
            ],
            [
              94.360038,
              26.5058145
            ],
            [
              94.3610358,
              26.5050752
            ],
            [
              94.3615615,
              26.5052193
            ],
            [
              94.3623876,
              26.5053057
            ],
            [
              94.3630099,
              26.5054977
            ],
            [
              94.3636536,
              26.5058721
            ],
            [
              94.3640935,
              26.5062082
            ],
            [
              94.3642867,
              26.5064866
            ],
            [
              94.3646729,
              26.5067554
            ],
            [
              94.3650913,
              26.506765
            ],
            [
              94.3654561,
              26.506525
            ],
            [
              94.365499,
              26.5062082
            ],
            [
              94.3653595,
              26.5056609
            ],
            [
              94.3650162,
              26.5051617
            ],
            [
              94.3648553,
              26.505008
            ],
            [
              94.3640292,
              26.50448
            ],
            [
              94.3636858,
              26.5042591
            ],
            [
              94.3635678,
              26.5039711
            ],
            [
              94.3637502,
              26.5036063
            ],
            [
              94.3643296,
              26.5034814
            ],
            [
              94.3649197,
              26.5034046
            ],
            [
              94.3655527,
              26.503491
            ],
            [
              94.3662822,
              26.5035487
            ],
            [
              94.3669259,
              26.5036063
            ],
            [
              94.3676019,
              26.5037311
            ],
            [
              94.3683422,
              26.5040383
            ],
            [
              94.3695223,
              26.5048352
            ],
            [
              94.3700695,
              26.5050176
            ],
            [
              94.3705737,
              26.5051713
            ],
            [
              94.3710458,
              26.5053825
            ],
            [
              94.3712926,
              26.5056513
            ],
            [
              94.3713999,
              26.505949
            ],
            [
              94.3713784,
              26.5064962
            ],
            [
              94.371314,
              26.5070147
            ],
            [
              94.3716788,
              26.5073315
            ],
            [
              94.3721831,
              26.5074563
            ],
            [
              94.3725157,
              26.5073891
            ],
            [
              94.3728697,
              26.5070243
            ],
            [
              94.373256,
              26.5068323
            ],
            [
              94.3735778,
              26.5068611
            ],
            [
              94.3738997,
              26.5070723
            ],
            [
              94.3740928,
              26.5077059
            ],
            [
              94.3741679,
              26.5096933
            ],
            [
              94.3740713,
              26.510039
            ],
            [
              94.3735671,
              26.5102598
            ],
            [
              94.3729126,
              26.5101158
            ],
            [
              94.3725479,
              26.5099141
            ],
            [
              94.3720436,
              26.5099909
            ],
            [
              94.3717968,
              26.510231
            ],
            [
              94.3715823,
              26.5111046
            ],
            [
              94.3716574,
              26.5114407
            ],
            [
              94.3721294,
              26.5117671
            ],
            [
              94.3732881,
              26.5115943
            ],
            [
              94.3738782,
              26.5113638
            ],
            [
              94.374361,
              26.5115655
            ],
            [
              94.3745327,
              26.5126407
            ],
            [
              94.3746614,
              26.5131496
            ],
            [
              94.3747902,
              26.51338
            ],
            [
              94.3751979,
              26.5136968
            ],
            [
              94.3756914,
              26.5139848
            ],
            [
              94.3759704,
              26.5140232
            ],
            [
              94.3765712,
              26.5140904
            ],
            [
              94.3766355,
              26.514532
            ],
            [
              94.3763029,
              26.5149928
            ],
            [
              94.3750048,
              26.5159337
            ],
            [
              94.3744898,
              26.5162985
            ],
            [
              94.3739962,
              26.5165289
            ],
            [
              94.3732452,
              26.5165289
            ],
            [
              94.3725049,
              26.5163657
            ],
            [
              94.3720329,
              26.5161737
            ],
            [
              94.371988,
              26.5162601
            ],
            [
              94.3718183,
              26.5165865
            ],
            [
              94.3718505,
              26.5170473
            ],
            [
              94.3720901,
              26.5175048
            ],
            [
              94.3721723,
              26.5176617
            ],
            [
              94.3724835,
              26.5181993
            ],
            [
              94.3727123,
              26.518488
            ],
            [
              94.3729019,
              26.5187273
            ],
            [
              94.3734062,
              26.5190441
            ],
            [
              94.374007,
              26.5192265
            ],
            [
              94.3745112,
              26.5191017
            ],
            [
              94.3750155,
              26.5189001
            ],
            [
              94.3755412,
              26.5189097
            ],
            [
              94.3756485,
              26.5196777
            ],
            [
              94.3757236,
              26.5199849
            ],
            [
              94.3756699,
              26.5204937
            ],
            [
              94.3754125,
              26.5209257
            ],
            [
              94.3751442,
              26.5213673
            ],
            [
              94.3752622,
              26.5217993
            ],
            [
              94.3754339,
              26.5221449
            ],
            [
              94.3755284,
              26.522235
            ],
            [
              94.3757665,
              26.5224617
            ],
            [
              94.3763995,
              26.5228649
            ],
            [
              94.3768072,
              26.5230953
            ],
            [
              94.3778694,
              26.5224425
            ],
            [
              94.3779659,
              26.5219145
            ],
            [
              94.3782878,
              26.5213865
            ],
            [
              94.3786955,
              26.5213385
            ],
            [
              94.3790924,
              26.5216073
            ],
            [
              94.3791246,
              26.5222985
            ],
            [
              94.3793285,
              26.52394
            ],
            [
              94.3796074,
              26.5242376
            ],
            [
              94.3797576,
              26.524804
            ],
            [
              94.3798005,
              26.5252744
            ],
            [
              94.3799078,
              26.5255719
            ],
            [
              94.380219,
              26.5259367
            ],
            [
              94.3805945,
              26.5260807
            ],
            [
              94.3811631,
              26.5262535
            ],
            [
              94.3818176,
              26.5263687
            ],
            [
              94.3824613,
              26.5265031
            ],
            [
              94.3830085,
              26.5263783
            ],
            [
              94.3834376,
              26.5260615
            ],
            [
              94.3837166,
              26.5257255
            ],
            [
              94.3840384,
              26.5254087
            ],
            [
              94.3849397,
              26.5253128
            ],
            [
              94.3852937,
              26.5254951
            ],
            [
              94.3856048,
              26.5257735
            ],
            [
              94.3857336,
              26.5261671
            ],
            [
              94.3857443,
              26.5266375
            ],
            [
              94.3857443,
              26.5272038
            ],
            [
              94.385916,
              26.5284709
            ],
            [
              94.3860662,
              26.5289797
            ],
            [
              94.3861306,
              26.5293829
            ],
            [
              94.3860447,
              26.529882
            ],
            [
              94.3854546,
              26.530362
            ],
            [
              94.3847787,
              26.5306115
            ],
            [
              94.3842637,
              26.5308131
            ],
            [
              94.3842208,
              26.5312067
            ],
            [
              94.3843496,
              26.5315714
            ],
            [
              94.3845749,
              26.5317826
            ],
            [
              94.3849718,
              26.5319458
            ],
            [
              94.3854976,
              26.5321858
            ],
            [
              94.3859696,
              26.5321474
            ],
            [
              94.386313,
              26.5317634
            ],
            [
              94.3864417,
              26.5314179
            ],
            [
              94.3865275,
              26.5307459
            ],
            [
              94.386667,
              26.5301796
            ],
            [
              94.3868387,
              26.5295556
            ],
            [
              94.387064,
              26.5289509
            ],
            [
              94.387418,
              26.5287301
            ],
            [
              94.388684,
              26.5284901
            ],
            [
              94.3897247,
              26.5283558
            ],
            [
              94.3908942,
              26.5277798
            ],
            [
              94.3913233,
              26.5277894
            ],
            [
              94.3919885,
              26.5278086
            ],
            [
              94.3926215,
              26.5278374
            ],
            [
              94.3932867,
              26.5277798
            ],
            [
              94.3936944,
              26.5275974
            ],
            [
              94.3940806,
              26.5272326
            ],
            [
              94.3944347,
              26.5269351
            ],
            [
              94.3947995,
              26.5266855
            ],
            [
              94.395293,
              26.5266375
            ],
            [
              94.3957436,
              26.5270406
            ],
            [
              94.396441,
              26.5285573
            ],
            [
              94.3966877,
              26.5294597
            ],
            [
              94.3968058,
              26.530074
            ],
            [
              94.3971062,
              26.5305636
            ],
            [
              94.3976962,
              26.5311299
            ],
            [
              94.3972671,
              26.5320514
            ],
            [
              94.3969345,
              26.532253
            ],
            [
              94.3963015,
              26.532349
            ],
            [
              94.3958723,
              26.532349
            ],
            [
              94.3954861,
              26.5322818
            ],
            [
              94.3951428,
              26.532253
            ],
            [
              94.3949282,
              26.532349
            ],
            [
              94.3944991,
              26.5332897
            ],
            [
              94.394542,
              26.5336832
            ],
            [
              94.3946385,
              26.533904
            ],
            [
              94.3948853,
              26.5345951
            ],
            [
              94.3947673,
              26.5351038
            ],
            [
              94.3947351,
              26.5356605
            ],
            [
              94.3949282,
              26.5359581
            ],
            [
              94.3953574,
              26.5361885
            ],
            [
              94.3959367,
              26.5361885
            ],
            [
              94.3963659,
              26.5359101
            ],
            [
              94.3965804,
              26.5355166
            ],
            [
              94.3969023,
              26.5349982
            ],
            [
              94.3972242,
              26.5346719
            ],
            [
              94.3976426,
              26.5345471
            ],
            [
              94.3982863,
              26.5346431
            ],
            [
              94.3987262,
              26.535075
            ],
            [
              94.3989622,
              26.5356701
            ],
            [
              94.3990374,
              26.5364956
            ],
            [
              94.3996918,
              26.5375418
            ],
            [
              94.4006145,
              26.5379834
            ],
            [
              94.4006359,
              26.5384345
            ],
            [
              94.4005823,
              26.5388568
            ],
            [
              94.4002604,
              26.5390584
            ],
            [
              94.3995523,
              26.5390392
            ],
            [
              94.3988228,
              26.5387321
            ],
            [
              94.3984151,
              26.5384057
            ],
            [
              94.398061,
              26.5379354
            ],
            [
              94.397707,
              26.5376762
            ],
            [
              94.3969667,
              26.5374363
            ],
            [
              94.3966663,
              26.5375418
            ],
            [
              94.396323,
              26.5377722
            ],
            [
              94.396323,
              26.5381274
            ],
            [
              94.3968058,
              26.5388184
            ],
            [
              94.3971491,
              26.5392888
            ],
            [
              94.3976104,
              26.5399606
            ],
            [
              94.3980074,
              26.5404597
            ],
            [
              94.3986511,
              26.5408341
            ],
            [
              94.3992948,
              26.541026
            ],
            [
              94.3999708,
              26.5409205
            ],
            [
              94.400357,
              26.5406037
            ],
            [
              94.4007325,
              26.5402006
            ],
            [
              94.4011295,
              26.5400854
            ],
            [
              94.4015908,
              26.5401718
            ],
            [
              94.4020414,
              26.5408629
            ],
            [
              94.4020843,
              26.5411508
            ],
            [
              94.4018805,
              26.5415347
            ],
            [
              94.4015586,
              26.5419283
            ],
            [
              94.4010758,
              26.542197
            ],
            [
              94.400357,
              26.542341
            ],
            [
              94.3996596,
              26.5423218
            ],
            [
              94.3990588,
              26.5423122
            ],
            [
              94.3986189,
              26.5426577
            ],
            [
              94.3986189,
              26.5431664
            ],
            [
              94.3987691,
              26.5437135
            ],
            [
              94.3990159,
              26.5441166
            ],
            [
              94.3994665,
              26.5445101
            ],
            [
              94.4004321,
              26.5445485
            ],
            [
              94.4009364,
              26.5443374
            ],
            [
              94.4011617,
              26.5437903
            ],
            [
              94.401226,
              26.5431376
            ],
            [
              94.4014299,
              26.5426865
            ],
            [
              94.4017625,
              26.5424562
            ],
            [
              94.4019449,
              26.5423506
            ],
            [
              94.4023847,
              26.542341
            ],
            [
              94.4026637,
              26.5426001
            ],
            [
              94.402771,
              26.5430608
            ],
            [
              94.4027603,
              26.5435311
            ],
            [
              94.4026637,
              26.5439055
            ],
            [
              94.4024813,
              26.5444909
            ],
            [
              94.4025028,
              26.5448556
            ],
            [
              94.4025779,
              26.5452108
            ],
            [
              94.4028139,
              26.5458634
            ],
            [
              94.4033933,
              26.5466312
            ],
            [
              94.4037795,
              26.5468904
            ],
            [
              94.4041014,
              26.5470727
            ],
            [
              94.4043696,
              26.5475526
            ],
            [
              94.4043696,
              26.5479173
            ],
            [
              94.4042516,
              26.548378
            ],
            [
              94.4038975,
              26.5485796
            ],
            [
              94.4033933,
              26.5485892
            ],
            [
              94.4029426,
              26.5485028
            ],
            [
              94.4024491,
              26.5481477
            ],
            [
              94.4019878,
              26.5478597
            ],
            [
              94.4013548,
              26.5476102
            ],
            [
              94.4007432,
              26.5478309
            ],
            [
              94.4005716,
              26.5486659
            ],
            [
              94.4005179,
              26.5491842
            ],
            [
              94.4002175,
              26.5497792
            ],
            [
              94.4001639,
              26.5502303
            ],
            [
              94.4001853,
              26.5506142
            ],
            [
              94.4003463,
              26.5507774
            ],
            [
              94.4008183,
              26.5509021
            ],
            [
              94.4013762,
              26.5506142
            ],
            [
              94.4019556,
              26.5502495
            ],
            [
              94.402535,
              26.5498656
            ],
            [
              94.4027596,
              26.5497724
            ],
            [
              94.4031217,
              26.5496222
            ],
            [
              94.4032752,
              26.5495585
            ],
            [
              94.4038761,
              26.549357
            ],
            [
              94.4044661,
              26.5493761
            ],
            [
              94.4050348,
              26.5495201
            ],
            [
              94.4057107,
              26.5496545
            ],
            [
              94.4061506,
              26.5497984
            ],
            [
              94.4062257,
              26.5503455
            ],
            [
              94.4062042,
              26.5508062
            ],
            [
              94.4060755,
              26.5512572
            ],
            [
              94.4058287,
              26.5518235
            ],
            [
              94.4054425,
              26.5523897
            ],
            [
              94.405024,
              26.5527064
            ],
            [
              94.4044876,
              26.5528696
            ],
            [
              94.4039619,
              26.5528888
            ],
            [
              94.4035005,
              26.5528504
            ],
            [
              94.4030177,
              26.5528504
            ],
            [
              94.4028675,
              26.5531575
            ],
            [
              94.4029105,
              26.553599
            ],
            [
              94.4031572,
              26.5540116
            ],
            [
              94.4036829,
              26.5542612
            ],
            [
              94.4042301,
              26.5542708
            ],
            [
              94.4046485,
              26.554194
            ],
            [
              94.4058072,
              26.5541076
            ],
            [
              94.4060433,
              26.5543475
            ],
            [
              94.4061828,
              26.5546738
            ],
            [
              94.4060862,
              26.5550481
            ],
            [
              94.4056034,
              26.5555759
            ],
            [
              94.4050133,
              26.5558639
            ],
            [
              94.4047451,
              26.5562765
            ],
            [
              94.4048953,
              26.5566508
            ],
            [
              94.4055176,
              26.5569195
            ],
            [
              94.4061077,
              26.5570347
            ],
            [
              94.4063866,
              26.5573322
            ],
            [
              94.4062364,
              26.5578504
            ],
            [
              94.4059467,
              26.5579944
            ],
            [
              94.4054425,
              26.5581287
            ],
            [
              94.4048738,
              26.5580903
            ],
            [
              94.4043696,
              26.5581863
            ],
            [
              94.4037366,
              26.558311
            ],
            [
              94.4030714,
              26.5582727
            ],
            [
              94.4027817,
              26.5581575
            ],
            [
              94.4024169,
              26.5582247
            ],
            [
              94.4021809,
              26.5584262
            ],
            [
              94.4019878,
              26.5586661
            ],
            [
              94.4019449,
              26.5590692
            ],
            [
              94.4021809,
              26.5594243
            ],
            [
              94.4024598,
              26.5596258
            ],
            [
              94.4030285,
              26.5598273
            ],
            [
              94.4035005,
              26.5599617
            ],
            [
              94.4041014,
              26.5600576
            ],
            [
              94.4046056,
              26.5601632
            ],
            [
              94.405185,
              26.5601824
            ],
            [
              94.4055605,
              26.5601056
            ],
            [
              94.4059574,
              26.5599041
            ],
            [
              94.4062579,
              26.5597122
            ],
            [
              94.4066334,
              26.5598849
            ],
            [
              94.406923,
              26.560288
            ],
            [
              94.4071054,
              26.5606334
            ],
            [
              94.4075239,
              26.5612668
            ],
            [
              94.4076955,
              26.562284
            ],
            [
              94.407599,
              26.5625911
            ],
            [
              94.4073522,
              26.5627734
            ],
            [
              94.4068801,
              26.5629366
            ],
            [
              94.4065153,
              26.5629942
            ],
            [
              94.4059789,
              26.5632629
            ],
            [
              94.4058287,
              26.5636755
            ],
            [
              94.4058609,
              26.5640018
            ],
            [
              94.4058502,
              26.564328
            ],
            [
              94.4058716,
              26.5647791
            ],
            [
              94.4059038,
              26.565326
            ],
            [
              94.4059896,
              26.5663912
            ],
            [
              94.4058502,
              26.566967
            ],
            [
              94.4057536,
              26.5672932
            ],
            [
              94.4056785,
              26.5676195
            ],
            [
              94.4057107,
              26.5680801
            ],
            [
              94.4060647,
              26.5685503
            ],
            [
              94.4066226,
              26.5693563
            ],
            [
              94.406966,
              26.5697786
            ],
            [
              94.4072342,
              26.5702488
            ],
            [
              94.4075239,
              26.570978
            ],
            [
              94.4082212,
              26.5716593
            ],
            [
              94.4086718,
              26.571832
            ],
            [
              94.4090688,
              26.5719664
            ],
            [
              94.4099808,
              26.5720431
            ],
            [
              94.4106245,
              26.5721583
            ],
            [
              94.4109142,
              26.5723982
            ],
            [
              94.411,
              26.573185
            ],
            [
              94.4112253,
              26.574135
            ],
            [
              94.4111717,
              26.5745476
            ],
            [
              94.4111502,
              26.5751425
            ],
            [
              94.4106889,
              26.5755647
            ],
            [
              94.4098091,
              26.5758045
            ],
            [
              94.4094443,
              26.5760156
            ],
            [
              94.4091225,
              26.5763899
            ],
            [
              94.4090688,
              26.576601
            ],
            [
              94.4091439,
              26.5769368
            ],
            [
              94.4092727,
              26.5771671
            ],
            [
              94.4095087,
              26.5773973
            ],
            [
              94.4099486,
              26.5774357
            ],
            [
              94.4105387,
              26.5773302
            ],
            [
              94.4110966,
              26.5771479
            ],
            [
              94.4115257,
              26.5769752
            ],
            [
              94.4121265,
              26.5767641
            ],
            [
              94.4125771,
              26.5766777
            ],
            [
              94.4129097,
              26.5767449
            ],
            [
              94.4132423,
              26.5772534
            ],
            [
              94.4133818,
              26.5776372
            ],
            [
              94.4133818,
              26.5779922
            ],
            [
              94.4131565,
              26.5783473
            ],
            [
              94.412781,
              26.578875
            ],
            [
              94.4125342,
              26.5790189
            ],
            [
              94.4118047,
              26.5794027
            ],
            [
              94.4114077,
              26.5795946
            ],
            [
              94.4110215,
              26.5799688
            ],
            [
              94.4110107,
              26.5802567
            ],
            [
              94.4112253,
              26.580698
            ],
            [
              94.41203,
              26.5818398
            ],
            [
              94.4120622,
              26.5823675
            ],
            [
              94.4121265,
              26.5828089
            ],
            [
              94.4121051,
              26.5831543
            ],
            [
              94.4118047,
              26.5833941
            ],
            [
              94.411236,
              26.5834709
            ],
            [
              94.4103777,
              26.5834133
            ],
            [
              94.4098198,
              26.583634
            ],
            [
              94.4095623,
              26.5839123
            ],
            [
              94.4092619,
              26.584392
            ],
            [
              94.4086182,
              26.5851595
            ],
            [
              94.408586,
              26.5857928
            ],
            [
              94.4089079,
              26.5869057
            ],
            [
              94.4090152,
              26.5874142
            ],
            [
              94.409101,
              26.5876541
            ],
            [
              94.4090474,
              26.5879323
            ],
            [
              94.408865,
              26.5882489
            ],
            [
              94.4086397,
              26.5884984
            ],
            [
              94.4083393,
              26.5885943
            ],
            [
              94.4080818,
              26.5885751
            ],
            [
              94.4078243,
              26.5883832
            ],
            [
              94.4075346,
              26.5880379
            ],
            [
              94.4073307,
              26.5878747
            ],
            [
              94.4068479,
              26.5877116
            ],
            [
              94.4063222,
              26.5878556
            ],
            [
              94.4062793,
              26.5881722
            ],
            [
              94.4063008,
              26.5886711
            ],
            [
              94.406451,
              26.5890836
            ],
            [
              94.4066763,
              26.589381
            ],
            [
              94.4070411,
              26.5897168
            ],
            [
              94.4073844,
              26.5899663
            ],
            [
              94.4075775,
              26.5902253
            ],
            [
              94.4077814,
              26.5906666
            ],
            [
              94.4078886,
              26.5910696
            ],
            [
              94.4079745,
              26.5915301
            ],
            [
              94.4076633,
              26.5919426
            ],
            [
              94.4073844,
              26.5921729
            ],
            [
              94.4067728,
              26.5921441
            ],
            [
              94.4063437,
              26.591981
            ],
            [
              94.4060218,
              26.5915589
            ],
            [
              94.4057858,
              26.5911367
            ],
            [
              94.4054103,
              26.5907626
            ],
            [
              94.4049168,
              26.5911847
            ],
            [
              94.40467,
              26.5919522
            ],
            [
              94.404155,
              26.5926814
            ],
            [
              94.4038439,
              26.5931898
            ],
            [
              94.4032001,
              26.5935736
            ],
            [
              94.402653,
              26.5936983
            ],
            [
              94.4022345,
              26.5935832
            ],
            [
              94.4017947,
              26.5933337
            ],
            [
              94.4012153,
              26.5931611
            ],
            [
              94.4009793,
              26.5933913
            ],
            [
              94.4009364,
              26.5938134
            ],
            [
              94.4011187,
              26.5942643
            ],
            [
              94.4013762,
              26.5953101
            ],
            [
              94.401505,
              26.5955979
            ],
            [
              94.4017732,
              26.5959912
            ],
            [
              94.4020092,
              26.5964805
            ],
            [
              94.4020843,
              26.5968546
            ],
            [
              94.4020522,
              26.5972767
            ],
            [
              94.4018376,
              26.5977372
            ],
            [
              94.4015586,
              26.5981018
            ],
            [
              94.4014299,
              26.5985814
            ],
            [
              94.401387,
              26.5990131
            ],
            [
              94.4021702,
              26.6000588
            ],
            [
              94.4027495,
              26.6004329
            ],
            [
              94.4029963,
              26.6007207
            ],
            [
              94.4030607,
              26.6011428
            ],
            [
              94.403007,
              26.6015553
            ],
            [
              94.4027817,
              26.6019103
            ],
            [
              94.4023526,
              26.6025914
            ],
            [
              94.4019556,
              26.6029367
            ],
            [
              94.4018483,
              26.6033684
            ],
            [
              94.4019449,
              26.6037329
            ],
            [
              94.4023096,
              26.6040303
            ],
            [
              94.402771,
              26.6042318
            ],
            [
              94.403168,
              26.6040783
            ],
            [
              94.4038331,
              26.6038481
            ],
            [
              94.404552,
              26.6036082
            ],
            [
              94.4049382,
              26.6038769
            ],
            [
              94.4054961,
              26.6053158
            ],
            [
              94.4047665,
              26.6064094
            ],
            [
              94.4044447,
              26.6071768
            ],
            [
              94.4040155,
              26.6080977
            ],
            [
              94.4034576,
              26.6090377
            ],
            [
              94.4031572,
              26.6096325
            ],
            [
              94.4031787,
              26.6104574
            ],
            [
              94.4030499,
              26.6110905
            ],
            [
              94.4069552,
              26.6126636
            ],
            [
              94.4126844,
              26.6137763
            ],
            [
              94.4212889,
              26.6164812
            ],
            [
              94.425838,
              26.617287
            ],
            [
              94.4301724,
              26.6196465
            ],
            [
              94.4345712,
              26.6216032
            ],
            [
              94.4393778,
              26.6245573
            ],
            [
              94.4436478,
              26.6288349
            ],
            [
              94.4479608,
              26.6327862
            ],
            [
              94.4498276,
              26.635414
            ],
            [
              94.4499779,
              26.6355866
            ],
            [
              94.450643,
              26.6353948
            ],
            [
              94.4510937,
              26.6352989
            ],
            [
              94.4513511,
              26.6356442
            ],
            [
              94.4515872,
              26.6360469
            ],
            [
              94.4520378,
              26.6352989
            ],
            [
              94.4525742,
              26.6348769
            ],
            [
              94.4531107,
              26.6345509
            ],
            [
              94.4535398,
              26.6343974
            ],
            [
              94.4540548,
              26.634455
            ],
            [
              94.4548058,
              26.6345509
            ],
            [
              94.4554281,
              26.6341864
            ],
            [
              94.4552994,
              26.6338028
            ],
            [
              94.4547629,
              26.6334384
            ],
            [
              94.4540548,
              26.6329972
            ],
            [
              94.453969,
              26.6323642
            ],
            [
              94.4550848,
              26.6320382
            ],
            [
              94.4560504,
              26.6322492
            ],
            [
              94.4569087,
              26.6326903
            ],
            [
              94.4573378,
              26.6330548
            ],
            [
              94.4579172,
              26.6336302
            ],
            [
              94.4584751,
              26.6334
            ],
            [
              94.4591617,
              26.6335535
            ],
            [
              94.459784,
              26.6335918
            ],
            [
              94.4604063,
              26.6334192
            ],
            [
              94.4608784,
              26.6330739
            ],
            [
              94.4613504,
              26.632767
            ],
            [
              94.4619512,
              26.6326136
            ],
            [
              94.4626808,
              26.6329013
            ],
            [
              94.4628095,
              26.6333808
            ],
            [
              94.463346,
              26.6337644
            ],
            [
              94.4640326,
              26.6335151
            ],
            [
              94.4647407,
              26.6330164
            ],
            [
              94.4650626,
              26.6329013
            ],
            [
              94.465642,
              26.6329972
            ],
            [
              94.4654488,
              26.6334767
            ],
            [
              94.4648695,
              26.6341672
            ],
            [
              94.4634318,
              26.6351455
            ],
            [
              94.4611573,
              26.6367758
            ],
            [
              94.4599771,
              26.637754
            ],
            [
              94.4598484,
              26.6385979
            ],
            [
              94.4596982,
              26.6395377
            ],
            [
              94.4593763,
              26.6408803
            ],
            [
              94.4594407,
              26.6418776
            ],
            [
              94.4599557,
              26.6433736
            ],
            [
              94.4598913,
              26.6450038
            ],
            [
              94.4580889,
              26.6472094
            ],
            [
              94.456737,
              26.6488587
            ],
            [
              94.4550204,
              26.6504122
            ],
            [
              94.4544625,
              26.6510834
            ],
            [
              94.4538831,
              26.6520806
            ],
            [
              94.4546771,
              26.6529245
            ],
            [
              94.4560933,
              26.6533847
            ],
            [
              94.4579816,
              26.653308
            ],
            [
              94.4589686,
              26.6538642
            ],
            [
              94.4591188,
              26.6551682
            ],
            [
              94.4593871,
              26.6588406
            ],
            [
              94.4597518,
              26.6610171
            ],
            [
              94.4600415,
              26.6616787
            ],
            [
              94.4621658,
              26.6627621
            ],
            [
              94.4629276,
              26.6629635
            ],
            [
              94.4645798,
              26.6631457
            ],
            [
              94.4655776,
              26.6634045
            ],
            [
              94.4665217,
              26.6637497
            ],
            [
              94.4676161,
              26.664162
            ],
            [
              94.4684636,
              26.6642866
            ],
            [
              94.4696545,
              26.6639894
            ],
            [
              94.4702554,
              26.6641332
            ],
            [
              94.4716072,
              26.6645934
            ],
            [
              94.4726372,
              26.6647468
            ],
            [
              94.4735598,
              26.6648427
            ],
            [
              94.4743645,
              26.6650057
            ],
            [
              94.4750619,
              26.6653892
            ],
            [
              94.4761455,
              26.6658302
            ],
            [
              94.4792569,
              26.6667794
            ],
            [
              94.4808984,
              26.6673451
            ],
            [
              94.4817567,
              26.6675848
            ],
            [
              94.4837201,
              26.6677957
            ],
            [
              94.4855654,
              26.6680929
            ],
            [
              94.4869709,
              26.667441
            ],
            [
              94.488709,
              26.6666452
            ],
            [
              94.4892883,
              26.6664534
            ],
            [
              94.4899535,
              26.6662904
            ],
            [
              94.4910693,
              26.6662233
            ],
            [
              94.4919062,
              26.6661275
            ],
            [
              94.4926035,
              26.6662809
            ],
            [
              94.4932258,
              26.6667123
            ],
            [
              94.4938159,
              26.6672013
            ],
            [
              94.4945025,
              26.6677574
            ],
            [
              94.4971633,
              26.6696748
            ],
            [
              94.4978499,
              26.670298
            ],
            [
              94.4986975,
              26.6711417
            ],
            [
              94.4999421,
              26.6716786
            ],
            [
              94.5010793,
              26.6722442
            ],
            [
              94.5025492,
              26.673922
            ],
            [
              94.5028067,
              26.6747848
            ],
            [
              94.5032787,
              26.6756956
            ],
            [
              94.5042443,
              26.6767022
            ],
            [
              94.5050597,
              26.6776321
            ],
            [
              94.5064545,
              26.6784278
            ],
            [
              94.5071626,
              26.6787537
            ],
            [
              94.5080209,
              26.6789551
            ],
            [
              94.5092225,
              26.6792522
            ],
            [
              94.5103383,
              26.6800192
            ],
            [
              94.5100808,
              26.6816297
            ],
            [
              94.509716,
              26.6827034
            ],
            [
              94.5086431,
              26.6836045
            ],
            [
              94.5078707,
              26.6845631
            ],
            [
              94.5078063,
              26.6858476
            ],
            [
              94.5096302,
              26.6856751
            ],
            [
              94.5106172,
              26.6848507
            ],
            [
              94.5118189,
              26.6832402
            ],
            [
              94.5122909,
              26.6823007
            ],
            [
              94.5133638,
              26.6804793
            ],
            [
              94.5146083,
              26.6809778
            ],
            [
              94.5164966,
              26.681438
            ],
            [
              94.5175695,
              26.6818981
            ],
            [
              94.5186853,
              26.6841605
            ],
            [
              94.5182991,
              26.6859627
            ],
            [
              94.5177841,
              26.6870747
            ],
            [
              94.5176982,
              26.6880332
            ],
            [
              94.5191145,
              26.6888001
            ],
            [
              94.5194149,
              26.6905639
            ],
            [
              94.5201015,
              26.6931519
            ],
            [
              94.5202517,
              26.6939379
            ],
            [
              94.5208955,
              26.6949444
            ],
            [
              94.5209491,
              26.6954524
            ],
            [
              94.5208526,
              26.6959317
            ],
            [
              94.5206916,
              26.6964493
            ],
            [
              94.5205629,
              26.6971969
            ],
            [
              94.5205736,
              26.6979733
            ],
            [
              94.5206809,
              26.698558
            ],
            [
              94.5211422,
              26.6992577
            ],
            [
              94.5217323,
              26.6992577
            ],
            [
              94.5223117,
              26.6989414
            ],
            [
              94.5225048,
              26.6979925
            ],
            [
              94.5227623,
              26.697494
            ],
            [
              94.5238244,
              26.6962672
            ],
            [
              94.5240497,
              26.6959317
            ],
            [
              94.5243394,
              26.6966793
            ],
            [
              94.5244145,
              26.6970819
            ],
            [
              94.5248651,
              26.6977241
            ],
            [
              94.5257342,
              26.6986251
            ],
            [
              94.5269143,
              26.6995165
            ],
            [
              94.5276976,
              26.6998136
            ],
            [
              94.5288134,
              26.7002353
            ],
            [
              94.5294678,
              26.7004654
            ],
            [
              94.530487,
              26.7006667
            ],
            [
              94.531399,
              26.7007625
            ],
            [
              94.5323217,
              26.7008967
            ],
            [
              94.5331693,
              26.701213
            ],
            [
              94.5346713,
              26.7018552
            ],
            [
              94.5352936,
              26.7024111
            ],
            [
              94.536066,
              26.7030245
            ],
            [
              94.536978,
              26.7038488
            ],
            [
              94.5380938,
              26.7046634
            ],
            [
              94.5392203,
              26.7053631
            ],
            [
              94.5407545,
              26.7054973
            ],
            [
              94.5416772,
              26.7055644
            ],
            [
              94.5427716,
              26.7053439
            ],
            [
              94.5444989,
              26.7049606
            ],
            [
              94.5454538,
              26.7047401
            ],
            [
              94.5465803,
              26.704558
            ],
            [
              94.5477068,
              26.7044717
            ],
            [
              94.5483935,
              26.7046155
            ],
            [
              94.5491123,
              26.7046922
            ],
            [
              94.5495307,
              26.7039829
            ],
            [
              94.5495307,
              26.7031107
            ],
            [
              94.5498311,
              26.7022577
            ],
            [
              94.5502496,
              26.7020277
            ],
            [
              94.5509791,
              26.702574
            ],
            [
              94.55217,
              26.7035133
            ],
            [
              94.5530605,
              26.7040692
            ],
            [
              94.5540368,
              26.7047209
            ],
            [
              94.5546269,
              26.7049701
            ],
            [
              94.5554209,
              26.7052385
            ],
            [
              94.55585,
              26.7053056
            ],
            [
              94.5566869,
              26.7053823
            ],
            [
              94.5576203,
              26.7053343
            ],
            [
              94.559133,
              26.7052097
            ],
            [
              94.5600986,
              26.7050372
            ],
            [
              94.5609248,
              26.7049222
            ],
            [
              94.5613003,
              26.7049606
            ],
            [
              94.5620406,
              26.7051427
            ],
            [
              94.5622873,
              26.7049893
            ],
            [
              94.5621157,
              26.7043184
            ],
            [
              94.5613432,
              26.7024302
            ],
            [
              94.5610642,
              26.701721
            ],
            [
              94.5608604,
              26.7011842
            ],
            [
              94.5608389,
              26.7006571
            ],
            [
              94.5609891,
              26.7003504
            ],
            [
              94.5620191,
              26.6994206
            ],
            [
              94.5621586,
              26.6988359
            ],
            [
              94.5624161,
              26.6975036
            ],
            [
              94.5624053,
              26.6961905
            ],
            [
              94.5617831,
              26.6939954
            ],
            [
              94.5609891,
              26.6912828
            ],
            [
              94.56056,
              26.6888959
            ],
            [
              94.5603132,
              26.6883783
            ],
            [
              94.560045,
              26.6877073
            ],
            [
              94.5597231,
              26.6870555
            ],
            [
              94.5597446,
              26.6864228
            ],
            [
              94.5599699,
              26.6861352
            ],
            [
              94.5603132,
              26.6859818
            ],
            [
              94.5606244,
              26.6857997
            ],
            [
              94.560914,
              26.6857038
            ],
            [
              94.5615899,
              26.6856176
            ],
            [
              94.5619547,
              26.6854546
            ],
            [
              94.5625341,
              26.6845631
            ],
            [
              94.5629096,
              26.6842851
            ],
            [
              94.5633173,
              26.6841509
            ],
            [
              94.563725,
              26.6841892
            ],
            [
              94.5641756,
              26.6843043
            ],
            [
              94.5646906,
              26.6844385
            ],
            [
              94.5651305,
              26.6842755
            ],
            [
              94.5655382,
              26.6840742
            ],
            [
              94.5661068,
              26.6837387
            ],
            [
              94.5669544,
              26.6835949
            ],
            [
              94.5674264,
              26.6837674
            ],
            [
              94.5673621,
              26.6839592
            ],
            [
              94.5672226,
              26.6843522
            ],
            [
              94.5674264,
              26.6845152
            ],
            [
              94.5677376,
              26.6847356
            ],
            [
              94.5681775,
              26.6850136
            ],
            [
              94.5685208,
              26.6853683
            ],
            [
              94.5687139,
              26.6862215
            ],
            [
              94.5689714,
              26.686394
            ],
            [
              94.5699906,
              26.6866433
            ],
            [
              94.570806,
              26.6865762
            ],
            [
              94.5712566,
              26.686557
            ],
            [
              94.5715678,
              26.6865857
            ],
            [
              94.5717072,
              26.68695
            ],
            [
              94.5716429,
              26.6872184
            ],
            [
              94.5712781,
              26.6874485
            ],
            [
              94.5707846,
              26.6876594
            ],
            [
              94.5702159,
              26.6879853
            ],
            [
              94.5697009,
              26.6882537
            ],
            [
              94.5693254,
              26.6883304
            ],
            [
              94.5690358,
              26.6882824
            ],
            [
              94.5687783,
              26.6880716
            ],
            [
              94.5684671,
              26.6877361
            ],
            [
              94.5681023,
              26.6874964
            ],
            [
              94.56792,
              26.6874389
            ],
            [
              94.5676196,
              26.6875443
            ],
            [
              94.5674479,
              26.6876785
            ],
            [
              94.5673299,
              26.6881003
            ],
            [
              94.5675123,
              26.6886275
            ],
            [
              94.567244,
              26.6894423
            ],
            [
              94.5670295,
              26.6898162
            ],
            [
              94.5667291,
              26.6902859
            ],
            [
              94.5664716,
              26.6906118
            ],
            [
              94.5665896,
              26.6907843
            ],
            [
              94.5669436,
              26.690976
            ],
            [
              94.5672977,
              26.691369
            ],
            [
              94.5676625,
              26.6923851
            ],
            [
              94.5679736,
              26.692826
            ],
            [
              94.5682847,
              26.693267
            ],
            [
              94.5686281,
              26.693612
            ],
            [
              94.5692718,
              26.6939284
            ],
            [
              94.5706236,
              26.6943309
            ],
            [
              94.5710957,
              26.694446
            ],
            [
              94.5718038,
              26.6946377
            ],
            [
              94.5725655,
              26.6950498
            ],
            [
              94.5729089,
              26.6954524
            ],
            [
              94.5731234,
              26.6957879
            ],
            [
              94.5733809,
              26.696248
            ],
            [
              94.5735848,
              26.6966985
            ],
            [
              94.573971,
              26.697264
            ],
            [
              94.5749688,
              26.6979254
            ],
            [
              94.5753765,
              26.6983663
            ],
            [
              94.5758164,
              26.6988647
            ],
            [
              94.576267,
              26.6995069
            ],
            [
              94.5764816,
              26.6999765
            ],
            [
              94.5766961,
              26.7005229
            ],
            [
              94.5769858,
              26.7008775
            ],
            [
              94.5773828,
              26.7010788
            ],
            [
              94.5780051,
              26.70105
            ],
            [
              94.5784771,
              26.7009829
            ],
            [
              94.5790028,
              26.70082
            ],
            [
              94.5796895,
              26.70059
            ],
            [
              94.5802152,
              26.7000916
            ],
            [
              94.5805585,
              26.6994973
            ],
            [
              94.5808267,
              26.6987688
            ],
            [
              94.5809877,
              26.6980021
            ],
            [
              94.5821786,
              26.6977241
            ],
            [
              94.582876,
              26.6977624
            ],
            [
              94.5834231,
              26.6977912
            ],
            [
              94.5840132,
              26.6978966
            ],
            [
              94.5844424,
              26.6981938
            ],
            [
              94.5847213,
              26.6984717
            ],
            [
              94.5851934,
              26.6985005
            ],
            [
              94.5857084,
              26.6983759
            ],
            [
              94.5865989,
              26.6979637
            ],
            [
              94.5882296,
              26.6972448
            ],
            [
              94.5898497,
              26.6967177
            ],
            [
              94.5902789,
              26.6965643
            ],
            [
              94.5907938,
              26.6964109
            ],
            [
              94.5915449,
              26.6969669
            ],
            [
              94.5918453,
              26.6971586
            ],
            [
              94.5922422,
              26.6973407
            ],
            [
              94.5931005,
              26.6973503
            ],
            [
              94.5934653,
              26.6971106
            ],
            [
              94.5937014,
              26.6969381
            ],
            [
              94.5939588,
              26.6969477
            ],
            [
              94.5941412,
              26.6971394
            ],
            [
              94.5940876,
              26.6976091
            ],
            [
              94.5940125,
              26.6979637
            ],
            [
              94.5938408,
              26.6983088
            ],
            [
              94.5935404,
              26.6987688
            ],
            [
              94.593122,
              26.6990947
            ],
            [
              94.5926607,
              26.6994398
            ],
            [
              94.5921135,
              26.6996602
            ],
            [
              94.5916843,
              26.7000628
            ],
            [
              94.5914483,
              26.7004366
            ],
            [
              94.5921135,
              26.7010309
            ],
            [
              94.5923388,
              26.7011459
            ],
            [
              94.5928645,
              26.7011842
            ],
            [
              94.5931327,
              26.7011363
            ],
            [
              94.5935833,
              26.7011555
            ],
            [
              94.5940125,
              26.7014526
            ],
            [
              94.5945275,
              26.7019318
            ],
            [
              94.5950639,
              26.7026028
            ],
            [
              94.5952034,
              26.7030532
            ],
            [
              94.5949244,
              26.7034941
            ],
            [
              94.5943987,
              26.7037817
            ],
            [
              94.5938837,
              26.7040788
            ],
            [
              94.5933473,
              26.704443
            ],
            [
              94.5928967,
              26.7047689
            ],
            [
              94.5925748,
              26.7054685
            ],
            [
              94.5927465,
              26.7065324
            ],
            [
              94.5929074,
              26.706887
            ],
            [
              94.5930791,
              26.7073087
            ],
            [
              94.5931435,
              26.7078263
            ],
            [
              94.5931435,
              26.7082575
            ],
            [
              94.5930362,
              26.7088134
            ],
            [
              94.5928645,
              26.7092926
            ],
            [
              94.5927572,
              26.7098102
            ],
            [
              94.5927465,
              26.7102894
            ],
            [
              94.5930684,
              26.7108165
            ],
            [
              94.5931327,
              26.7121391
            ],
            [
              94.5931542,
              26.7125128
            ],
            [
              94.5934331,
              26.7132699
            ],
            [
              94.5937765,
              26.7136725
            ],
            [
              94.5939159,
              26.7140654
            ],
            [
              94.5938837,
              26.7147458
            ],
            [
              94.5939696,
              26.7153592
            ],
            [
              94.5942807,
              26.7156946
            ],
            [
              94.5949566,
              26.7162504
            ],
            [
              94.5952356,
              26.7164804
            ],
            [
              94.5958042,
              26.7167009
            ],
            [
              94.5963621,
              26.7164613
            ],
            [
              94.5965016,
              26.7162025
            ],
            [
              94.5967805,
              26.7160013
            ],
            [
              94.5969844,
              26.7160204
            ],
            [
              94.5973277,
              26.71626
            ],
            [
              94.5978427,
              26.7164421
            ],
            [
              94.5982182,
              26.7162792
            ],
            [
              94.5986044,
              26.71557
            ],
            [
              94.5988727,
              26.7150333
            ],
            [
              94.5991838,
              26.714027
            ],
            [
              94.5991301,
              26.7128962
            ],
            [
              94.599452,
              26.7125895
            ],
            [
              94.5999241,
              26.7126566
            ],
            [
              94.6002781,
              26.7129153
            ],
            [
              94.6008468,
              26.713452
            ],
            [
              94.6011794,
              26.7134137
            ],
            [
              94.6014476,
              26.7127524
            ],
            [
              94.6015763,
              26.7121774
            ],
            [
              94.6019518,
              26.7114682
            ],
            [
              94.6026707,
              26.7113628
            ],
            [
              94.6030998,
              26.7114969
            ],
            [
              94.6034431,
              26.711842
            ],
            [
              94.6035182,
              26.7123499
            ],
            [
              94.6034217,
              26.7128291
            ],
            [
              94.6031427,
              26.713337
            ],
            [
              94.602381,
              26.713845
            ],
            [
              94.601925,
              26.7145446
            ],
            [
              94.6020323,
              26.7150812
            ],
            [
              94.6023166,
              26.7161354
            ],
            [
              94.6023917,
              26.7164325
            ],
            [
              94.6023703,
              26.7167296
            ],
            [
              94.6023005,
              26.7169884
            ],
            [
              94.6022576,
              26.717434
            ],
            [
              94.6024454,
              26.7180281
            ],
            [
              94.6025205,
              26.7182965
            ],
            [
              94.6024346,
              26.71856
            ],
            [
              94.6022415,
              26.7187086
            ],
            [
              94.6017694,
              26.7188619
            ],
            [
              94.6014047,
              26.7189002
            ],
            [
              94.6010721,
              26.7190056
            ],
            [
              94.6008789,
              26.7192117
            ],
            [
              94.6008038,
              26.719504
            ],
            [
              94.6007073,
              26.7198154
            ],
            [
              94.600541,
              26.719916
            ],
            [
              94.6000367,
              26.7198346
            ],
            [
              94.5994574,
              26.719619
            ],
            [
              94.5989102,
              26.7192644
            ],
            [
              94.5985669,
              26.7190631
            ],
            [
              94.5983201,
              26.7189673
            ],
            [
              94.5981002,
              26.7189961
            ],
            [
              94.5977837,
              26.7190919
            ],
            [
              94.5975423,
              26.7193411
            ],
            [
              94.5973009,
              26.7196238
            ],
            [
              94.5971721,
              26.7198825
            ],
            [
              94.5970541,
              26.7202035
            ],
            [
              94.5969522,
              26.7205725
            ],
            [
              94.59692,
              26.7208408
            ],
            [
              94.5968342,
              26.7210804
            ],
            [
              94.5966303,
              26.7211762
            ],
            [
              94.5963085,
              26.7211714
            ],
            [
              94.5960885,
              26.7210756
            ],
            [
              94.5959169,
              26.7208264
            ],
            [
              94.595772,
              26.7204623
            ],
            [
              94.5956916,
              26.7201652
            ],
            [
              94.595477,
              26.7198538
            ],
            [
              94.5952141,
              26.7196669
            ],
            [
              94.5945382,
              26.7196333
            ],
            [
              94.5935082,
              26.7197052
            ],
            [
              94.5928913,
              26.719825
            ],
            [
              94.5924461,
              26.7199113
            ],
            [
              94.5919365,
              26.7200598
            ],
            [
              94.591561,
              26.7202035
            ],
            [
              94.5912659,
              26.7204767
            ],
            [
              94.5911103,
              26.7207114
            ],
            [
              94.5910728,
              26.7210421
            ],
            [
              94.5911854,
              26.7213487
            ],
            [
              94.5913303,
              26.7217991
            ],
            [
              94.5914537,
              26.7223549
            ],
            [
              94.5915985,
              26.7226568
            ],
            [
              94.5918345,
              26.7229203
            ],
            [
              94.5921189,
              26.7230449
            ],
            [
              94.5924729,
              26.7231168
            ],
            [
              94.5927089,
              26.7231886
            ],
            [
              94.5928752,
              26.7233036
            ],
            [
              94.5929879,
              26.7235288
            ],
            [
              94.5929879,
              26.7237445
            ],
            [
              94.592827,
              26.7240176
            ],
            [
              94.5924944,
              26.7243386
            ],
            [
              94.5920491,
              26.7248177
            ],
            [
              94.5925208,
              26.7255597
            ],
            [
              94.5900321,
              26.7249328
            ],
            [
              94.5886802,
              26.7249903
            ],
            [
              94.5863199,
              26.7248753
            ],
            [
              94.5844745,
              26.7253736
            ],
            [
              94.5838308,
              26.7263702
            ],
            [
              94.5824575,
              26.7275967
            ],
            [
              94.5807838,
              26.7292066
            ],
            [
              94.5797967,
              26.7300115
            ],
            [
              94.5788955,
              26.7310464
            ],
            [
              94.5804405,
              26.731813
            ],
            [
              94.5828008,
              26.7321196
            ],
            [
              94.584217,
              26.7322346
            ],
            [
              94.5840025,
              26.7330011
            ],
            [
              94.5838523,
              26.7338252
            ],
            [
              94.5826292,
              26.7347834
            ],
            [
              94.5821571,
              26.7348983
            ],
            [
              94.5818567,
              26.73486
            ],
            [
              94.5808053,
              26.7341893
            ],
            [
              94.5799041,
              26.7341126
            ],
            [
              94.5794534,
              26.7345534
            ],
            [
              94.5794964,
              26.7349942
            ],
            [
              94.5797324,
              26.7355499
            ],
            [
              94.5800757,
              26.736259
            ],
            [
              94.5803118,
              26.7369872
            ],
            [
              94.5803332,
              26.7377537
            ],
            [
              94.5796251,
              26.738252
            ],
            [
              94.578917,
              26.7385969
            ],
            [
              94.5775652,
              26.7392868
            ],
            [
              94.5769,
              26.7396509
            ],
            [
              94.5759129,
              26.7399383
            ],
            [
              94.5752477,
              26.7400725
            ],
            [
              94.5743465,
              26.7405132
            ],
            [
              94.5731878,
              26.7410689
            ],
            [
              94.5722651,
              26.7417971
            ],
            [
              94.571042,
              26.7425828
            ],
            [
              94.5703554,
              26.7436175
            ],
            [
              94.5701837,
              26.7442499
            ],
            [
              94.5702481,
              26.7456487
            ],
            [
              94.5707416,
              26.7468368
            ],
            [
              94.5712781,
              26.7478907
            ],
            [
              94.5721578,
              26.749711
            ],
            [
              94.5724368,
              26.7504774
            ],
            [
              94.5726299,
              26.7513589
            ],
            [
              94.5722651,
              26.7520486
            ],
            [
              94.5716214,
              26.7521828
            ],
            [
              94.5706773,
              26.7519912
            ],
            [
              94.5700335,
              26.7517996
            ],
            [
              94.5689606,
              26.7515696
            ],
            [
              94.5680165,
              26.7513397
            ],
            [
              94.5664716,
              26.7509565
            ],
            [
              94.5657849,
              26.7508032
            ],
            [
              94.5645189,
              26.7504774
            ],
            [
              94.563446,
              26.7501134
            ],
            [
              94.562695,
              26.7500559
            ],
            [
              94.5620513,
              26.7505158
            ],
            [
              94.5617938,
              26.7512247
            ],
            [
              94.5613861,
              26.7518954
            ],
            [
              94.5609569,
              26.7525852
            ],
            [
              94.5600128,
              26.7533707
            ],
            [
              94.5584249,
              26.7543863
            ],
            [
              94.5579529,
              26.7547695
            ],
            [
              94.5570087,
              26.75567
            ],
            [
              94.5562148,
              26.7562256
            ],
            [
              94.5552277,
              26.7563406
            ],
            [
              94.5548844,
              26.7554976
            ],
            [
              94.5546484,
              26.7548078
            ],
            [
              94.5541978,
              26.754003
            ],
            [
              94.5534467,
              26.7529875
            ],
            [
              94.5528888,
              26.7520295
            ],
            [
              94.5521164,
              26.7511481
            ],
            [
              94.5509362,
              26.7502667
            ],
            [
              94.5500564,
              26.7494236
            ],
            [
              94.5485329,
              26.7484847
            ],
            [
              94.5473528,
              26.7483505
            ],
            [
              94.5468592,
              26.7490595
            ],
            [
              94.5466661,
              26.7497302
            ],
            [
              94.5466661,
              26.7504966
            ],
            [
              94.546709,
              26.7510906
            ],
            [
              94.5469665,
              26.7519337
            ],
            [
              94.5468592,
              26.752681
            ],
            [
              94.5466018,
              26.7535432
            ],
            [
              94.546237,
              26.7542521
            ],
            [
              94.5442629,
              26.7555359
            ],
            [
              94.5429539,
              26.7560724
            ],
            [
              94.5413875,
              26.7562831
            ],
            [
              94.5397138,
              26.7564364
            ],
            [
              94.5387697,
              26.7570112
            ],
            [
              94.5383405,
              26.7577201
            ],
            [
              94.5381903,
              26.758544
            ],
            [
              94.537847,
              26.7596553
            ],
            [
              94.5374179,
              26.7604791
            ],
            [
              94.5367741,
              26.760939
            ],
            [
              94.5359158,
              26.7607282
            ],
            [
              94.5351863,
              26.7596744
            ],
            [
              94.5348429,
              26.7588122
            ],
            [
              94.5346713,
              26.7579117
            ],
            [
              94.5348215,
              26.7569921
            ],
            [
              94.5352721,
              26.7558999
            ],
            [
              94.5356583,
              26.7549611
            ],
            [
              94.5357871,
              26.7545204
            ],
            [
              94.5351863,
              26.7536965
            ],
            [
              94.534564,
              26.7535432
            ],
            [
              94.5335555,
              26.753639
            ],
            [
              94.5328474,
              26.7539456
            ],
            [
              94.5315599,
              26.7547886
            ],
            [
              94.5307231,
              26.7558041
            ],
            [
              94.5294356,
              26.7568388
            ],
            [
              94.526217,
              26.7593679
            ],
            [
              94.5260882,
              26.7607474
            ],
            [
              94.5262599,
              26.7622418
            ],
            [
              94.5265388,
              26.7631423
            ],
            [
              94.5264959,
              26.7637937
            ],
            [
              94.5261955,
              26.7644834
            ],
            [
              94.5255947,
              26.7650007
            ],
            [
              94.5248866,
              26.765403
            ],
            [
              94.5238137,
              26.7656521
            ],
            [
              94.5221185,
              26.7659969
            ],
            [
              94.5209813,
              26.766131
            ],
            [
              94.5200157,
              26.7659778
            ],
            [
              94.5190716,
              26.765154
            ],
            [
              94.5187926,
              26.7646175
            ],
            [
              94.5181703,
              26.7638512
            ],
            [
              94.5176339,
              26.7634297
            ],
            [
              94.5166898,
              26.7633147
            ],
            [
              94.5162821,
              26.7633913
            ],
            [
              94.5156598,
              26.763717
            ],
            [
              94.515531,
              26.764196
            ],
            [
              94.5154667,
              26.7647708
            ],
            [
              94.515574,
              26.7656329
            ],
            [
              94.516325,
              26.7668974
            ],
            [
              94.5170975,
              26.7672997
            ],
            [
              94.5184064,
              26.7678553
            ],
            [
              94.5197153,
              26.7682385
            ],
            [
              94.5210242,
              26.768545
            ],
            [
              94.5222258,
              26.7687366
            ],
            [
              94.5228696,
              26.7688515
            ],
            [
              94.5233845,
              26.7692155
            ],
            [
              94.5232343,
              26.7700202
            ],
            [
              94.522419,
              26.7705374
            ],
            [
              94.5213675,
              26.7705566
            ],
            [
              94.5171082,
              26.7701734
            ],
            [
              94.5156062,
              26.7703267
            ],
            [
              94.5144582,
              26.7704129
            ],
            [
              94.5135033,
              26.7705853
            ],
            [
              94.5128596,
              26.7707577
            ],
            [
              94.5120764,
              26.7711313
            ],
            [
              94.5116043,
              26.7716198
            ],
            [
              94.511379,
              26.7721083
            ],
            [
              94.5111859,
              26.7732865
            ],
            [
              94.5112073,
              26.7738804
            ],
            [
              94.5112824,
              26.7745413
            ],
            [
              94.5113468,
              26.7753746
            ],
            [
              94.511733,
              26.7759302
            ],
            [
              94.5122909,
              26.7764857
            ],
            [
              94.5142329,
              26.7774436
            ],
            [
              94.5148659,
              26.777616
            ],
            [
              94.515456,
              26.777865
            ],
            [
              94.5160782,
              26.7781524
            ],
            [
              94.5165825,
              26.7785355
            ],
            [
              94.5168507,
              26.7788899
            ],
            [
              94.5170224,
              26.7798286
            ],
            [
              94.5165717,
              26.7809779
            ],
            [
              94.5161533,
              26.7818591
            ],
            [
              94.5159495,
              26.78252
            ],
            [
              94.5161211,
              26.7830372
            ],
            [
              94.5163894,
              26.783631
            ],
            [
              94.5169365,
              26.7838896
            ],
            [
              94.5176339,
              26.7841865
            ],
            [
              94.5186317,
              26.7843493
            ],
            [
              94.5201766,
              26.7841099
            ],
            [
              94.5208311,
              26.7840716
            ],
            [
              94.5213139,
              26.7841578
            ],
            [
              94.5218933,
              26.7845122
            ],
            [
              94.522258,
              26.7849719
            ],
            [
              94.5224941,
              26.7854699
            ],
            [
              94.5226228,
              26.7861308
            ],
            [
              94.52317,
              26.7881133
            ],
            [
              94.5234489,
              26.7887071
            ],
            [
              94.5236528,
              26.7891285
            ],
            [
              94.523803,
              26.7897893
            ],
            [
              94.5235133,
              26.7902874
            ],
            [
              94.5230091,
              26.7905268
            ],
            [
              94.5225477,
              26.7905651
            ],
            [
              94.5217645,
              26.7905555
            ],
            [
              94.5210564,
              26.7903065
            ],
            [
              94.5203912,
              26.7900384
            ],
            [
              94.5193505,
              26.7900288
            ],
            [
              94.5186424,
              26.7901533
            ],
            [
              94.5182454,
              26.7906034
            ],
            [
              94.5180416,
              26.7911397
            ],
            [
              94.5180845,
              26.7917335
            ],
            [
              94.5181596,
              26.7924422
            ],
            [
              94.5186102,
              26.7935148
            ],
            [
              94.5188141,
              26.7939267
            ],
            [
              94.5188784,
              26.794597
            ],
            [
              94.5187497,
              26.7949993
            ],
            [
              94.5181489,
              26.7952961
            ],
            [
              94.517355,
              26.7953249
            ],
            [
              94.5166683,
              26.7950855
            ],
            [
              94.516207,
              26.7948843
            ],
            [
              94.5156276,
              26.794597
            ],
            [
              94.5151234,
              26.7945204
            ],
            [
              94.5150697,
              26.7948556
            ],
            [
              94.5152736,
              26.7953536
            ],
            [
              94.5156813,
              26.795775
            ],
            [
              94.5160675,
              26.7960527
            ],
            [
              94.5166576,
              26.7963975
            ],
            [
              94.5172477,
              26.796656
            ],
            [
              94.518342,
              26.7970583
            ],
            [
              94.5214856,
              26.797585
            ],
            [
              94.5221722,
              26.7976424
            ],
            [
              94.5235884,
              26.7978531
            ],
            [
              94.5246398,
              26.7980255
            ],
            [
              94.5253909,
              26.7982745
            ],
            [
              94.5257556,
              26.7986671
            ],
            [
              94.5258093,
              26.7992417
            ],
            [
              94.5258093,
              26.7999312
            ],
            [
              94.5256376,
              26.8004771
            ],
            [
              94.5252728,
              26.8009176
            ],
            [
              94.5247042,
              26.8013964
            ],
            [
              94.5239746,
              26.8018465
            ],
            [
              94.5226765,
              26.8023061
            ],
            [
              94.5208311,
              26.8029094
            ],
            [
              94.5201552,
              26.8032542
            ],
            [
              94.5196617,
              26.8036372
            ],
            [
              94.519211,
              26.8038288
            ],
            [
              94.5190179,
              26.8036085
            ],
            [
              94.5188784,
              26.8030722
            ],
            [
              94.5188784,
              26.8024977
            ],
            [
              94.5188355,
              26.8020476
            ],
            [
              94.5187282,
              26.8013198
            ],
            [
              94.5184278,
              26.8009942
            ],
            [
              94.5178378,
              26.8007644
            ],
            [
              94.5171726,
              26.8008218
            ],
            [
              94.5166469,
              26.8010325
            ],
            [
              94.5163035,
              26.8016262
            ],
            [
              94.5160031,
              26.8021912
            ],
            [
              94.5162177,
              26.8027754
            ],
            [
              94.5165825,
              26.8031967
            ],
            [
              94.5168185,
              26.8038288
            ],
            [
              94.5168185,
              26.8042118
            ],
            [
              94.5166254,
              26.8046332
            ],
            [
              94.5159173,
              26.805878
            ],
            [
              94.5163035,
              26.8086742
            ],
            [
              94.5165825,
              26.8100914
            ],
            [
              94.5169472,
              26.8109531
            ],
            [
              94.5169687,
              26.8116809
            ],
            [
              94.5166898,
              26.8123129
            ],
            [
              94.5155096,
              26.8127725
            ],
            [
              94.5144796,
              26.8129065
            ],
            [
              94.5133424,
              26.8128299
            ],
            [
              94.5121836,
              26.8124278
            ],
            [
              94.5107674,
              26.8118149
            ],
            [
              94.5093941,
              26.8117958
            ],
            [
              94.5088362,
              26.8125427
            ],
            [
              94.5088148,
              26.8134044
            ],
            [
              94.5090079,
              26.8141896
            ],
            [
              94.5092439,
              26.8149365
            ],
            [
              94.5095444,
              26.8156259
            ],
            [
              94.5096946,
              26.8162961
            ],
            [
              94.5095873,
              26.8171579
            ],
            [
              94.5089221,
              26.8185175
            ],
            [
              94.5084071,
              26.8191112
            ],
            [
              94.5070123,
              26.819724
            ],
            [
              94.5057249,
              26.8203559
            ],
            [
              94.5048451,
              26.8208729
            ],
            [
              94.5042443,
              26.8215814
            ],
            [
              94.5040726,
              26.8221368
            ],
            [
              94.5040941,
              26.8230751
            ],
            [
              94.5041799,
              26.8238602
            ],
            [
              94.5045447,
              26.8252006
            ],
            [
              94.5045876,
              26.8260431
            ],
            [
              94.5043516,
              26.8264835
            ],
            [
              94.5037293,
              26.8268282
            ],
            [
              94.5022058,
              26.8261963
            ],
            [
              94.5002317,
              26.8249708
            ],
            [
              94.4991159,
              26.8246261
            ],
            [
              94.4973349,
              26.8242814
            ],
            [
              94.4962621,
              26.8245687
            ],
            [
              94.4945454,
              26.8260623
            ],
            [
              94.4942665,
              26.8267516
            ],
            [
              94.4933224,
              26.8274792
            ],
            [
              94.4918632,
              26.8281303
            ],
            [
              94.4907689,
              26.8283217
            ],
            [
              94.4891166,
              26.8285898
            ],
            [
              94.4878721,
              26.8287813
            ],
            [
              94.486928,
              26.8290877
            ],
            [
              94.4859624,
              26.8296621
            ],
            [
              94.4854903,
              26.8303131
            ],
            [
              94.4851041,
              26.831079
            ],
            [
              94.4848466,
              26.8318066
            ],
            [
              94.4847393,
              26.8326108
            ],
            [
              94.4850182,
              26.8334724
            ],
            [
              94.4853401,
              26.8341426
            ],
            [
              94.4860267,
              26.8346596
            ],
            [
              94.4867563,
              26.8351765
            ],
            [
              94.487915,
              26.8364211
            ],
            [
              94.4888806,
              26.8390824
            ],
            [
              94.4889664,
              26.8395802
            ],
            [
              94.4889664,
              26.8402503
            ],
            [
              94.4887948,
              26.8411885
            ],
            [
              94.4885158,
              26.84205
            ],
            [
              94.4885802,
              26.8432945
            ],
            [
              94.4893527,
              26.8438306
            ],
            [
              94.4899964,
              26.8439072
            ],
            [
              94.4909405,
              26.8438497
            ],
            [
              94.4918203,
              26.8439455
            ],
            [
              94.4923353,
              26.8442326
            ],
            [
              94.4926142,
              26.8447304
            ],
            [
              94.4926142,
              26.8457643
            ],
            [
              94.4924512,
              26.8463684
            ],
            [
              94.4923353,
              26.8467981
            ],
            [
              94.4913697,
              26.8476213
            ],
            [
              94.4906831,
              26.8481574
            ],
            [
              94.4905114,
              26.8486743
            ],
            [
              94.4905114,
              26.849172
            ],
            [
              94.4906187,
              26.8498995
            ],
            [
              94.4907689,
              26.850627
            ],
            [
              94.4908762,
              26.8514311
            ],
            [
              94.4908118,
              26.8521202
            ],
            [
              94.4905972,
              26.8528477
            ],
            [
              94.4900393,
              26.8533263
            ],
            [
              94.4892669,
              26.8537858
            ],
            [
              94.488666,
              26.8543218
            ],
            [
              94.4881511,
              26.8549152
            ],
            [
              94.4879794,
              26.8557384
            ],
            [
              94.4882583,
              26.8571741
            ],
            [
              94.48843,
              26.8587056
            ],
            [
              94.4889235,
              26.8594904
            ],
            [
              94.4896316,
              26.8601222
            ],
            [
              94.4903397,
              26.8604667
            ],
            [
              94.4914126,
              26.8605624
            ],
            [
              94.4923353,
              26.8605241
            ],
            [
              94.4934296,
              26.8603901
            ],
            [
              94.4939875,
              26.8603519
            ],
            [
              94.494524,
              26.8604667
            ],
            [
              94.4948244,
              26.8606773
            ],
            [
              94.4949102,
              26.8610793
            ],
            [
              94.4945884,
              26.8619024
            ],
            [
              94.4939875,
              26.8622661
            ],
            [
              94.4934296,
              26.8627638
            ],
            [
              94.4927645,
              26.8634338
            ],
            [
              94.4928288,
              26.864276
            ],
            [
              94.4932794,
              26.8649269
            ],
            [
              94.493773,
              26.8655394
            ],
            [
              94.4944167,
              26.8659222
            ],
            [
              94.4953179,
              26.8663433
            ],
            [
              94.4964337,
              26.8667453
            ],
            [
              94.4966697,
              26.8669942
            ],
            [
              94.4966697,
              26.8675301
            ],
            [
              94.4958544,
              26.8680086
            ],
            [
              94.49476,
              26.8684489
            ],
            [
              94.4942021,
              26.8687934
            ],
            [
              94.4934726,
              26.8692337
            ],
            [
              94.4932365,
              26.8698653
            ],
            [
              94.4933224,
              26.8704204
            ],
            [
              94.4935369,
              26.8709564
            ],
            [
              94.4936657,
              26.8715306
            ],
            [
              94.4937086,
              26.8720857
            ],
            [
              94.4935155,
              26.8725642
            ],
            [
              94.4931292,
              26.8731001
            ],
            [
              94.4921422,
              26.8741911
            ],
            [
              94.4913053,
              26.8755118
            ],
            [
              94.4914341,
              26.8767559
            ],
            [
              94.4920778,
              26.8782105
            ],
            [
              94.4924211,
              26.879378
            ],
            [
              94.492743,
              26.8801245
            ],
            [
              94.4926786,
              26.8812345
            ],
            [
              94.4925928,
              26.8820384
            ],
            [
              94.4923138,
              26.8825934
            ],
            [
              94.4915843,
              26.8830719
            ],
            [
              94.4904256,
              26.8830527
            ],
            [
              94.4899535,
              26.8828422
            ],
            [
              94.4892239,
              26.8819809
            ],
            [
              94.4885802,
              26.8812919
            ],
            [
              94.4877004,
              26.8808709
            ],
            [
              94.4867563,
              26.8810431
            ],
            [
              94.4863486,
              26.881579
            ],
            [
              94.4858122,
              26.8826317
            ],
            [
              94.4855118,
              26.883646
            ],
            [
              94.4848251,
              26.8848709
            ],
            [
              94.4834089,
              26.8851962
            ],
            [
              94.4816923,
              26.885158
            ],
            [
              94.480319,
              26.8849283
            ],
            [
              94.4799542,
              26.8856938
            ],
            [
              94.4796324,
              26.8864594
            ],
            [
              94.4792676,
              26.8871675
            ],
            [
              94.4788599,
              26.8878947
            ],
            [
              94.478538,
              26.8887368
            ],
            [
              94.4777441,
              26.8896554
            ],
            [
              94.4766068,
              26.8906506
            ],
            [
              94.4753837,
              26.8915883
            ],
            [
              94.4748044,
              26.8920476
            ],
            [
              94.4740319,
              26.8927939
            ],
            [
              94.4734525,
              26.8934446
            ],
            [
              94.4731951,
              26.8939613
            ],
            [
              94.4733453,
              26.8947268
            ],
            [
              94.4745683,
              26.8959707
            ],
            [
              94.4753623,
              26.8962386
            ],
            [
              94.4762206,
              26.8964299
            ],
            [
              94.4768858,
              26.8965639
            ],
            [
              94.4775939,
              26.8968318
            ],
            [
              94.4781518,
              26.8972719
            ],
            [
              94.4784093,
              26.8980183
            ],
            [
              94.4790101,
              26.899951
            ],
            [
              94.4790101,
              26.9005059
            ],
            [
              94.479053,
              26.9015393
            ],
            [
              94.4791603,
              26.9021325
            ],
            [
              94.4794607,
              26.9026491
            ],
            [
              94.4799113,
              26.9032232
            ],
            [
              94.4803405,
              26.9036633
            ],
            [
              94.4812417,
              26.9043713
            ],
            [
              94.481821,
              26.9055577
            ],
            [
              94.4816494,
              26.9063231
            ],
            [
              94.4811129,
              26.9072798
            ],
            [
              94.4802546,
              26.9079113
            ],
            [
              94.4790745,
              26.9084662
            ],
            [
              94.4781089,
              26.9092889
            ],
            [
              94.4783878,
              26.9101309
            ],
            [
              94.4793319,
              26.9107814
            ],
            [
              94.480791,
              26.911585
            ],
            [
              94.4817781,
              26.9121591
            ],
            [
              94.4813489,
              26.9134602
            ],
            [
              94.4804906,
              26.9141107
            ],
            [
              94.479804,
              26.9147612
            ],
            [
              94.4791603,
              26.9155266
            ],
            [
              94.4786882,
              26.9163302
            ],
            [
              94.4787311,
              26.9180521
            ],
            [
              94.4789028,
              26.9206542
            ],
            [
              94.4794178,
              26.923677
            ],
            [
              94.479804,
              26.9261259
            ],
            [
              94.4790744,
              26.9280008
            ],
            [
              94.4778728,
              26.9294547
            ],
            [
              94.4760274,
              26.9304495
            ],
            [
              94.4750404,
              26.9324391
            ],
            [
              94.4749546,
              26.93462
            ],
            [
              94.4736242,
              26.9350408
            ],
            [
              94.4731993,
              26.9349476
            ],
            [
              94.4708347,
              26.9344287
            ],
            [
              94.4702017,
              26.9356338
            ],
            [
              94.4694722,
              26.9355095
            ],
            [
              94.4686782,
              26.935586
            ],
            [
              94.4676375,
              26.9358155
            ],
            [
              94.4668972,
              26.9370207
            ],
            [
              94.4660604,
              26.9388476
            ],
            [
              94.4651484,
              26.9406935
            ],
            [
              94.4647729,
              26.9414204
            ],
            [
              94.4641077,
              26.9421856
            ],
            [
              94.4632816,
              26.9427977
            ],
            [
              94.4618547,
              26.9430177
            ],
            [
              94.460535,
              26.9430177
            ],
            [
              94.459312,
              26.9428168
            ],
            [
              94.4577777,
              26.9420134
            ],
            [
              94.4562757,
              26.9406649
            ],
            [
              94.455353,
              26.9398806
            ],
            [
              94.4541407,
              26.9390963
            ],
            [
              94.4532716,
              26.9392589
            ],
            [
              94.4525528,
              26.9395171
            ],
            [
              94.4517052,
              26.9396319
            ],
            [
              94.4509005,
              26.9396223
            ],
            [
              94.449377,
              26.939498
            ],
            [
              94.4483578,
              26.939125
            ],
            [
              94.4467485,
              26.9379868
            ],
            [
              94.4461799,
              26.9376616
            ],
            [
              94.4457722,
              26.9375946
            ],
            [
              94.4451821,
              26.9376424
            ],
            [
              94.4444525,
              26.9377668
            ],
            [
              94.44368,
              26.9378529
            ],
            [
              94.4431436,
              26.9379294
            ],
            [
              94.4423175,
              26.9380059
            ],
            [
              94.4417167,
              26.9379102
            ],
            [
              94.4410837,
              26.9375085
            ],
            [
              94.4397855,
              26.9362364
            ],
            [
              94.4391847,
              26.9358347
            ],
            [
              94.4386589,
              26.9356434
            ],
            [
              94.4379401,
              26.9357008
            ],
            [
              94.4374037,
              26.9359112
            ],
            [
              94.4367814,
              26.9361599
            ],
            [
              94.4362879,
              26.9366764
            ],
            [
              94.4351613,
              26.9381398
            ],
            [
              94.4347966,
              26.9387328
            ],
            [
              94.434464,
              26.9392589
            ],
            [
              94.4336486,
              26.9396893
            ],
            [
              94.4331872,
              26.9398997
            ],
            [
              94.4320285,
              26.9399953
            ],
            [
              94.4312453,
              26.9395554
            ],
            [
              94.4307196,
              26.9392206
            ],
            [
              94.430269,
              26.9387711
            ],
            [
              94.4297004,
              26.9381302
            ],
            [
              94.4290352,
              26.937652
            ],
            [
              94.4283485,
              26.9372885
            ],
            [
              94.4279086,
              26.9371929
            ],
            [
              94.4274473,
              26.937279
            ],
            [
              94.4264924,
              26.9377668
            ],
            [
              94.4247758,
              26.9389337
            ],
            [
              94.4241965,
              26.9395649
            ],
            [
              94.4235957,
              26.9403779
            ],
            [
              94.4231665,
              26.9410379
            ],
            [
              94.4226515,
              26.9415352
            ],
            [
              94.4218361,
              26.9417361
            ],
            [
              94.4215572,
              26.9411813
            ],
            [
              94.4212782,
              26.9407414
            ],
            [
              94.4209564,
              26.9403875
            ],
            [
              94.4207525,
              26.9401675
            ],
            [
              94.4201195,
              26.9398806
            ],
            [
              94.4194543,
              26.9398327
            ],
            [
              94.4189072,
              26.940024
            ],
            [
              94.4187033,
              26.9403684
            ],
            [
              94.418596,
              26.9408944
            ],
            [
              94.4187033,
              26.9414874
            ],
            [
              94.4190252,
              26.9423673
            ],
            [
              94.4191646,
              26.9427308
            ],
            [
              94.4191432,
              26.943056
            ],
            [
              94.4188428,
              26.9435437
            ],
            [
              94.4184029,
              26.9437063
            ],
            [
              94.4177914,
              26.9436776
            ],
            [
              94.4173086,
              26.9434672
            ],
            [
              94.4169116,
              26.9431038
            ],
            [
              94.416579,
              26.9425682
            ],
            [
              94.4161069,
              26.9414683
            ],
            [
              94.4157636,
              26.9404066
            ],
            [
              94.4155598,
              26.9401388
            ],
            [
              94.4152164,
              26.9399666
            ],
            [
              94.414798,
              26.9398519
            ],
            [
              94.414047,
              26.9398806
            ],
            [
              94.4133925,
              26.9400623
            ],
            [
              94.4126201,
              26.9402536
            ],
            [
              94.4118261,
              26.940244
            ],
            [
              94.4111073,
              26.9398614
            ],
            [
              94.4103348,
              26.9392876
            ],
            [
              94.4093263,
              26.9386754
            ],
            [
              94.4085538,
              26.9381015
            ],
            [
              94.4078135,
              26.9365903
            ],
            [
              94.4077062,
              26.9351556
            ],
            [
              94.4074487,
              26.9338356
            ],
            [
              94.4071913,
              26.9330704
            ],
            [
              94.4066763,
              26.9326687
            ],
            [
              94.4057536,
              26.9331469
            ],
            [
              94.4053244,
              26.9358442
            ],
            [
              94.4038224,
              26.9372981
            ],
            [
              94.4027924,
              26.939211
            ],
            [
              94.4019985,
              26.9417743
            ],
            [
              94.4010329,
              26.9442611
            ],
            [
              94.4000673,
              26.9458104
            ],
            [
              94.3993377,
              26.9483545
            ],
            [
              94.3982728,
              26.9527311
            ],
            [
              94.3888235,
              26.9449497
            ],
            [
              94.3845319,
              26.9384459
            ],
            [
              94.3808841,
              26.9324774
            ],
            [
              94.3800687,
              26.9283834
            ],
            [
              94.3708849,
              26.9164832
            ],
            [
              94.3634604,
              26.9118721
            ],
            [
              94.3567442,
              26.9051942
            ],
            [
              94.341166,
              26.8907845
            ],
            [
              94.335795,
              26.8865679
            ],
            [
              94.3304157,
              26.8823446
            ],
            [
              94.3238281,
              26.8814452
            ],
            [
              94.3191719,
              26.8794546
            ],
            [
              94.3128633,
              26.8794737
            ],
            [
              94.3044948,
              26.9086002
            ],
            [
              94.2889594,
              26.9071459
            ],
            [
              94.2745399,
              26.9087149
            ],
            [
              94.2507326,
              26.9093559
            ],
            [
              94.2388343,
              26.9179182
            ],
            [
              94.2322039,
              26.9204437
            ],
            [
              94.2254662,
              26.923964
            ],
            [
              94.2151879,
              26.9264894
            ],
            [
              94.2075275,
              26.9272738
            ],
            [
              94.203794,
              26.9260302
            ],
            [
              94.1998887,
              26.9213238
            ],
            [
              94.1934728,
              26.9133837
            ],
            [
              94.1748905,
              26.9087915
            ],
            [
              94.1602992,
              26.9039312
            ],
            [
              94.1548919,
              26.9030893
            ],
            [
              94.1382408,
              26.8983819
            ],
            [
              94.126439,
              26.8920285
            ],
            [
              94.1123628,
              26.8928322
            ],
            [
              94.0994453,
              26.8930236
            ],
            [
              94.0969133,
              26.8913778
            ],
            [
              94.0948962,
              26.8868039
            ],
            [
              94.0906906,
              26.882957
            ],
            [
              94.0870857,
              26.8819618
            ],
            [
              94.0811634,
              26.8858278
            ],
            [
              94.0739857,
              26.8820767
            ],
            [
              94.0653705,
              26.8822298
            ],
            [
              94.0614652,
              26.8809283
            ],
            [
              94.0544271,
              26.883225
            ],
            [
              94.0458869,
              26.8785168
            ],
            [
              94.0274763,
              26.8731958
            ],
            [
              94.0152562,
              26.8683915
            ],
            [
              94.0052032,
              26.8663625
            ],
            [
              94.0037012,
              26.8696548
            ],
            [
              94.0002679,
              26.8683341
            ],
            [
              93.998487,
              26.8678938
            ],
            [
              93.9970922,
              26.8722005
            ],
            [
              93.9947104,
              26.8700568
            ],
            [
              93.98911,
              26.869004
            ],
            [
              94.0008258,
              26.8488466
            ],
            [
              94.0054607,
              26.8416097
            ],
            [
              94.0079498,
              26.8376656
            ],
            [
              94.0035724,
              26.8316535
            ],
            [
              93.9970064,
              26.8229602
            ],
            [
              93.994174,
              26.8218495
            ],
            [
              93.988595,
              26.8196665
            ],
            [
              93.9859342,
              26.8182877
            ],
            [
              93.9819002,
              26.8136151
            ],
            [
              93.9807497,
              26.8117438
            ],
            [
              93.9792394,
              26.809287
            ],
            [
              93.9767503,
              26.8028137
            ],
            [
              93.9750337,
              26.8006303
            ],
            [
              93.9732742,
              26.7986384
            ],
            [
              93.9735317,
              26.7965316
            ],
            [
              93.9740037,
              26.7959187
            ],
            [
              93.9755916,
              26.7938884
            ],
            [
              93.9808702,
              26.7904023
            ],
            [
              93.9866638,
              26.7872226
            ],
            [
              93.9868354,
              26.7864181
            ],
            [
              93.9854192,
              26.7850006
            ],
            [
              93.9828014,
              26.7841961
            ],
            [
              93.9800977,
              26.7828552
            ],
            [
              93.9785099,
              26.7817059
            ],
            [
              93.9764928,
              26.7809779
            ],
            [
              93.9740896,
              26.7803266
            ],
            [
              93.9720296,
              26.7794071
            ],
            [
              93.9715576,
              26.7784876
            ],
            [
              93.9713001,
              26.7759973
            ]
          ]
        ]
      },
      "properties": {
        "district_id": "jorhat",
        "district_name": "Jorhat",
        "source": "ReliefOS PostGIS",
        "provenance": "REAL",
        "license": "ODbL 1.0"
      }
    },
    {
      "type": "Feature",
      "geometry": {
        "type": "Polygon",
        "coordinates": [
          [
            [
              94.7345924,
              26.9326782
            ],
            [
              94.7355902,
              26.9317599
            ],
            [
              94.739871,
              26.9290912
            ],
            [
              94.7431648,
              26.9268816
            ],
            [
              94.7434331,
              26.9267663
            ],
            [
              94.7469628,
              26.925265
            ],
            [
              94.7506131,
              26.9238823
            ],
            [
              94.7506667,
              26.9238639
            ],
            [
              94.7506821,
              26.9238552
            ],
            [
              94.7507843,
              26.9238195
            ],
            [
              94.7508466,
              26.9237918
            ],
            [
              94.7529066,
              26.9231318
            ],
            [
              94.7544569,
              26.9226678
            ],
            [
              94.7561413,
              26.9227826
            ],
            [
              94.7621709,
              26.9241218
            ],
            [
              94.7634798,
              26.9243849
            ],
            [
              94.765992,
              26.9245893
            ],
            [
              94.7733545,
              26.9246142
            ],
            [
              94.7805494,
              26.9245762
            ],
            [
              94.8057031,
              26.9244041
            ],
            [
              94.8167047,
              26.925989
            ],
            [
              94.8394346,
              26.9292634
            ],
            [
              94.8418027,
              26.9296969
            ],
            [
              94.8507213,
              26.9313295
            ],
            [
              94.8523092,
              26.9343904
            ],
            [
              94.8532748,
              26.9376998
            ],
            [
              94.8585534,
              26.9420421
            ],
            [
              94.8622012,
              26.945294
            ],
            [
              94.8783588,
              26.9534997
            ],
            [
              94.8889793,
              26.958836
            ],
            [
              94.8908901,
              26.9597923
            ],
            [
              94.908185,
              26.9722998
            ],
            [
              94.901855,
              26.9803697
            ],
            [
              94.9097728,
              26.9889361
            ],
            [
              94.9274701,
              26.9943424
            ],
            [
              94.9275479,
              26.9940359
            ],
            [
              94.9275881,
              26.9939122
            ],
            [
              94.9277732,
              26.9935943
            ],
            [
              94.9280012,
              26.9934581
            ],
            [
              94.9285001,
              26.9934031
            ],
            [
              94.9288112,
              26.9933912
            ],
            [
              94.929007,
              26.9933481
            ],
            [
              94.9291787,
              26.9932884
            ],
            [
              94.9294549,
              26.9931522
            ],
            [
              94.92953,
              26.992753
            ],
            [
              94.9297768,
              26.9921484
            ],
            [
              94.9299189,
              26.991993
            ],
            [
              94.930155,
              26.9919237
            ],
            [
              94.9303374,
              26.9920312
            ],
            [
              94.9305332,
              26.9922177
            ],
            [
              94.9309489,
              26.9926766
            ],
            [
              94.931201,
              26.9927913
            ],
            [
              94.9313888,
              26.9927817
            ],
            [
              94.9315953,
              26.9927148
            ],
            [
              94.9317214,
              26.9926168
            ],
            [
              94.9319708,
              26.99233
            ],
            [
              94.9324509,
              26.9918639
            ],
            [
              94.932687,
              26.9916919
            ],
            [
              94.9330652,
              26.9916584
            ],
            [
              94.9333817,
              26.9917062
            ],
            [
              94.9339423,
              26.9917636
            ],
            [
              94.9345618,
              26.9916249
            ],
            [
              94.934991,
              26.9916369
            ],
            [
              94.935329,
              26.9916966
            ],
            [
              94.9357152,
              26.9919476
            ],
            [
              94.9358198,
              26.9921245
            ],
            [
              94.9362543,
              26.9926813
            ],
            [
              94.9365091,
              26.9929251
            ],
            [
              94.9368069,
              26.9930351
            ],
            [
              94.9370214,
              26.9930303
            ],
            [
              94.9371985,
              26.992949
            ],
            [
              94.9373245,
              26.9927244
            ],
            [
              94.9374238,
              26.9923539
            ],
            [
              94.9374318,
              26.9919524
            ],
            [
              94.9372494,
              26.9914122
            ],
            [
              94.9370295,
              26.991166
            ],
            [
              94.9367827,
              26.9910704
            ],
            [
              94.9365011,
              26.9910203
            ],
            [
              94.9362221,
              26.990939
            ],
            [
              94.9361363,
              26.9908075
            ],
            [
              94.9361819,
              26.9905924
            ],
            [
              94.9363831,
              26.990504
            ],
            [
              94.9365413,
              26.990504
            ],
            [
              94.937008,
              26.990516
            ],
            [
              94.9372011,
              26.9904992
            ],
            [
              94.9376491,
              26.9901766
            ],
            [
              94.9377805,
              26.9897774
            ],
            [
              94.9376008,
              26.98907
            ],
            [
              94.9373808,
              26.9882167
            ],
            [
              94.9375471,
              26.9871818
            ],
            [
              94.9374184,
              26.9865747
            ],
            [
              94.9373004,
              26.9860512
            ],
            [
              94.9370724,
              26.9856258
            ],
            [
              94.9366003,
              26.9848753
            ],
            [
              94.9360585,
              26.98412
            ],
            [
              94.9356455,
              26.9835463
            ],
            [
              94.9355918,
              26.9833312
            ],
            [
              94.9359861,
              26.9831017
            ],
            [
              94.9365064,
              26.9829607
            ],
            [
              94.9372521,
              26.9827217
            ],
            [
              94.9376491,
              26.9825687
            ],
            [
              94.9380434,
              26.9824898
            ],
            [
              94.9382794,
              26.9823942
            ],
            [
              94.9385557,
              26.982203
            ],
            [
              94.9386656,
              26.9818803
            ],
            [
              94.938722,
              26.9813282
            ],
            [
              94.9388587,
              26.9810891
            ],
            [
              94.9390089,
              26.980984
            ],
            [
              94.9392343,
              26.9810103
            ],
            [
              94.9396098,
              26.9810294
            ],
            [
              94.9399504,
              26.9810533
            ],
            [
              94.9401918,
              26.9809218
            ],
            [
              94.9402562,
              26.9807569
            ],
            [
              94.9401087,
              26.9804987
            ],
            [
              94.9398646,
              26.9804103
            ],
            [
              94.9394193,
              26.9803386
            ],
            [
              94.9390545,
              26.9802478
            ],
            [
              94.9381614,
              26.9796215
            ],
            [
              94.9376464,
              26.9792821
            ],
            [
              94.9371609,
              26.978902
            ],
            [
              94.9370697,
              26.9787395
            ],
            [
              94.9370643,
              26.9785769
            ],
            [
              94.9371153,
              26.9783164
            ],
            [
              94.937405,
              26.9781371
            ],
            [
              94.937759,
              26.9780845
            ],
            [
              94.9381131,
              26.9781347
            ],
            [
              94.938502,
              26.9781969
            ],
            [
              94.9387702,
              26.9782686
            ],
            [
              94.9389553,
              26.9783283
            ],
            [
              94.9391055,
              26.978314
            ],
            [
              94.9392047,
              26.9782256
            ],
            [
              94.9392316,
              26.97802
            ],
            [
              94.9392074,
              26.9777547
            ],
            [
              94.9390009,
              26.9773483
            ],
            [
              94.9388185,
              26.9768583
            ],
            [
              94.9387193,
              26.9766455
            ],
            [
              94.9384537,
              26.9765212
            ],
            [
              94.9379387,
              26.976483
            ],
            [
              94.9372709,
              26.9764137
            ],
            [
              94.9369705,
              26.9763635
            ],
            [
              94.9367022,
              26.9763874
            ],
            [
              94.9363777,
              26.9765547
            ],
            [
              94.9360129,
              26.9768678
            ],
            [
              94.9355945,
              26.9773363
            ],
            [
              94.9353531,
              26.9775491
            ],
            [
              94.9350125,
              26.9777236
            ],
            [
              94.9347442,
              26.9778049
            ],
            [
              94.9344036,
              26.977769
            ],
            [
              94.9342293,
              26.9776949
            ],
            [
              94.9341488,
              26.977573
            ],
            [
              94.9341112,
              26.9774128
            ],
            [
              94.9341434,
              26.9771905
            ],
            [
              94.9348301,
              26.9757061
            ],
            [
              94.9350822,
              26.9750512
            ],
            [
              94.9350929,
              26.9747332
            ],
            [
              94.935168,
              26.974542
            ],
            [
              94.9352485,
              26.9744273
            ],
            [
              94.9353772,
              26.9743699
            ],
            [
              94.9355945,
              26.9743364
            ],
            [
              94.9358493,
              26.9743938
            ],
            [
              94.9362838,
              26.9745014
            ],
            [
              94.936595,
              26.9744918
            ],
            [
              94.9368337,
              26.9744368
            ],
            [
              94.9370697,
              26.9743436
            ],
            [
              94.9374747,
              26.9740233
            ],
            [
              94.938089,
              26.9737771
            ],
            [
              94.9383545,
              26.9735715
            ],
            [
              94.9387756,
              26.9730647
            ],
            [
              94.938899,
              26.9727444
            ],
            [
              94.9389634,
              26.972252
            ],
            [
              94.9387997,
              26.9718097
            ],
            [
              94.9386254,
              26.9712647
            ],
            [
              94.9385771,
              26.9709396
            ],
            [
              94.9386495,
              26.9706814
            ],
            [
              94.9388105,
              26.9705356
            ],
            [
              94.939076,
              26.9705069
            ],
            [
              94.939371,
              26.9705308
            ],
            [
              94.9396017,
              26.970581
            ],
            [
              94.9398994,
              26.9706719
            ],
            [
              94.9401328,
              26.9707149
            ],
            [
              94.9406558,
              26.9708081
            ],
            [
              94.9409187,
              26.9710209
            ],
            [
              94.9410126,
              26.9712241
            ],
            [
              94.9410367,
              26.971389
            ],
            [
              94.9410287,
              26.9717548
            ],
            [
              94.9409911,
              26.9719603
            ],
            [
              94.9410984,
              26.9720942
            ],
            [
              94.9413237,
              26.9721731
            ],
            [
              94.9415141,
              26.9720822
            ],
            [
              94.9417073,
              26.9719245
            ],
            [
              94.9420238,
              26.9714798
            ],
            [
              94.9424851,
              26.9711643
            ],
            [
              94.9426004,
              26.97093
            ],
            [
              94.9426219,
              26.9707029
            ],
            [
              94.942174,
              26.9703539
            ],
            [
              94.9416268,
              26.9700838
            ],
            [
              94.940975,
              26.969828
            ],
            [
              94.9404788,
              26.9696535
            ],
            [
              94.9403688,
              26.9695196
            ],
            [
              94.9402884,
              26.9693427
            ],
            [
              94.9403715,
              26.9691013
            ],
            [
              94.9409133,
              26.9687475
            ],
            [
              94.941152,
              26.968573
            ],
            [
              94.9412727,
              26.9683698
            ],
            [
              94.9411735,
              26.9681594
            ],
            [
              94.9409884,
              26.9680184
            ],
            [
              94.9406639,
              26.9678845
            ],
            [
              94.939658,
              26.9676837
            ],
            [
              94.9391927,
              26.9674267
            ],
            [
              94.9390183,
              26.9672439
            ],
            [
              94.9388722,
              26.966945
            ],
            [
              94.938738,
              26.966602
            ],
            [
              94.9386965,
              26.9662506
            ],
            [
              94.9383022,
              26.9649214
            ],
            [
              94.938321,
              26.9647158
            ],
            [
              94.9384122,
              26.9644971
            ],
            [
              94.9386495,
              26.9643548
            ],
            [
              94.9387568,
              26.9643441
            ],
            [
              94.9389191,
              26.9643512
            ],
            [
              94.9390934,
              26.9643871
            ],
            [
              94.9397103,
              26.9647923
            ],
            [
              94.9404547,
              26.9655692
            ],
            [
              94.9408489,
              26.9658609
            ],
            [
              94.9411681,
              26.9659243
            ],
            [
              94.9413961,
              26.9659195
            ],
            [
              94.9416549,
              26.9658227
            ],
            [
              94.9418709,
              26.9657282
            ],
            [
              94.9420573,
              26.9655418
            ],
            [
              94.9421485,
              26.9653804
            ],
            [
              94.9421793,
              26.9652035
            ],
            [
              94.9421485,
              26.965072
            ],
            [
              94.9420103,
              26.9649501
            ],
            [
              94.9415262,
              26.96476
            ],
            [
              94.9412392,
              26.9646082
            ],
            [
              94.941093,
              26.9643775
            ],
            [
              94.9410568,
              26.9641875
            ],
            [
              94.9411386,
              26.9637894
            ],
            [
              94.9411882,
              26.963505
            ],
            [
              94.9411762,
              26.963291
            ],
            [
              94.9410045,
              26.9630406
            ],
            [
              94.9409247,
              26.9630185
            ],
            [
              94.9407202,
              26.9629862
            ],
            [
              94.94,
              26.9629945
            ],
            [
              94.9393456,
              26.9631308
            ],
            [
              94.9390237,
              26.9631989
            ],
            [
              94.9387836,
              26.9631989
            ],
            [
              94.9386442,
              26.9630878
            ],
            [
              94.9386267,
              26.962936
            ],
            [
              94.9387287,
              26.9625499
            ],
            [
              94.9388587,
              26.9622008
            ],
            [
              94.9388614,
              26.9617777
            ],
            [
              94.9387823,
              26.96129
            ],
            [
              94.9387233,
              26.9609792
            ],
            [
              94.9387689,
              26.9606744
            ],
            [
              94.9389271,
              26.9602178
            ],
            [
              94.9389821,
              26.9599488
            ],
            [
              94.9389379,
              26.9596046
            ],
            [
              94.9388789,
              26.9593009
            ],
            [
              94.9385972,
              26.9589734
            ],
            [
              94.9382284,
              26.9588646
            ],
            [
              94.9374506,
              26.9587116
            ],
            [
              94.9369678,
              26.9587427
            ],
            [
              94.9362624,
              26.9588049
            ],
            [
              94.9358681,
              26.9588359
            ],
            [
              94.9355784,
              26.9587905
            ],
            [
              94.9351117,
              26.9586279
            ],
            [
              94.9346557,
              26.9585825
            ],
            [
              94.9343044,
              26.9586662
            ],
            [
              94.9339959,
              26.9588288
            ],
            [
              94.9337304,
              26.959271
            ],
            [
              94.9335775,
              26.9598066
            ],
            [
              94.933489,
              26.9601843
            ],
            [
              94.9333012,
              26.9604473
            ],
            [
              94.9330357,
              26.9605357
            ],
            [
              94.9328265,
              26.9604736
            ],
            [
              94.9326843,
              26.9603062
            ],
            [
              94.9326172,
              26.9600863
            ],
            [
              94.9324161,
              26.9594432
            ],
            [
              94.9321505,
              26.9588407
            ],
            [
              94.9321371,
              26.9583745
            ],
            [
              94.9322873,
              26.9579681
            ],
            [
              94.9323919,
              26.9576908
            ],
            [
              94.9324456,
              26.9574875
            ],
            [
              94.9323678,
              26.957313
            ],
            [
              94.9322283,
              26.957227
            ],
            [
              94.9319467,
              26.9572724
            ],
            [
              94.9316302,
              26.9573537
            ],
            [
              94.9310374,
              26.9575043
            ],
            [
              94.9304071,
              26.9577099
            ],
            [
              94.9300745,
              26.95798
            ],
            [
              94.9298626,
              26.958188
            ],
            [
              94.9296132,
              26.9583004
            ],
            [
              94.9293154,
              26.958341
            ],
            [
              94.9290982,
              26.958255
            ],
            [
              94.9288541,
              26.9581689
            ],
            [
              94.928787,
              26.958004
            ],
            [
              94.9287361,
              26.9578079
            ],
            [
              94.9287334,
              26.9574421
            ],
            [
              94.9290499,
              26.9566293
            ],
            [
              94.9293637,
              26.956395
            ],
            [
              94.9296105,
              26.9562491
            ],
            [
              94.9299109,
              26.956187
            ],
            [
              94.9301416,
              26.95623
            ],
            [
              94.9303213,
              26.9563065
            ],
            [
              94.93067,
              26.9563782
            ],
            [
              94.9308819,
              26.9563806
            ],
            [
              94.9310535,
              26.9562898
            ],
            [
              94.9311501,
              26.9562061
            ],
            [
              94.9312413,
              26.9560148
            ],
            [
              94.9311072,
              26.9553741
            ],
            [
              94.9307907,
              26.9549724
            ],
            [
              94.9304152,
              26.9548744
            ],
            [
              94.9300906,
              26.9549151
            ],
            [
              94.9297526,
              26.9549533
            ],
            [
              94.92964,
              26.9549246
            ],
            [
              94.929361,
              26.9548027
            ],
            [
              94.9290124,
              26.9544727
            ],
            [
              94.9288622,
              26.9536503
            ],
            [
              94.9286073,
              26.9531913
            ],
            [
              94.9280092,
              26.9530621
            ],
            [
              94.9275425,
              26.9530956
            ],
            [
              94.9272609,
              26.9530454
            ],
            [
              94.9271241,
              26.9529593
            ],
            [
              94.9270543,
              26.9525816
            ],
            [
              94.9271643,
              26.9523377
            ],
            [
              94.9271965,
              26.9506306
            ],
            [
              94.9261665,
              26.9509175
            ],
            [
              94.9246216,
              26.9510514
            ],
            [
              94.9241066,
              26.9521991
            ],
            [
              94.9229479,
              26.9511088
            ],
            [
              94.9230122,
              26.9495212
            ],
            [
              94.9235541,
              26.9477065
            ],
            [
              94.9239993,
              26.9468242
            ],
            [
              94.9238705,
              26.9459443
            ],
            [
              94.9240207,
              26.9447966
            ],
            [
              94.9248791,
              26.9422717
            ],
            [
              94.9274754,
              26.9391728
            ],
            [
              94.9280119,
              26.9382737
            ],
            [
              94.928956,
              26.9380824
            ],
            [
              94.9297285,
              26.9381015
            ],
            [
              94.9309516,
              26.9380825
            ],
            [
              94.9306511,
              26.9360738
            ],
            [
              94.9305439,
              26.935213
            ],
            [
              94.9310159,
              26.9340843
            ],
            [
              94.9313593,
              26.9328026
            ],
            [
              94.931389,
              26.9324423
            ],
            [
              94.9317241,
              26.9324008
            ],
            [
              94.9333119,
              26.9324965
            ],
            [
              94.934814,
              26.9323626
            ],
            [
              94.9368739,
              26.9330513
            ],
            [
              94.9382257,
              26.9332617
            ],
            [
              94.9400496,
              26.9332426
            ],
            [
              94.9409938,
              26.9339313
            ],
            [
              94.9414658,
              26.9350217
            ],
            [
              94.9427104,
              26.9351747
            ],
            [
              94.9443197,
              26.9352321
            ],
            [
              94.9457788,
              26.9352704
            ],
            [
              94.9471307,
              26.9354425
            ],
            [
              94.9483752,
              26.9358251
            ],
            [
              94.9492979,
              26.9365903
            ],
            [
              94.9503493,
              26.9372216
            ],
            [
              94.9519372,
              26.9373172
            ],
            [
              94.9536109,
              26.937872
            ],
            [
              94.9542761,
              26.9389432
            ],
            [
              94.9552202,
              26.9396701
            ],
            [
              94.9562502,
              26.9388285
            ],
            [
              94.9571085,
              26.9375085
            ],
            [
              94.9579024,
              26.9368773
            ],
            [
              94.9590397,
              26.9370686
            ],
            [
              94.96037,
              26.9371259
            ],
            [
              94.9612069,
              26.9366477
            ],
            [
              94.963181,
              26.9333956
            ],
            [
              94.9652838,
              26.9296078
            ],
            [
              94.9659276,
              26.925858
            ],
            [
              94.9667859,
              26.9240788
            ],
            [
              94.9679231,
              26.9228161
            ],
            [
              94.9693823,
              26.9222613
            ],
            [
              94.9708843,
              26.9218786
            ],
            [
              94.9738025,
              26.9215916
            ],
            [
              94.9750256,
              26.9213429
            ],
            [
              94.9764633,
              26.9210177
            ],
            [
              94.9776435,
              26.9195827
            ],
            [
              94.9786305,
              26.91832
            ],
            [
              94.9795103,
              26.9167319
            ],
            [
              94.9807763,
              26.9143594
            ],
            [
              94.9820637,
              26.9129627
            ],
            [
              94.9845743,
              26.9130009
            ],
            [
              94.9865913,
              26.9133453
            ],
            [
              94.9891662,
              26.9136897
            ],
            [
              94.9896383,
              26.914876
            ],
            [
              94.9898314,
              26.916024
            ],
            [
              94.9899816,
              26.9169424
            ],
            [
              94.9900031,
              26.91832
            ],
            [
              94.9902606,
              26.9193531
            ],
            [
              94.9905181,
              26.9202332
            ],
            [
              94.9914193,
              26.9207498
            ],
            [
              94.9951315,
              26.9206733
            ],
            [
              94.9963116,
              26.920061
            ],
            [
              94.9975776,
              26.9196784
            ],
            [
              94.9991441,
              26.9196593
            ],
            [
              95.0008607,
              26.9197167
            ],
            [
              95.0034356,
              26.9205776
            ],
            [
              95.0074911,
              26.921209
            ],
            [
              95.012598,
              26.9218212
            ],
            [
              95.0155377,
              26.9211707
            ],
            [
              95.0165891,
              26.9212664
            ],
            [
              95.0178551,
              26.9221273
            ],
            [
              95.0187564,
              26.9229883
            ],
            [
              95.0195074,
              26.9240214
            ],
            [
              95.0202799,
              26.9247101
            ],
            [
              95.0213527,
              26.9251884
            ],
            [
              95.0224471,
              26.9259728
            ],
            [
              95.0231123,
              26.9268337
            ],
            [
              95.0234771,
              26.9276564
            ],
            [
              95.0244427,
              26.9285364
            ],
            [
              95.0315022,
              26.9326304
            ],
            [
              95.0321889,
              26.9340269
            ],
            [
              95.0337767,
              26.9353469
            ],
            [
              95.0346565,
              26.9359016
            ],
            [
              95.0363946,
              26.936552
            ],
            [
              95.0384331,
              26.9365329
            ],
            [
              95.0396991,
              26.936552
            ],
            [
              95.0408792,
              26.9372598
            ],
            [
              95.0415873,
              26.9379676
            ],
            [
              95.0424456,
              26.9384267
            ],
            [
              95.0440979,
              26.9386754
            ],
            [
              95.0457501,
              26.9384459
            ],
            [
              95.0469517,
              26.9382737
            ],
            [
              95.0494194,
              26.9388093
            ],
            [
              95.0541615,
              26.9408562
            ],
            [
              95.0571656,
              26.942463
            ],
            [
              95.0591612,
              26.9442993
            ],
            [
              95.0614142,
              26.9457913
            ],
            [
              95.0651693,
              26.9472642
            ],
            [
              95.0703621,
              26.9489665
            ],
            [
              95.0737738,
              26.9493873
            ],
            [
              95.0788593,
              26.9495595
            ],
            [
              95.0803372,
              26.9501406
            ],
            [
              95.0866914,
              26.952639
            ],
            [
              95.092678,
              26.9560435
            ],
            [
              95.1026988,
              26.9624507
            ],
            [
              95.1059818,
              26.9656254
            ],
            [
              95.1063895,
              26.9669833
            ],
            [
              95.107677,
              26.9759141
            ],
            [
              95.1090717,
              26.977922
            ],
            [
              95.1107454,
              26.9800064
            ],
            [
              95.1123333,
              26.9811154
            ],
            [
              95.1143288,
              26.9816126
            ],
            [
              95.1188564,
              26.9830085
            ],
            [
              95.1211738,
              26.9841367
            ],
            [
              95.1256799,
              26.986393
            ],
            [
              95.1274122,
              26.9874756
            ],
            [
              95.1317739,
              26.9903511
            ],
            [
              95.1386404,
              26.9949399
            ],
            [
              95.1397133,
              26.9952458
            ],
            [
              95.1412797,
              26.9954752
            ],
            [
              95.1432109,
              26.9955708
            ],
            [
              95.1446914,
              26.9957812
            ],
            [
              95.1495409,
              26.9990315
            ],
            [
              95.1570511,
              27.0048053
            ],
            [
              95.1660633,
              27.011764
            ],
            [
              95.1716852,
              27.0169637
            ],
            [
              95.1761484,
              27.0204237
            ],
            [
              95.176552,
              27.0207595
            ],
            [
              95.1868987,
              27.0293694
            ],
            [
              95.1893954,
              27.0317481
            ],
            [
              95.1905894,
              27.0328863
            ],
            [
              95.1924348,
              27.0347976
            ],
            [
              95.1930088,
              27.035801
            ],
            [
              95.1939261,
              27.0348549
            ],
            [
              95.1940548,
              27.0343866
            ],
            [
              95.1937866,
              27.0338993
            ],
            [
              95.1935528,
              27.0336758
            ],
            [
              95.1933467,
              27.0334788
            ],
            [
              95.1929283,
              27.0330296
            ],
            [
              95.1927352,
              27.03259
            ],
            [
              95.1928274,
              27.0323941
            ],
            [
              95.1930141,
              27.0319975
            ],
            [
              95.1934755,
              27.0319497
            ],
            [
              95.1940656,
              27.032007
            ],
            [
              95.1943982,
              27.0322937
            ],
            [
              95.194881,
              27.0326342
            ],
            [
              95.195353,
              27.0323511
            ],
            [
              95.1958465,
              27.0322555
            ],
            [
              95.1958895,
              27.0325518
            ],
            [
              95.1957658,
              27.0334452
            ],
            [
              95.1956963,
              27.033947
            ],
            [
              95.1955569,
              27.0343771
            ],
            [
              95.195235,
              27.0348645
            ],
            [
              95.1952135,
              27.0353996
            ],
            [
              95.1955998,
              27.0356385
            ],
            [
              95.1960719,
              27.0359061
            ],
            [
              95.1965225,
              27.0362884
            ],
            [
              95.197016,
              27.0366229
            ],
            [
              95.1976383,
              27.0368904
            ],
            [
              95.1981318,
              27.0371198
            ],
            [
              95.1988613,
              27.0372727
            ],
            [
              95.1999235,
              27.0374351
            ],
            [
              95.2015328,
              27.0368331
            ],
            [
              95.2020585,
              27.0365751
            ],
            [
              95.2028739,
              27.0364031
            ],
            [
              95.2032494,
              27.0367471
            ],
            [
              95.2036142,
              27.037158
            ],
            [
              95.2042687,
              27.0373491
            ],
            [
              95.2049446,
              27.0370529
            ],
            [
              95.2049339,
              27.0365368
            ],
            [
              95.20473,
              27.0362502
            ],
            [
              95.2046764,
              27.0356577
            ],
            [
              95.2050412,
              27.0352658
            ],
            [
              95.2053523,
              27.0344918
            ],
            [
              95.2051914,
              27.0337368
            ],
            [
              95.2052665,
              27.0330965
            ],
            [
              95.2050412,
              27.032762
            ],
            [
              95.2053201,
              27.0323224
            ],
            [
              95.2058244,
              27.0322268
            ],
            [
              95.2064681,
              27.0323033
            ],
            [
              95.2070045,
              27.0323989
            ],
            [
              95.2075302,
              27.0324562
            ],
            [
              95.2081954,
              27.0323606
            ],
            [
              95.2088177,
              27.0320739
            ],
            [
              95.2090752,
              27.0315292
            ],
            [
              95.2089357,
              27.0310705
            ],
            [
              95.2086139,
              27.0304971
            ],
            [
              95.2083671,
              27.029895
            ],
            [
              95.2086568,
              27.0292356
            ],
            [
              95.2092039,
              27.0291495
            ],
            [
              95.2097189,
              27.0293789
            ],
            [
              95.2101695,
              27.0295796
            ],
            [
              95.2108133,
              27.0298185
            ],
            [
              95.2113712,
              27.0299714
            ],
            [
              95.2119827,
              27.0300957
            ],
            [
              95.2124226,
              27.0301052
            ],
            [
              95.2130878,
              27.0301339
            ],
            [
              95.2133131,
              27.0304302
            ],
            [
              95.2131951,
              27.0308411
            ],
            [
              95.2131629,
              27.0311469
            ],
            [
              95.2133775,
              27.0314527
            ],
            [
              95.2137852,
              27.0315483
            ],
            [
              95.2142465,
              27.0314527
            ],
            [
              95.2146864,
              27.0312712
            ],
            [
              95.2152979,
              27.0310609
            ],
            [
              95.2156412,
              27.0309654
            ],
            [
              95.2164352,
              27.0310131
            ],
            [
              95.2168429,
              27.0311947
            ],
            [
              95.2173149,
              27.031663
            ],
            [
              95.2177334,
              27.0323893
            ],
            [
              95.2184093,
              27.0327907
            ],
            [
              95.2198791,
              27.0335266
            ],
            [
              95.2207053,
              27.0338419
            ],
            [
              95.2213275,
              27.0340331
            ],
            [
              95.221864,
              27.0343293
            ],
            [
              95.2218962,
              27.0346256
            ],
            [
              95.2214885,
              27.0349027
            ],
            [
              95.2210379,
              27.0351512
            ],
            [
              95.220834,
              27.0355048
            ],
            [
              95.2213383,
              27.0362502
            ],
            [
              95.2215636,
              27.0362884
            ],
            [
              95.2221537,
              27.0362979
            ],
            [
              95.2231192,
              27.0363744
            ],
            [
              95.2238703,
              27.0365942
            ],
            [
              95.2241921,
              27.0367566
            ],
            [
              95.2246749,
              27.0367089
            ],
            [
              95.2246642,
              27.0363362
            ],
            [
              95.2245784,
              27.0359061
            ],
            [
              95.2247822,
              27.0353996
            ],
            [
              95.2253294,
              27.0352754
            ],
            [
              95.2258873,
              27.035371
            ],
            [
              95.2264666,
              27.0354856
            ],
            [
              95.2270996,
              27.0354952
            ],
            [
              95.2277219,
              27.0354283
            ],
            [
              95.2284729,
              27.0354092
            ],
            [
              95.2286231,
              27.0356481
            ],
            [
              95.2283978,
              27.0359157
            ],
            [
              95.2280652,
              27.0361641
            ],
            [
              95.2277219,
              27.036814
            ],
            [
              95.2277756,
              27.0370529
            ],
            [
              95.2278721,
              27.0373587
            ],
            [
              95.2280974,
              27.0376358
            ],
            [
              95.2284729,
              27.037999
            ],
            [
              95.2289021,
              27.0383048
            ],
            [
              95.229342,
              27.0386679
            ],
            [
              95.2298784,
              27.0388112
            ],
            [
              95.2301574,
              27.0388112
            ],
            [
              95.230608,
              27.0388208
            ],
            [
              95.2309728,
              27.0390215
            ],
            [
              95.2309298,
              27.0394324
            ],
            [
              95.2308333,
              27.0399006
            ],
            [
              95.2305972,
              27.040302
            ],
            [
              95.230211,
              27.0406651
            ],
            [
              95.2297068,
              27.0409518
            ],
            [
              95.2292776,
              27.0412576
            ],
            [
              95.2290738,
              27.0415347
            ],
            [
              95.2289879,
              27.0418309
            ],
            [
              95.229224,
              27.0420603
            ],
            [
              95.2295136,
              27.0422227
            ],
            [
              95.2299321,
              27.0425094
            ],
            [
              95.2306187,
              27.0431592
            ],
            [
              95.23108,
              27.0435414
            ],
            [
              95.2315092,
              27.0436274
            ],
            [
              95.2320456,
              27.0432452
            ],
            [
              95.2320886,
              27.0428534
            ],
            [
              95.2322817,
              27.0423565
            ],
            [
              95.2325821,
              27.0420698
            ],
            [
              95.2331078,
              27.0413627
            ],
            [
              95.2331614,
              27.0411334
            ],
            [
              95.2329898,
              27.0407989
            ],
            [
              95.2327645,
              27.0405504
            ],
            [
              95.2325177,
              27.0401778
            ],
            [
              95.232389,
              27.0396904
            ],
            [
              95.2323675,
              27.0390979
            ],
            [
              95.232389,
              27.0386106
            ],
            [
              95.2326357,
              27.0382092
            ],
            [
              95.2330112,
              27.0379321
            ],
            [
              95.2334833,
              27.0376932
            ],
            [
              95.2341914,
              27.0374734
            ],
            [
              95.2347386,
              27.0373109
            ],
            [
              95.2352857,
              27.0373491
            ],
            [
              95.2359617,
              27.0375785
            ],
            [
              95.2363586,
              27.0377314
            ],
            [
              95.236938,
              27.0378652
            ],
            [
              95.2376675,
              27.0377887
            ],
            [
              95.2382469,
              27.0375976
            ],
            [
              95.2388477,
              27.0372536
            ],
            [
              95.239234,
              27.0368331
            ],
            [
              95.2395666,
              27.0363553
            ],
            [
              95.2398455,
              27.03496
            ],
            [
              95.240339,
              27.0340808
            ],
            [
              95.2404892,
              27.0333928
            ],
            [
              95.240736,
              27.0324944
            ],
            [
              95.2407789,
              27.03108
            ],
            [
              95.2412403,
              27.0299714
            ],
            [
              95.2418947,
              27.0290253
            ],
            [
              95.2423239,
              27.0284997
            ],
            [
              95.2426672,
              27.0282607
            ],
            [
              95.2429247,
              27.0279071
            ],
            [
              95.2431071,
              27.0274197
            ],
            [
              95.2432573,
              27.0267889
            ],
            [
              95.2434397,
              27.0262824
            ],
            [
              95.2436113,
              27.025881
            ],
            [
              95.2440297,
              27.0258619
            ],
            [
              95.2444482,
              27.025881
            ],
            [
              95.2447379,
              27.0260435
            ],
            [
              95.245049,
              27.0259861
            ],
            [
              95.2452743,
              27.0256612
            ],
            [
              95.2459502,
              27.0253267
            ],
            [
              95.246712,
              27.0250304
            ],
            [
              95.246948,
              27.0247246
            ],
            [
              95.2478278,
              27.0245525
            ],
            [
              95.2482033,
              27.0246194
            ],
            [
              95.2482569,
              27.02504
            ],
            [
              95.2479887,
              27.0255178
            ],
            [
              95.2481925,
              27.0258141
            ],
            [
              95.2490187,
              27.025709
            ],
            [
              95.2492654,
              27.0255943
            ],
            [
              95.2496195,
              27.0257281
            ],
            [
              95.2500379,
              27.0259766
            ],
            [
              95.2501774,
              27.0264353
            ],
            [
              95.2502525,
              27.0269323
            ],
            [
              95.2509391,
              27.0272859
            ],
            [
              95.2525806,
              27.0276778
            ],
            [
              95.2534282,
              27.0279836
            ],
            [
              95.253911,
              27.0280218
            ],
            [
              95.2544153,
              27.0281461
            ],
            [
              95.2542758,
              27.0287481
            ],
            [
              95.2539861,
              27.0289106
            ],
            [
              95.253911,
              27.0290731
            ],
            [
              95.2542007,
              27.0292451
            ],
            [
              95.2545977,
              27.0290826
            ],
            [
              95.2552199,
              27.0287673
            ],
            [
              95.2555525,
              27.0290731
            ],
            [
              95.2557886,
              27.0295414
            ],
            [
              95.2561641,
              27.0301435
            ],
            [
              95.2565074,
              27.0306117
            ],
            [
              95.2570331,
              27.0309176
            ],
            [
              95.2578056,
              27.0311756
            ],
            [
              95.2583742,
              27.0312138
            ],
            [
              95.2589106,
              27.0310609
            ],
            [
              95.2594685,
              27.0308985
            ],
            [
              95.2599191,
              27.0312807
            ],
            [
              95.2597689,
              27.0319879
            ],
            [
              95.2593612,
              27.0327525
            ],
            [
              95.2588463,
              27.0332112
            ],
            [
              95.2584815,
              27.0335361
            ],
            [
              95.2586961,
              27.0342624
            ],
            [
              95.2596402,
              27.0347785
            ],
            [
              95.2604127,
              27.0347402
            ],
            [
              95.2617001,
              27.0346064
            ],
            [
              95.2625477,
              27.0349314
            ],
            [
              95.2630198,
              27.0352276
            ],
            [
              95.2637923,
              27.035457
            ],
            [
              95.264039,
              27.0355621
            ],
            [
              95.2647793,
              27.0360877
            ],
            [
              95.2652085,
              27.036642
            ],
            [
              95.2659488,
              27.0370529
            ],
            [
              95.2665496,
              27.0372822
            ],
            [
              95.2669573,
              27.0377887
            ],
            [
              95.2674937,
              27.0386106
            ],
            [
              95.2679551,
              27.0391839
            ],
            [
              95.2684379,
              27.0395948
            ],
            [
              95.2687704,
              27.0397668
            ],
            [
              95.2693069,
              27.0399102
            ],
            [
              95.2699935,
              27.0401013
            ],
            [
              95.2703583,
              27.0404071
            ],
            [
              95.270884,
              27.0408753
            ],
            [
              95.2714956,
              27.041248
            ],
            [
              95.2723539,
              27.0413436
            ],
            [
              95.2740276,
              27.0416112
            ],
            [
              95.274961,
              27.0419838
            ],
            [
              95.2761197,
              27.0419838
            ],
            [
              95.2765918,
              27.0425763
            ],
            [
              95.2764416,
              27.0431114
            ],
            [
              95.2759909,
              27.0435319
            ],
            [
              95.275712,
              27.0437803
            ],
            [
              95.2754116,
              27.0442581
            ],
            [
              95.2757334,
              27.0447741
            ],
            [
              95.2760339,
              27.0455577
            ],
            [
              95.2763343,
              27.0463221
            ],
            [
              95.276699,
              27.047163
            ],
            [
              95.2768922,
              27.048195
            ],
            [
              95.2765488,
              27.0494754
            ],
            [
              95.2756905,
              27.0495136
            ],
            [
              95.2749395,
              27.0495519
            ],
            [
              95.2751822,
              27.0504506
            ],
            [
              95.2753472,
              27.0510616
            ],
            [
              95.2757227,
              27.0517686
            ],
            [
              95.2766669,
              27.0530681
            ],
            [
              95.2771389,
              27.0537179
            ],
            [
              95.2774393,
              27.0545396
            ],
            [
              95.2782226,
              27.0552466
            ],
            [
              95.2788126,
              27.0553899
            ],
            [
              95.2795744,
              27.0556002
            ],
            [
              95.2806795,
              27.0573009
            ],
            [
              95.2811086,
              27.0578837
            ],
            [
              95.281688,
              27.0582563
            ],
            [
              95.281948,
              27.0582874
            ],
            [
              95.2825248,
              27.0583519
            ],
            [
              95.2828789,
              27.0586385
            ],
            [
              95.2842629,
              27.0605112
            ],
            [
              95.2848101,
              27.0612946
            ],
            [
              95.2853465,
              27.0616959
            ],
            [
              95.2863765,
              27.0619348
            ],
            [
              95.2873742,
              27.0623456
            ],
            [
              95.2884686,
              27.0637309
            ],
            [
              95.2905071,
              27.0658137
            ],
            [
              95.2932,
              27.0678391
            ],
            [
              95.2957964,
              27.0689282
            ],
            [
              95.2968693,
              27.069339
            ],
            [
              95.297631,
              27.0695014
            ],
            [
              95.2986824,
              27.0695014
            ],
            [
              95.2993361,
              27.0698703
            ],
            [
              95.2994442,
              27.0699313
            ],
            [
              95.3011823,
              27.0722337
            ],
            [
              95.3019333,
              27.0726445
            ],
            [
              95.3031671,
              27.0728738
            ],
            [
              95.3042292,
              27.074173
            ],
            [
              95.3075766,
              27.0766664
            ],
            [
              95.3092396,
              27.0780802
            ],
            [
              95.3116965,
              27.0799239
            ],
            [
              95.3125488,
              27.0802377
            ],
            [
              95.3134346,
              27.0805639
            ],
            [
              95.315001,
              27.0814905
            ],
            [
              95.3154623,
              27.0819586
            ],
            [
              95.3161919,
              27.0826463
            ],
            [
              95.317179,
              27.0832004
            ],
            [
              95.3191423,
              27.0841652
            ],
            [
              95.3213525,
              27.0849484
            ],
            [
              95.3240669,
              27.0858846
            ],
            [
              95.3257406,
              27.0863049
            ],
            [
              95.3268134,
              27.0868111
            ],
            [
              95.3281653,
              27.0870308
            ],
            [
              95.3303003,
              27.0881771
            ],
            [
              95.3322315,
              27.0898486
            ],
            [
              95.3339267,
              27.0908038
            ],
            [
              95.3354609,
              27.0919309
            ],
            [
              95.3377139,
              27.0935547
            ],
            [
              95.3389048,
              27.0942424
            ],
            [
              95.340997,
              27.0951784
            ],
            [
              95.3427887,
              27.0961145
            ],
            [
              95.3548908,
              27.1039463
            ],
            [
              95.3608989,
              27.106926
            ],
            [
              95.3627014,
              27.1071838
            ],
            [
              95.3645467,
              27.1080338
            ],
            [
              95.3661132,
              27.1076709
            ],
            [
              95.3680873,
              27.1071647
            ],
            [
              95.3686881,
              27.1097338
            ],
            [
              95.3693747,
              27.1100776
            ],
            [
              95.3704047,
              27.1104405
            ],
            [
              95.3709841,
              27.1107843
            ],
            [
              95.3715205,
              27.1113764
            ],
            [
              95.3717351,
              27.1120258
            ],
            [
              95.3716492,
              27.1135155
            ],
            [
              95.371499,
              27.1143559
            ],
            [
              95.3708982,
              27.1149098
            ],
            [
              95.3697824,
              27.1152345
            ],
            [
              95.3683662,
              27.1155592
            ],
            [
              95.3667354,
              27.1156547
            ],
            [
              95.3649759,
              27.1159794
            ],
            [
              95.364933,
              27.1170489
            ],
            [
              95.364933,
              27.1180229
            ],
            [
              95.364697,
              27.1196081
            ],
            [
              95.3635168,
              27.1216517
            ],
            [
              95.363388,
              27.1229885
            ],
            [
              95.3634739,
              27.1241344
            ],
            [
              95.3633666,
              27.1262351
            ],
            [
              95.362637,
              27.1267699
            ],
            [
              95.3619504,
              27.1268844
            ],
            [
              95.3613066,
              27.1272282
            ],
            [
              95.3613281,
              27.1278584
            ],
            [
              95.3618002,
              27.1285077
            ],
            [
              95.3623795,
              27.1290042
            ],
            [
              95.3632164,
              27.129558
            ],
            [
              95.3640532,
              27.1300355
            ],
            [
              95.3646755,
              27.1305702
            ],
            [
              95.3655553,
              27.1313722
            ],
            [
              95.3655553,
              27.1327472
            ],
            [
              95.3660917,
              27.1339884
            ],
            [
              95.3664779,
              27.1347523
            ],
            [
              95.3667998,
              27.1354015
            ],
            [
              95.3673148,
              27.1362608
            ],
            [
              95.3674865,
              27.1372347
            ],
            [
              95.3670144,
              27.1383804
            ],
            [
              95.3664994,
              27.141111
            ],
            [
              95.3658342,
              27.1445099
            ],
            [
              95.3649974,
              27.146152
            ],
            [
              95.3643966,
              27.1476222
            ],
            [
              95.3634524,
              27.1494552
            ],
            [
              95.3626156,
              27.1511354
            ],
            [
              95.3603625,
              27.1538084
            ],
            [
              95.3581953,
              27.1564623
            ],
            [
              95.3576803,
              27.1577796
            ],
            [
              95.3576803,
              27.1590588
            ],
            [
              95.3578949,
              27.1606052
            ],
            [
              95.3582167,
              27.162018
            ],
            [
              95.3585386,
              27.1634307
            ],
            [
              95.3582382,
              27.1652825
            ],
            [
              95.358088,
              27.1665616
            ],
            [
              95.3575945,
              27.1681843
            ],
            [
              95.3564572,
              27.1696161
            ],
            [
              95.3525948,
              27.1710096
            ],
            [
              95.350492,
              27.1713341
            ],
            [
              95.3480673,
              27.1716587
            ],
            [
              95.3466511,
              27.1721359
            ],
            [
              95.3460073,
              27.1729568
            ],
            [
              95.3454923,
              27.1744075
            ],
            [
              95.3450846,
              27.1763928
            ],
            [
              95.3443551,
              27.1799242
            ],
            [
              95.3442478,
              27.1812603
            ],
            [
              95.3437114,
              27.1821766
            ],
            [
              95.3427887,
              27.1828256
            ],
            [
              95.341866,
              27.1836081
            ],
            [
              95.3410506,
              27.1845625
            ],
            [
              95.3396988,
              27.1858223
            ],
            [
              95.3382396,
              27.1867385
            ],
            [
              95.3364801,
              27.1859941
            ],
            [
              95.3350425,
              27.1851924
            ],
            [
              95.3335619,
              27.1855742
            ],
            [
              95.3331971,
              27.1861849
            ],
            [
              95.3328538,
              27.1872729
            ],
            [
              95.3328967,
              27.1881318
            ],
            [
              95.333004,
              27.1891243
            ],
            [
              95.3328967,
              27.1900596
            ],
            [
              95.3317809,
              27.190155
            ],
            [
              95.3309011,
              27.1889907
            ],
            [
              95.3303003,
              27.1878646
            ],
            [
              95.3294849,
              27.1867766
            ],
            [
              95.3286266,
              27.1863567
            ],
            [
              95.3274464,
              27.1863949
            ],
            [
              95.3266954,
              27.1867003
            ],
            [
              95.3261375,
              27.1874829
            ],
            [
              95.3259229,
              27.1885517
            ],
            [
              95.3261375,
              27.1893915
            ],
            [
              95.3261161,
              27.1904795
            ],
            [
              95.3254509,
              27.1912811
            ],
            [
              95.3239059,
              27.1914338
            ],
            [
              95.3229618,
              27.1900214
            ],
            [
              95.3227043,
              27.1883609
            ],
            [
              95.3217387,
              27.1875592
            ],
            [
              95.3211164,
              27.1872729
            ],
            [
              95.3201937,
              27.1868721
            ],
            [
              95.319314,
              27.1870439
            ],
            [
              95.3188634,
              27.1873874
            ],
            [
              95.3183269,
              27.1878837
            ],
            [
              95.3174472,
              27.1883036
            ],
            [
              95.3165674,
              27.18817
            ],
            [
              95.315516,
              27.1874256
            ],
            [
              95.3146577,
              27.1869293
            ],
            [
              95.3138423,
              27.1858414
            ],
            [
              95.3128552,
              27.1847343
            ],
            [
              95.3120184,
              27.1848679
            ],
            [
              95.3114176,
              27.1855932
            ],
            [
              95.3110313,
              27.1864331
            ],
            [
              95.3106236,
              27.1871584
            ],
            [
              95.3100014,
              27.1880936
            ],
            [
              95.3091216,
              27.1891243
            ],
            [
              95.3083491,
              27.1902123
            ],
            [
              95.3063321,
              27.1907276
            ],
            [
              95.3041863,
              27.1908803
            ],
            [
              95.3022766,
              27.1910902
            ],
            [
              95.3013754,
              27.1916437
            ],
            [
              95.3012681,
              27.1925217
            ],
            [
              95.3013968,
              27.1931706
            ],
            [
              95.3018904,
              27.1938386
            ],
            [
              95.3024697,
              27.1945639
            ],
            [
              95.3028989,
              27.1953655
            ],
            [
              95.3027487,
              27.1963007
            ],
            [
              95.3020835,
              27.196587
            ],
            [
              95.3006029,
              27.1960144
            ],
            [
              95.2994871,
              27.1955945
            ],
            [
              95.2986502,
              27.1953846
            ],
            [
              95.2974915,
              27.1954991
            ],
            [
              95.296247,
              27.1962243
            ],
            [
              95.2951526,
              27.1965679
            ],
            [
              95.293436,
              27.1958235
            ],
            [
              95.2924061,
              27.1956709
            ],
            [
              95.291655,
              27.1957663
            ],
            [
              95.2906894,
              27.1960907
            ],
            [
              95.2898097,
              27.1963389
            ],
            [
              95.2887797,
              27.1967778
            ],
            [
              95.2876854,
              27.197255
            ],
            [
              95.2866125,
              27.1980184
            ],
            [
              95.2853679,
              27.19861
            ],
            [
              95.284059,
              27.1986482
            ],
            [
              95.2824282,
              27.1984764
            ],
            [
              95.2815699,
              27.197942
            ],
            [
              95.2815699,
              27.1971404
            ],
            [
              95.2819347,
              27.1966251
            ],
            [
              95.2828574,
              27.1964534
            ],
            [
              95.2841449,
              27.1961671
            ],
            [
              95.2849388,
              27.1959381
            ],
            [
              95.2869129,
              27.1947357
            ],
            [
              95.2866769,
              27.1934951
            ],
            [
              95.285325,
              27.193476
            ],
            [
              95.2836084,
              27.1938005
            ],
            [
              95.2824068,
              27.1943158
            ],
            [
              95.281527,
              27.1948693
            ],
            [
              95.2797031,
              27.1953464
            ],
            [
              95.2789521,
              27.1946212
            ],
            [
              95.2790594,
              27.1935714
            ],
            [
              95.2796173,
              27.1927507
            ],
            [
              95.2800464,
              27.1917583
            ],
            [
              95.2798319,
              27.1904986
            ],
            [
              95.2783727,
              27.1892388
            ],
            [
              95.2776646,
              27.1891625
            ],
            [
              95.2765918,
              27.1895061
            ],
            [
              95.2760339,
              27.1900023
            ],
            [
              95.275476,
              27.1908612
            ],
            [
              95.2745104,
              27.1917583
            ],
            [
              95.2734804,
              27.1911475
            ],
            [
              95.2732444,
              27.189926
            ],
            [
              95.2731156,
              27.189048
            ],
            [
              95.2724719,
              27.1888189
            ],
            [
              95.2719354,
              27.1888953
            ],
            [
              95.271399,
              27.1893725
            ],
            [
              95.2706694,
              27.1901741
            ],
            [
              95.269897,
              27.1910712
            ],
            [
              95.2691674,
              27.19193
            ],
            [
              95.2685237,
              27.1932851
            ],
            [
              95.2676439,
              27.1943158
            ],
            [
              95.267086,
              27.1949647
            ],
            [
              95.2661848,
              27.195041
            ],
            [
              95.2652621,
              27.1944494
            ],
            [
              95.2646398,
              27.1927698
            ],
            [
              95.2636099,
              27.1898687
            ],
            [
              95.2637601,
              27.1885326
            ],
            [
              95.2635455,
              27.1873111
            ],
            [
              95.2623009,
              27.1874256
            ],
            [
              95.2618289,
              27.1881318
            ],
            [
              95.2617001,
              27.1890862
            ],
            [
              95.2602839,
              27.1912811
            ],
            [
              95.2588033,
              27.1928462
            ],
            [
              95.2577734,
              27.1934569
            ],
            [
              95.2571726,
              27.1932088
            ],
            [
              95.2569794,
              27.1919682
            ],
            [
              95.2576661,
              27.1909757
            ],
            [
              95.2582454,
              27.1899451
            ],
            [
              95.2585459,
              27.1888189
            ],
            [
              95.2581596,
              27.1876356
            ],
            [
              95.2573442,
              27.1867385
            ],
            [
              95.2567005,
              27.1853833
            ],
            [
              95.255928,
              27.1853451
            ],
            [
              95.2553701,
              27.1859559
            ],
            [
              95.2553272,
              27.1865476
            ],
            [
              95.2556705,
              27.1881509
            ],
            [
              95.2560568,
              27.1891816
            ],
            [
              95.2559495,
              27.1900405
            ],
            [
              95.2551126,
              27.1910712
            ],
            [
              95.2546406,
              27.1919873
            ],
            [
              95.254426,
              27.1933424
            ],
            [
              95.2538466,
              27.1945257
            ],
            [
              95.2527308,
              27.1949647
            ],
            [
              95.2520442,
              27.1943349
            ],
            [
              95.2509713,
              27.1929034
            ],
            [
              95.2494693,
              27.192598
            ],
            [
              95.2472377,
              27.1924072
            ],
            [
              95.2456498,
              27.1922354
            ],
            [
              95.2448335,
              27.1911547
            ],
            [
              95.2447271,
              27.1910139
            ],
            [
              95.2449202,
              27.1900023
            ],
            [
              95.244534,
              27.1893152
            ],
            [
              95.2434826,
              27.1892198
            ],
            [
              95.2408862,
              27.189487
            ],
            [
              95.2389979,
              27.1898305
            ],
            [
              95.2371955,
              27.1898496
            ],
            [
              95.2365732,
              27.1894297
            ],
            [
              95.236659,
              27.1888189
            ],
            [
              95.2370882,
              27.1881127
            ],
            [
              95.2378607,
              27.1875974
            ],
            [
              95.2388906,
              27.1872156
            ],
            [
              95.2403068,
              27.1863758
            ],
            [
              95.2404246,
              27.186217
            ],
            [
              95.2410149,
              27.1854215
            ],
            [
              95.2416158,
              27.1841044
            ],
            [
              95.2415299,
              27.1830164
            ],
            [
              95.2404356,
              27.181833
            ],
            [
              95.238719,
              27.1810886
            ],
            [
              95.2375173,
              27.1797524
            ],
            [
              95.2368521,
              27.1793706
            ],
            [
              95.2362299,
              27.1798669
            ],
            [
              95.2356505,
              27.1805732
            ],
            [
              95.234127,
              27.181184
            ],
            [
              95.2332687,
              27.1810313
            ],
            [
              95.2325392,
              27.1803441
            ],
            [
              95.2325606,
              27.1791416
            ],
            [
              95.2326464,
              27.1770609
            ],
            [
              95.2349424,
              27.1745412
            ],
            [
              95.2359938,
              27.1738349
            ],
            [
              95.23741,
              27.1728231
            ],
            [
              95.238719,
              27.1721359
            ],
            [
              95.2389335,
              27.1711432
            ],
            [
              95.2384829,
              27.1703606
            ],
            [
              95.2377105,
              27.170036
            ],
            [
              95.2365732,
              27.1697306
            ],
            [
              95.2355647,
              27.1698069
            ],
            [
              95.2346205,
              27.1705896
            ],
            [
              95.2341914,
              27.1714105
            ],
            [
              95.2334404,
              27.1720595
            ],
            [
              95.2327752,
              27.1725368
            ],
            [
              95.2317023,
              27.1728995
            ],
            [
              95.2292347,
              27.1734531
            ],
            [
              95.2278828,
              27.1735867
            ],
            [
              95.227046,
              27.1732813
            ],
            [
              95.2267027,
              27.1723077
            ],
            [
              95.2262306,
              27.1707042
            ],
            [
              95.2257156,
              27.1688715
            ],
            [
              95.2249861,
              27.1672489
            ],
            [
              95.2230763,
              27.1661034
            ],
            [
              95.2221966,
              27.1659507
            ],
            [
              95.2206945,
              27.1657216
            ],
            [
              95.2192783,
              27.1649198
            ],
            [
              95.2183556,
              27.1653398
            ],
            [
              95.2175402,
              27.1660653
            ],
            [
              95.2166605,
              27.1667143
            ],
            [
              95.2160382,
              27.1674207
            ],
            [
              95.2158665,
              27.1680888
            ],
            [
              95.216167,
              27.1687952
            ],
            [
              95.2171969,
              27.1688906
            ],
            [
              95.2182698,
              27.1689097
            ],
            [
              95.2190208,
              27.169177
            ],
            [
              95.2195143,
              27.169597
            ],
            [
              95.21945,
              27.1701315
            ],
            [
              95.2187848,
              27.1706469
            ],
            [
              95.2178621,
              27.1710669
            ],
            [
              95.2163172,
              27.1713914
            ],
            [
              95.2147507,
              27.1716587
            ],
            [
              95.2137852,
              27.1720405
            ],
            [
              95.2124119,
              27.1729186
            ],
            [
              95.2116608,
              27.1741785
            ],
            [
              95.2108669,
              27.1741594
            ],
            [
              95.2104378,
              27.1727849
            ],
            [
              95.2101588,
              27.1715059
            ],
            [
              95.2097726,
              27.1697497
            ],
            [
              95.2100944,
              27.168967
            ],
            [
              95.21106,
              27.1686806
            ],
            [
              95.2121329,
              27.1689861
            ],
            [
              95.2129054,
              27.1697497
            ],
            [
              95.2134633,
              27.1709523
            ],
            [
              95.2142358,
              27.1706087
            ],
            [
              95.2142787,
              27.1698451
            ],
            [
              95.2138495,
              27.1680888
            ],
            [
              95.2123475,
              27.1652444
            ],
            [
              95.2111459,
              27.1647862
            ],
            [
              95.2101803,
              27.1636025
            ],
            [
              95.2088499,
              27.162438
            ],
            [
              95.2076912,
              27.1623807
            ],
            [
              95.2059746,
              27.1625716
            ],
            [
              95.2046656,
              27.1629534
            ],
            [
              95.2018332,
              27.1628007
            ],
            [
              95.2006101,
              27.163068
            ],
            [
              95.1990008,
              27.1635071
            ],
            [
              95.1984215,
              27.1634689
            ],
            [
              95.1975631,
              27.1628389
            ],
            [
              95.1974559,
              27.1617125
            ],
            [
              95.1976919,
              27.1611398
            ],
            [
              95.1987004,
              27.1603761
            ],
            [
              95.199151,
              27.1596124
            ],
            [
              95.1990652,
              27.1586197
            ],
            [
              95.1985502,
              27.157646
            ],
            [
              95.1970053,
              27.1569587
            ],
            [
              95.1959538,
              27.1563286
            ],
            [
              95.1952457,
              27.1554886
            ],
            [
              95.1942372,
              27.1550876
            ],
            [
              95.1934862,
              27.1552022
            ],
            [
              95.192821,
              27.1555076
            ],
            [
              95.1922631,
              27.155985
            ],
            [
              95.1914048,
              27.1562904
            ],
            [
              95.1901388,
              27.1566341
            ],
            [
              95.1891947,
              27.1570923
            ],
            [
              95.189259,
              27.1576651
            ],
            [
              95.1897526,
              27.1581042
            ],
            [
              95.1907611,
              27.1582378
            ],
            [
              95.191791,
              27.1582569
            ],
            [
              95.1927995,
              27.1583524
            ],
            [
              95.1937437,
              27.1587151
            ],
            [
              95.1944089,
              27.1593642
            ],
            [
              95.1942587,
              27.1600325
            ],
            [
              95.193572,
              27.1606052
            ],
            [
              95.1922416,
              27.1606434
            ],
            [
              95.1909327,
              27.1601088
            ],
            [
              95.1896024,
              27.1593642
            ],
            [
              95.1881861,
              27.1594788
            ],
            [
              95.1875853,
              27.1600706
            ],
            [
              95.1874351,
              27.160987
            ],
            [
              95.186727,
              27.1619607
            ],
            [
              95.1855683,
              27.1623616
            ],
            [
              95.1833796,
              27.1630107
            ],
            [
              95.1829076,
              27.1623807
            ],
            [
              95.1830578,
              27.1604334
            ],
            [
              95.1821995,
              27.1575696
            ],
            [
              95.1821351,
              27.154763
            ],
            [
              95.1835298,
              27.1534838
            ],
            [
              95.1856327,
              27.1525674
            ],
            [
              95.1865339,
              27.1519755
            ],
            [
              95.185976,
              27.1511354
            ],
            [
              95.184989,
              27.150849
            ],
            [
              95.1838088,
              27.1509063
            ],
            [
              95.1825213,
              27.1509254
            ],
            [
              95.1801181,
              27.1505244
            ],
            [
              95.1782083,
              27.1494552
            ],
            [
              95.1777363,
              27.1466866
            ],
            [
              95.1773715,
              27.1458847
            ],
            [
              95.1769209,
              27.1453309
            ],
            [
              95.1764273,
              27.1444908
            ],
            [
              95.1769209,
              27.1438225
            ],
            [
              95.1780581,
              27.143517
            ],
            [
              95.1792383,
              27.1430969
            ],
            [
              95.1799464,
              27.1424859
            ],
            [
              95.1797962,
              27.1416266
            ],
            [
              95.1792812,
              27.1412829
            ],
            [
              95.17838,
              27.141111
            ],
            [
              95.1770925,
              27.1409774
            ],
            [
              95.1757836,
              27.1405764
            ],
            [
              95.1746464,
              27.1392397
            ],
            [
              95.174067,
              27.1383804
            ],
            [
              95.1734662,
              27.1377312
            ],
            [
              95.1727152,
              27.138094
            ],
            [
              95.1719856,
              27.1389915
            ],
            [
              95.1719427,
              27.139889
            ],
            [
              95.1722646,
              27.1411301
            ],
            [
              95.1727581,
              27.1420276
            ],
            [
              95.1734662,
              27.1429059
            ],
            [
              95.1746034,
              27.1442235
            ],
            [
              95.1747322,
              27.1452927
            ],
            [
              95.1741957,
              27.1464575
            ],
            [
              95.173316,
              27.1468775
            ],
            [
              95.1722002,
              27.1460374
            ],
            [
              95.1708913,
              27.1453118
            ],
            [
              95.1699042,
              27.1439752
            ],
            [
              95.1690459,
              27.1426959
            ],
            [
              95.1691746,
              27.1406146
            ],
            [
              95.1698613,
              27.1391633
            ],
            [
              95.1702261,
              27.1381513
            ],
            [
              95.1699257,
              27.1369865
            ],
            [
              95.1688957,
              27.1364327
            ],
            [
              95.1666426,
              27.136299
            ],
            [
              95.1650762,
              27.1364709
            ],
            [
              95.164411,
              27.136089
            ],
            [
              95.1638746,
              27.1352679
            ],
            [
              95.1638746,
              27.1343703
            ],
            [
              95.1640892,
              27.1334346
            ],
            [
              95.1641965,
              27.1327663
            ],
            [
              95.1638531,
              27.1320597
            ],
            [
              95.1630163,
              27.1319451
            ],
            [
              95.162158,
              27.1325562
            ],
            [
              95.1611709,
              27.1332437
            ],
            [
              95.1607632,
              27.1340266
            ],
            [
              95.160377,
              27.1347523
            ],
            [
              95.1596689,
              27.1350196
            ],
            [
              95.1595187,
              27.1346186
            ],
            [
              95.1594114,
              27.1337975
            ],
            [
              95.1597762,
              27.1328617
            ],
            [
              95.1601624,
              27.1321743
            ],
            [
              95.1609349,
              27.1316205
            ],
            [
              95.1625228,
              27.1307229
            ],
            [
              95.1633382,
              27.1303601
            ],
            [
              95.1640892,
              27.1291761
            ],
            [
              95.1635313,
              27.1284504
            ],
            [
              95.1622653,
              27.1280685
            ],
            [
              95.1610851,
              27.1278202
            ],
            [
              95.1594758,
              27.1278775
            ],
            [
              95.1584673,
              27.1283549
            ],
            [
              95.157845,
              27.1291952
            ],
            [
              95.1575017,
              27.1300737
            ],
            [
              95.1571154,
              27.1311622
            ],
            [
              95.1568794,
              27.1325944
            ],
            [
              95.1566648,
              27.1337593
            ],
            [
              95.1562571,
              27.1350578
            ],
            [
              95.1557421,
              27.1361272
            ],
            [
              95.1546693,
              27.1363181
            ],
            [
              95.1540255,
              27.1359553
            ],
            [
              95.1529956,
              27.1351151
            ],
            [
              95.1510429,
              27.132709
            ],
            [
              95.1503992,
              27.131525
            ],
            [
              95.1503348,
              27.1295962
            ],
            [
              95.1508498,
              27.1286796
            ],
            [
              95.1516652,
              27.1276865
            ],
            [
              95.1524377,
              27.1270563
            ],
            [
              95.1533389,
              27.1265025
            ],
            [
              95.154562,
              27.1259296
            ],
            [
              95.1549697,
              27.1253376
            ],
            [
              95.1544761,
              27.1243445
            ],
            [
              95.1533174,
              27.1237333
            ],
            [
              95.1522016,
              27.1238288
            ],
            [
              95.151279,
              27.1247837
            ],
            [
              95.1504206,
              27.1261015
            ],
            [
              95.1495194,
              27.1280685
            ],
            [
              95.1485109,
              27.1283549
            ],
            [
              95.1479959,
              27.1287369
            ],
            [
              95.1478672,
              27.1296153
            ],
            [
              95.1484036,
              27.132327
            ],
            [
              95.1485324,
              27.1332437
            ],
            [
              95.1484465,
              27.134695
            ],
            [
              95.1478672,
              27.1354397
            ],
            [
              95.147202,
              27.1360317
            ],
            [
              95.1460862,
              27.1366046
            ],
            [
              95.1449275,
              27.1371774
            ],
            [
              95.1434898,
              27.1374448
            ],
            [
              95.142653,
              27.1370819
            ],
            [
              95.1409149,
              27.1367
            ],
            [
              95.1394987,
              27.1373875
            ],
            [
              95.1390052,
              27.1378076
            ],
            [
              95.1374388,
              27.1382086
            ],
            [
              95.1359153,
              27.1383804
            ],
            [
              95.1344991,
              27.1383804
            ],
            [
              95.1334476,
              27.1379794
            ],
            [
              95.1328683,
              27.137101
            ],
            [
              95.1325893,
              27.1359171
            ],
            [
              95.1323104,
              27.1346186
            ],
            [
              95.1319456,
              27.1339502
            ],
            [
              95.1312804,
              27.1337975
            ],
            [
              95.1308083,
              27.1345995
            ],
            [
              95.1308512,
              27.1353633
            ],
            [
              95.1311731,
              27.1362799
            ],
            [
              95.1311517,
              27.1371392
            ],
            [
              95.1311302,
              27.1383041
            ],
            [
              95.1308727,
              27.138896
            ],
            [
              95.1299071,
              27.1388387
            ],
            [
              95.1285553,
              27.1384186
            ],
            [
              95.1275897,
              27.137502
            ],
            [
              95.1262593,
              27.1357071
            ],
            [
              95.1256799,
              27.1330718
            ],
            [
              95.1255941,
              27.1316205
            ],
            [
              95.125165,
              27.1307802
            ],
            [
              95.1238775,
              27.1303792
            ],
            [
              95.122869,
              27.1301118
            ],
            [
              95.1216888,
              27.1299782
            ],
            [
              95.120573,
              27.13015
            ],
            [
              95.1195216,
              27.1308757
            ],
            [
              95.1189422,
              27.1317923
            ],
            [
              95.1186633,
              27.1328999
            ],
            [
              95.1181268,
              27.1343894
            ],
            [
              95.1178908,
              27.1354588
            ],
            [
              95.1171183,
              27.1359935
            ],
            [
              95.1161957,
              27.1358407
            ],
            [
              95.1154661,
              27.1353633
            ],
            [
              95.1148438,
              27.1345231
            ],
            [
              95.1142001,
              27.1331291
            ],
            [
              95.1140928,
              27.131525
            ],
            [
              95.1144576,
              27.1304938
            ],
            [
              95.1150799,
              27.1293098
            ],
            [
              95.1157021,
              27.1282976
            ],
            [
              95.1161527,
              27.1272282
            ],
            [
              95.1149297,
              27.1268654
            ],
            [
              95.1139641,
              27.1272282
            ],
            [
              95.1131272,
              27.1280494
            ],
            [
              95.1128483,
              27.128966
            ],
            [
              95.1123762,
              27.1299782
            ],
            [
              95.1120972,
              27.1311431
            ],
            [
              95.112226,
              27.1322698
            ],
            [
              95.1124406,
              27.1330909
            ],
            [
              95.1129555,
              27.1342558
            ],
            [
              95.113256,
              27.1351151
            ],
            [
              95.1130414,
              27.1360126
            ],
            [
              95.111196,
              27.1359935
            ],
            [
              95.1075482,
              27.135688
            ],
            [
              95.1039219,
              27.1366809
            ],
            [
              95.1015401,
              27.1377121
            ],
            [
              95.1012182,
              27.137292
            ],
            [
              95.1008105,
              27.1357834
            ],
            [
              95.1004457,
              27.134504
            ],
            [
              95.1000809,
              27.1330718
            ],
            [
              95.0988579,
              27.1329381
            ],
            [
              95.0973773,
              27.1334155
            ],
            [
              95.0946092,
              27.1338166
            ],
            [
              95.0896954,
              27.1347523
            ],
            [
              95.0875926,
              27.1349432
            ],
            [
              95.0836229,
              27.1349432
            ],
            [
              95.0804257,
              27.1351724
            ],
            [
              95.07622,
              27.1361272
            ],
            [
              95.0692892,
              27.1365091
            ],
            [
              95.0679374,
              27.1358216
            ],
            [
              95.0665426,
              27.1350578
            ],
            [
              95.0654268,
              27.1353251
            ],
            [
              95.065062,
              27.1361272
            ],
            [
              95.0650191,
              27.1369292
            ],
            [
              95.0641608,
              27.1375784
            ],
            [
              95.0629592,
              27.1371201
            ],
            [
              95.0614786,
              27.1365664
            ],
            [
              95.0611353,
              27.1368528
            ],
            [
              95.0605559,
              27.1381704
            ],
            [
              95.0580454,
              27.1431924
            ],
            [
              95.0558567,
              27.1466484
            ],
            [
              95.0543117,
              27.1489015
            ],
            [
              95.0528312,
              27.1505435
            ],
            [
              95.0514149,
              27.1521282
            ],
            [
              95.0501489,
              27.1540375
            ],
            [
              95.0490761,
              27.1552213
            ],
            [
              95.0462222,
              27.1551258
            ],
            [
              95.0446733,
              27.1547174
            ],
            [
              95.0422311,
              27.1540757
            ],
            [
              95.0373816,
              27.1533502
            ],
            [
              95.035944,
              27.1516509
            ],
            [
              95.0339055,
              27.149417
            ],
            [
              95.0331545,
              27.1480995
            ],
            [
              95.0316095,
              27.1474694
            ],
            [
              95.0302148,
              27.1472212
            ],
            [
              95.0285196,
              27.1472594
            ],
            [
              95.0262666,
              27.147794
            ],
            [
              95.0225758,
              27.148405
            ],
            [
              95.0191855,
              27.1493788
            ],
            [
              95.0178981,
              27.1493406
            ],
            [
              95.0152588,
              27.1493597
            ],
            [
              95.0130272,
              27.1485196
            ],
            [
              95.0079202,
              27.1475649
            ],
            [
              95.004487,
              27.1472212
            ],
            [
              95.0009465,
              27.1466484
            ],
            [
              94.9973845,
              27.1463047
            ],
            [
              94.9915051,
              27.145961
            ],
            [
              94.9885654,
              27.1460565
            ],
            [
              94.9856686,
              27.1467057
            ],
            [
              94.9832225,
              27.1470876
            ],
            [
              94.9790811,
              27.1476795
            ],
            [
              94.977858,
              27.1481759
            ],
            [
              94.9777508,
              27.1487869
            ],
            [
              94.9785661,
              27.1503335
            ],
            [
              94.979918,
              27.1517464
            ],
            [
              94.9808407,
              27.1527201
            ],
            [
              94.9824929,
              27.1545721
            ],
            [
              94.9827896,
              27.1552661
            ],
            [
              94.9830723,
              27.1559086
            ],
            [
              94.9835443,
              27.1577796
            ],
            [
              94.9819135,
              27.1598034
            ],
            [
              94.9803901,
              27.1613498
            ],
            [
              94.9792743,
              27.1631062
            ],
            [
              94.9789309,
              27.1652253
            ],
            [
              94.9791455,
              27.1657789
            ],
            [
              94.9800467,
              27.1664471
            ],
            [
              94.9804973,
              27.1670389
            ],
            [
              94.9802613,
              27.1679934
            ],
            [
              94.9807119,
              27.1684325
            ],
            [
              94.9814844,
              27.1683179
            ],
            [
              94.9821067,
              27.1679934
            ],
            [
              94.9825358,
              27.1676498
            ],
            [
              94.9831581,
              27.1675925
            ],
            [
              94.983952,
              27.1683943
            ],
            [
              94.9834585,
              27.1711623
            ],
            [
              94.9830293,
              27.1728041
            ],
            [
              94.9827718,
              27.1744457
            ],
            [
              94.982171,
              27.1765073
            ],
            [
              94.9803686,
              27.1786835
            ],
            [
              94.9789524,
              27.1799433
            ],
            [
              94.978888,
              27.1829783
            ],
            [
              94.9763346,
              27.1832073
            ],
            [
              94.9763131,
              27.1930561
            ],
            [
              94.9756264,
              27.195251
            ],
            [
              94.9752617,
              27.197045
            ],
            [
              94.9745106,
              27.19861
            ],
            [
              94.9742961,
              27.200175
            ],
            [
              94.9742961,
              27.2016826
            ],
            [
              94.9745321,
              27.2035529
            ],
            [
              94.9739527,
              27.2056522
            ],
            [
              94.9728799,
              27.2102703
            ],
            [
              94.9723005,
              27.2146784
            ],
            [
              94.9723005,
              27.2169587
            ],
            [
              94.9718284,
              27.2184662
            ],
            [
              94.9712062,
              27.2197733
            ],
            [
              94.9703693,
              27.2214716
            ],
            [
              94.9677002,
              27.226612
            ],
            [
              94.9638451,
              27.2243354
            ],
            [
              94.962715,
              27.2233596
            ],
            [
              94.8971893,
              27.1667726
            ],
            [
              94.8922284,
              27.1624779
            ],
            [
              94.8378467,
              27.0985596
            ],
            [
              94.837777,
              27.0910713
            ],
            [
              94.8375034,
              27.0906223
            ],
            [
              94.8369455,
              27.0903071
            ],
            [
              94.8366236,
              27.0893711
            ],
            [
              94.8352933,
              27.0871932
            ],
            [
              94.833641,
              27.0858941
            ],
            [
              94.8332763,
              27.0837735
            ],
            [
              94.8332119,
              27.0777363
            ],
            [
              94.8320532,
              27.0739151
            ],
            [
              94.8298645,
              27.0704186
            ],
            [
              94.8258519,
              27.0634061
            ],
            [
              94.8258499,
              27.0632651
            ],
            [
              94.8258519,
              27.0629093
            ],
            [
              94.8255515,
              27.0617246
            ],
            [
              94.8250365,
              27.0609985
            ],
            [
              94.8247576,
              27.0573104
            ],
            [
              94.8238563,
              27.052705
            ],
            [
              94.8238992,
              27.0503163
            ],
            [
              94.8251009,
              27.0460737
            ],
            [
              94.8270535,
              27.0414487
            ],
            [
              94.8270964,
              27.0369382
            ],
            [
              94.8277402,
              27.0303442
            ],
            [
              94.8278045,
              27.0271139
            ],
            [
              94.827574,
              27.025871
            ],
            [
              94.8275461,
              27.0257114
            ],
            [
              94.8272896,
              27.0242467
            ],
            [
              94.8272087,
              27.0240778
            ],
            [
              94.8265011,
              27.0226002
            ],
            [
              94.8256802,
              27.0209016
            ],
            [
              94.8310876,
              27.0144404
            ],
            [
              94.8303902,
              27.0138286
            ],
            [
              94.82921,
              27.0141058
            ],
            [
              94.8271179,
              27.0155587
            ],
            [
              94.8262918,
              27.0161704
            ],
            [
              94.8250794,
              27.0167248
            ],
            [
              94.8238671,
              27.0167248
            ],
            [
              94.8228264,
              27.016352
            ],
            [
              94.8219788,
              27.0158168
            ],
            [
              94.8210776,
              27.0143257
            ],
            [
              94.8205197,
              27.0125765
            ],
            [
              94.8199189,
              27.0103972
            ],
            [
              94.8186314,
              27.0088965
            ],
            [
              94.8177302,
              27.0076156
            ],
            [
              94.8171937,
              27.0063156
            ],
            [
              94.8171079,
              27.0049009
            ],
            [
              94.8175585,
              27.0027309
            ],
            [
              94.817816,
              27.0014022
            ],
            [
              94.8181808,
              27.0004558
            ],
            [
              94.8180145,
              26.9996863
            ],
            [
              94.8169255,
              26.9990553
            ],
            [
              94.8154449,
              26.9987829
            ],
            [
              94.8141789,
              26.9991653
            ],
            [
              94.8130953,
              26.99993
            ],
            [
              94.8124409,
              27.000886
            ],
            [
              94.8125374,
              27.0029412
            ],
            [
              94.812988,
              27.0048053
            ],
            [
              94.8136103,
              27.0064781
            ],
            [
              94.8140609,
              27.0076538
            ],
            [
              94.8140931,
              27.0085428
            ],
            [
              94.8137069,
              27.009059
            ],
            [
              94.8130846,
              27.0091545
            ],
            [
              94.8123014,
              27.0087053
            ],
            [
              94.811883,
              27.0077016
            ],
            [
              94.8108959,
              27.0057612
            ],
            [
              94.8102522,
              27.0041552
            ],
            [
              94.8100269,
              27.002425
            ],
            [
              94.8100591,
              27.0002359
            ],
            [
              94.8110998,
              26.9976453
            ],
            [
              94.8109603,
              26.9964025
            ],
            [
              94.8103595,
              26.995829
            ],
            [
              94.8080635,
              26.9956473
            ],
            [
              94.8062396,
              26.9966607
            ],
            [
              94.8044157,
              26.9982476
            ],
            [
              94.8031282,
              26.9995859
            ],
            [
              94.8020553,
              27.0001212
            ],
            [
              94.8012185,
              27.0001404
            ],
            [
              94.8003173,
              26.9994521
            ],
            [
              94.8001456,
              26.9977696
            ],
            [
              94.8005318,
              26.9958003
            ],
            [
              94.8016476,
              26.9940413
            ],
            [
              94.8029351,
              26.9931617
            ],
            [
              94.8048019,
              26.9925881
            ],
            [
              94.8066687,
              26.9925308
            ],
            [
              94.8083639,
              26.9926646
            ],
            [
              94.8089647,
              26.9925308
            ],
            [
              94.8090291,
              26.9918616
            ],
            [
              94.8084712,
              26.9913262
            ],
            [
              94.8058533,
              26.9914409
            ],
            [
              94.8036861,
              26.9918807
            ],
            [
              94.8007679,
              26.9929705
            ],
            [
              94.7995448,
              26.9932956
            ],
            [
              94.7971844,
              26.9936206
            ],
            [
              94.7951674,
              26.9932191
            ],
            [
              94.7930217,
              26.9928367
            ],
            [
              94.7916698,
              26.9922822
            ],
            [
              94.7902322,
              26.9914314
            ],
            [
              94.7889233,
              26.9901312
            ],
            [
              94.7878396,
              26.9898157
            ],
            [
              94.787035,
              26.9901216
            ],
            [
              94.7869813,
              26.9910489
            ],
            [
              94.7871101,
              26.9918807
            ],
            [
              94.7883546,
              26.9926933
            ],
            [
              94.7911012,
              26.9940317
            ],
            [
              94.7924423,
              26.9948921
            ],
            [
              94.7930002,
              26.9961635
            ],
            [
              94.7932899,
              26.9973968
            ],
            [
              94.7932041,
              26.9990123
            ],
            [
              94.7928178,
              27.0002359
            ],
            [
              94.7917771,
              27.0009433
            ],
            [
              94.7907257,
              27.0010867
            ],
            [
              94.7892237,
              27.0010485
            ],
            [
              94.7878504,
              27.0006279
            ],
            [
              94.7863698,
              27.0000352
            ],
            [
              94.7850394,
              26.9990506
            ],
            [
              94.7837627,
              26.9975975
            ],
            [
              94.7832262,
              26.9965459
            ],
            [
              94.7827434,
              26.9947296
            ],
            [
              94.7829902,
              26.992483
            ],
            [
              94.7834945,
              26.9908673
            ],
            [
              94.7827863,
              26.9877506
            ],
            [
              94.7822081,
              26.9868972
            ],
            [
              94.7814131,
              26.9857238
            ],
            [
              94.7790098,
              26.9847677
            ],
            [
              94.7775078,
              26.9846721
            ],
            [
              94.7772932,
              26.9838785
            ],
            [
              94.7764563,
              26.9827886
            ],
            [
              94.7726262,
              26.9775969
            ],
            [
              94.7710812,
              26.97535
            ],
            [
              94.7685492,
              26.9714105
            ],
            [
              94.767504,
              26.9694109
            ],
            [
              94.7655075,
              26.9676262
            ],
            [
              94.7618085,
              26.9648012
            ],
            [
              94.757638,
              26.9626706
            ],
            [
              94.7573483,
              26.9620682
            ],
            [
              94.7571552,
              26.9612936
            ],
            [
              94.7566295,
              26.9607103
            ],
            [
              94.7549772,
              26.95634
            ],
            [
              94.7539043,
              26.9537292
            ],
            [
              94.7532284,
              26.9528685
            ],
            [
              94.7518659,
              26.9507358
            ],
            [
              94.750911,
              26.9497795
            ],
            [
              94.7446399,
              26.9461432
            ],
            [
              94.7445562,
              26.9460946
            ],
            [
              94.744066,
              26.9458104
            ],
            [
              94.7410297,
              26.9437541
            ],
            [
              94.7370064,
              26.9370398
            ],
            [
              94.7350645,
              26.9337878
            ],
            [
              94.7345924,
              26.9326782
            ]
          ]
        ]
      },
      "properties": {
        "district_id": "charaideo",
        "district_name": "Charaideo",
        "source": "ReliefOS PostGIS",
        "provenance": "REAL",
        "license": "ODbL 1.0"
      }
    },
    {
      "type": "Feature",
      "geometry": {
        "type": "Polygon",
        "coordinates": [
          [
            [
              93.2876372,
              26.637332
            ],
            [
              93.288002,
              26.6362771
            ],
            [
              93.2894826,
              26.6350879
            ],
            [
              93.2907486,
              26.6328821
            ],
            [
              93.2926154,
              26.6288157
            ],
            [
              93.2933664,
              26.6263988
            ],
            [
              93.2942033,
              26.6225239
            ],
            [
              93.2956624,
              26.6193779
            ],
            [
              93.2961988,
              26.6173637
            ],
            [
              93.2969713,
              26.6107068
            ],
            [
              93.297143,
              26.6086348
            ],
            [
              93.2975077,
              26.6061983
            ],
            [
              93.2971,
              26.6026873
            ],
            [
              93.2963061,
              26.5991762
            ],
            [
              93.2955766,
              26.5959912
            ],
            [
              93.2943105,
              26.5938039
            ],
            [
              93.2933235,
              26.592288
            ],
            [
              93.2929802,
              26.5906571
            ],
            [
              93.2931733,
              26.5887382
            ],
            [
              93.2940745,
              26.5867043
            ],
            [
              93.2968748,
              26.5846031
            ],
            [
              93.2976345,
              26.5842343
            ],
            [
              93.2990742,
              26.5835381
            ],
            [
              93.3033041,
              26.5824289
            ],
            [
              93.3203307,
              26.5851916
            ],
            [
              93.3542204,
              26.5814272
            ],
            [
              93.3847314,
              26.5801333
            ],
            [
              93.3869316,
              26.58004
            ],
            [
              93.3913207,
              26.5792012
            ],
            [
              93.3950114,
              26.5791245
            ],
            [
              93.3968561,
              26.5798383
            ],
            [
              93.4022127,
              26.5799162
            ],
            [
              93.4028864,
              26.5799304
            ],
            [
              93.4030902,
              26.5794603
            ],
            [
              93.4028005,
              26.5787886
            ],
            [
              93.4025109,
              26.5783377
            ],
            [
              93.4024572,
              26.5779539
            ],
            [
              93.402586,
              26.5775893
            ],
            [
              93.40294,
              26.5771671
            ],
            [
              93.4036159,
              26.576812
            ],
            [
              93.4042168,
              26.5765818
            ],
            [
              93.4051716,
              26.57615
            ],
            [
              93.4058583,
              26.5759581
            ],
            [
              93.4063089,
              26.5755071
            ],
            [
              93.4063411,
              26.5748738
            ],
            [
              93.4058583,
              26.5744036
            ],
            [
              93.4053326,
              26.574135
            ],
            [
              93.4046996,
              26.5739047
            ],
            [
              93.4035623,
              26.573588
            ],
            [
              93.4028542,
              26.5735113
            ],
            [
              93.4018671,
              26.5734057
            ],
            [
              93.4010625,
              26.5732522
            ],
            [
              93.4006609,
              26.5731796
            ],
            [
              93.4001076,
              26.5730795
            ],
            [
              93.3985627,
              26.572782
            ],
            [
              93.3976936,
              26.5726189
            ],
            [
              93.3974469,
              26.5722926
            ],
            [
              93.3973932,
              26.5719184
            ],
            [
              93.3975756,
              26.5715058
            ],
            [
              93.3981442,
              26.5708245
            ],
            [
              93.3989918,
              26.5704695
            ],
            [
              93.3997536,
              26.5704695
            ],
            [
              93.4003115,
              26.5704695
            ],
            [
              93.4009015,
              26.5703063
            ],
            [
              93.4012449,
              26.5699897
            ],
            [
              93.4018564,
              26.5698265
            ],
            [
              93.4025109,
              26.5698265
            ],
            [
              93.4034872,
              26.5698649
            ],
            [
              93.4042704,
              26.5700089
            ],
            [
              93.4051394,
              26.5701624
            ],
            [
              93.4058368,
              26.570172
            ],
            [
              93.406384,
              26.5700664
            ],
            [
              93.406856,
              26.5700664
            ],
            [
              93.4077251,
              26.5704599
            ],
            [
              93.4085083,
              26.5705558
            ],
            [
              93.409034,
              26.5703831
            ],
            [
              93.4085619,
              26.5698937
            ],
            [
              93.4084117,
              26.5695291
            ],
            [
              93.4085297,
              26.5692028
            ],
            [
              93.4088838,
              26.5690493
            ],
            [
              93.4093881,
              26.5692796
            ],
            [
              93.410064,
              26.569721
            ],
            [
              93.4104288,
              26.5702008
            ],
            [
              93.4107613,
              26.5708341
            ],
            [
              93.4112227,
              26.5712947
            ],
            [
              93.4121132,
              26.5714866
            ],
            [
              93.4127033,
              26.5716305
            ],
            [
              93.4133792,
              26.57188
            ],
            [
              93.4139049,
              26.5721871
            ],
            [
              93.4143984,
              26.5724174
            ],
            [
              93.4162331,
              26.5725133
            ],
            [
              93.4170163,
              26.5724558
            ],
            [
              93.4176922,
              26.5726764
            ],
            [
              93.4184432,
              26.5731466
            ],
            [
              93.419044,
              26.5733193
            ],
            [
              93.4199452,
              26.5733385
            ],
            [
              93.4235608,
              26.5736168
            ],
            [
              93.4255028,
              26.5742981
            ],
            [
              93.4286463,
              26.5753728
            ],
            [
              93.4323478,
              26.5758717
            ],
            [
              93.4341073,
              26.5758813
            ],
            [
              93.435545,
              26.5757758
            ],
            [
              93.4362101,
              26.5757854
            ],
            [
              93.4374225,
              26.5761884
            ],
            [
              93.4388494,
              26.5769272
            ],
            [
              93.4404158,
              26.5773206
            ],
            [
              93.441714,
              26.5777428
            ],
            [
              93.4429049,
              26.5780498
            ],
            [
              93.443892,
              26.5782129
            ],
            [
              93.4455442,
              26.5785104
            ],
            [
              93.446027,
              26.5780786
            ],
            [
              93.4465957,
              26.5778291
            ],
            [
              93.4473574,
              26.5780786
            ],
            [
              93.4479582,
              26.5786639
            ],
            [
              93.4483552,
              26.5791628
            ],
            [
              93.4488594,
              26.5797289
            ],
            [
              93.4493422,
              26.5799688
            ],
            [
              93.449986,
              26.5798249
            ],
            [
              93.4503186,
              26.5797193
            ],
            [
              93.4508014,
              26.5797002
            ],
            [
              93.4512842,
              26.5799016
            ],
            [
              93.4519064,
              26.5803046
            ],
            [
              93.4536338,
              26.5805733
            ],
            [
              93.4544599,
              26.5803622
            ],
            [
              93.4549212,
              26.5799208
            ],
            [
              93.4549642,
              26.5793547
            ],
            [
              93.4550178,
              26.5789038
            ],
            [
              93.4549749,
              26.5782705
            ],
            [
              93.4542882,
              26.5773206
            ],
            [
              93.4538269,
              26.5767833
            ],
            [
              93.4533334,
              26.5763899
            ],
            [
              93.4526038,
              26.5758909
            ],
            [
              93.4524536,
              26.5753248
            ],
            [
              93.4526575,
              26.5750561
            ],
            [
              93.4536552,
              26.5750081
            ],
            [
              93.4549642,
              26.575248
            ],
            [
              93.4561229,
              26.5754975
            ],
            [
              93.4572494,
              26.5758909
            ],
            [
              93.4577751,
              26.576198
            ],
            [
              93.4594059,
              26.5786639
            ],
            [
              93.461498,
              26.5817918
            ],
            [
              93.4622598,
              26.5832694
            ],
            [
              93.463,
              26.5843056
            ],
            [
              93.4639549,
              26.5852171
            ],
            [
              93.4647167,
              26.5856585
            ],
            [
              93.4654784,
              26.5857544
            ],
            [
              93.4660149,
              26.5855913
            ],
            [
              93.4662402,
              26.5853514
            ],
            [
              93.4664118,
              26.5848525
            ],
            [
              93.4664225,
              26.5843152
            ],
            [
              93.4661114,
              26.5834229
            ],
            [
              93.4661007,
              26.5829816
            ],
            [
              93.4662938,
              26.5825498
            ],
            [
              93.4664333,
              26.5818974
            ],
            [
              93.4665298,
              26.5815903
            ],
            [
              93.4664118,
              26.5811586
            ],
            [
              93.4661114,
              26.5808228
            ],
            [
              93.4656608,
              26.5804965
            ],
            [
              93.4655213,
              26.5801415
            ],
            [
              93.4648669,
              26.5784816
            ],
            [
              93.4647059,
              26.5779059
            ],
            [
              93.4645772,
              26.5773782
            ],
            [
              93.4644163,
              26.5768504
            ],
            [
              93.4640729,
              26.576457
            ],
            [
              93.463676,
              26.5760828
            ],
            [
              93.4631395,
              26.5758333
            ],
            [
              93.4620345,
              26.5753632
            ],
            [
              93.4609723,
              26.5750465
            ],
            [
              93.4598994,
              26.5745284
            ],
            [
              93.4584188,
              26.5731466
            ],
            [
              93.4578287,
              26.572878
            ],
            [
              93.4571636,
              26.5726764
            ],
            [
              93.4566164,
              26.5724462
            ],
            [
              93.4558654,
              26.572024
            ],
            [
              93.4556401,
              26.5717649
            ],
            [
              93.4556293,
              26.5713906
            ],
            [
              93.4558332,
              26.5709684
            ],
            [
              93.4560048,
              26.5706422
            ],
            [
              93.4562516,
              26.5694523
            ],
            [
              93.4564984,
              26.5687902
            ],
            [
              93.4566808,
              26.5685215
            ],
            [
              93.4571421,
              26.5685599
            ],
            [
              93.4579253,
              26.5689053
            ],
            [
              93.4584618,
              26.5689629
            ],
            [
              93.4591269,
              26.5689917
            ],
            [
              93.4599316,
              26.5693372
            ],
            [
              93.459996,
              26.5696442
            ],
            [
              93.4600925,
              26.5708053
            ],
            [
              93.4606612,
              26.5710452
            ],
            [
              93.4613156,
              26.5708149
            ],
            [
              93.4621632,
              26.5704599
            ],
            [
              93.4628177,
              26.5699993
            ],
            [
              93.4631181,
              26.5695675
            ],
            [
              93.4636652,
              26.56927
            ],
            [
              93.4640837,
              26.5695003
            ],
            [
              93.464148,
              26.5698074
            ],
            [
              93.4640837,
              26.5704023
            ],
            [
              93.4638798,
              26.5709492
            ],
            [
              93.4638369,
              26.5713906
            ],
            [
              93.4645021,
              26.5717073
            ],
            [
              93.4647918,
              26.5717073
            ],
            [
              93.4653819,
              26.5718224
            ],
            [
              93.4658861,
              26.571928
            ],
            [
              93.4663045,
              26.5722351
            ],
            [
              93.4664547,
              26.5727244
            ],
            [
              93.4666371,
              26.57366
            ],
            [
              93.4671682,
              26.5743077
            ],
            [
              93.4675062,
              26.5747491
            ],
            [
              93.4695446,
              26.576505
            ],
            [
              93.4698987,
              26.5771959
            ],
            [
              93.4702527,
              26.5776468
            ],
            [
              93.4708106,
              26.5779059
            ],
            [
              93.4714436,
              26.5782705
            ],
            [
              93.4718192,
              26.5785488
            ],
            [
              93.4721088,
              26.5789613
            ],
            [
              93.4723663,
              26.5793355
            ],
            [
              93.4727204,
              26.5799016
            ],
            [
              93.4735358,
              26.5811298
            ],
            [
              93.4749949,
              26.5820605
            ],
            [
              93.4757888,
              26.5823867
            ],
            [
              93.4764969,
              26.5825882
            ],
            [
              93.4771299,
              26.5829048
            ],
            [
              93.4775269,
              26.5831351
            ],
            [
              93.4783101,
              26.5837396
            ],
            [
              93.4789967,
              26.5841905
            ],
            [
              93.4804988,
              26.5847854
            ],
            [
              93.4819472,
              26.5847182
            ],
            [
              93.482945,
              26.585006
            ],
            [
              93.4835994,
              26.5852747
            ],
            [
              93.4847903,
              26.5857352
            ],
            [
              93.485477,
              26.5860518
            ],
            [
              93.4863996,
              26.5860422
            ],
            [
              93.4875905,
              26.5858887
            ],
            [
              93.4884596,
              26.5858216
            ],
            [
              93.4898865,
              26.5855721
            ],
            [
              93.490895,
              26.5859175
            ],
            [
              93.4913564,
              26.586474
            ],
            [
              93.4916246,
              26.5870496
            ],
            [
              93.4917319,
              26.5875198
            ],
            [
              93.4914744,
              26.5883832
            ],
            [
              93.4910733,
              26.5888544
            ],
            [
              93.4909272,
              26.5890261
            ],
            [
              93.4907446,
              26.5891548
            ],
            [
              93.4903693,
              26.5894194
            ],
            [
              93.4900275,
              26.5895483
            ],
            [
              93.4894788,
              26.5897552
            ],
            [
              93.4893205,
              26.5897875
            ],
            [
              93.4887278,
              26.5899087
            ],
            [
              93.4879446,
              26.5899279
            ],
            [
              93.4876247,
              26.5898406
            ],
            [
              93.4873116,
              26.5897552
            ],
            [
              93.4864211,
              26.5894866
            ],
            [
              93.4856057,
              26.5891604
            ],
            [
              93.4845757,
              26.5890452
            ],
            [
              93.4835565,
              26.5890261
            ],
            [
              93.4821296,
              26.5888534
            ],
            [
              93.4813249,
              26.5889685
            ],
            [
              93.4809635,
              26.5890123
            ],
            [
              93.4806919,
              26.5890452
            ],
            [
              93.4799409,
              26.5890069
            ],
            [
              93.4796297,
              26.5887958
            ],
            [
              93.4791255,
              26.5885368
            ],
            [
              93.4787071,
              26.5885463
            ],
            [
              93.4780204,
              26.5887574
            ],
            [
              93.4773123,
              26.5890452
            ],
            [
              93.4764755,
              26.5893235
            ],
            [
              93.4756172,
              26.5896305
            ],
            [
              93.4749091,
              26.5898703
            ],
            [
              93.4731388,
              26.5906283
            ],
            [
              93.4726667,
              26.5907818
            ],
            [
              93.4720766,
              26.5908106
            ],
            [
              93.4714973,
              26.5907818
            ],
            [
              93.4709608,
              26.5907146
            ],
            [
              93.4705639,
              26.5908297
            ],
            [
              93.4700489,
              26.591319
            ],
            [
              93.4697056,
              26.5922209
            ],
            [
              93.4695661,
              26.5930172
            ],
            [
              93.4694481,
              26.5940629
            ],
            [
              93.4694159,
              26.5946865
            ],
            [
              93.4695768,
              26.5953005
            ],
            [
              93.4699952,
              26.5955595
            ],
            [
              93.470875,
              26.5955883
            ],
            [
              93.4717762,
              26.5955691
            ],
            [
              93.4723985,
              26.5955883
            ],
            [
              93.4728169,
              26.5955979
            ],
            [
              93.4732461,
              26.5962502
            ],
            [
              93.4732461,
              26.5968738
            ],
            [
              93.4729671,
              26.5979483
            ],
            [
              93.4731388,
              26.5989652
            ],
            [
              93.4736752,
              26.5993105
            ],
            [
              93.4745765,
              26.5994736
            ],
            [
              93.4751773,
              26.5996943
            ],
            [
              93.475703,
              26.5999053
            ],
            [
              93.4760785,
              26.6002986
            ],
            [
              93.4762926,
              26.6007883
            ],
            [
              93.4764433,
              26.6011332
            ],
            [
              93.4764901,
              26.601196
            ],
            [
              93.4775591,
              26.6026298
            ],
            [
              93.4786856,
              26.6033972
            ],
            [
              93.4794044,
              26.6037425
            ],
            [
              93.4806704,
              26.604155
            ],
            [
              93.4815609,
              26.6043469
            ],
            [
              93.4825694,
              26.6044236
            ],
            [
              93.4832346,
              26.6044524
            ],
            [
              93.4840393,
              26.6047882
            ],
            [
              93.484962,
              26.6051047
            ],
            [
              93.4856057,
              26.6051431
            ],
            [
              93.4863353,
              26.6050759
            ],
            [
              93.4881055,
              26.6048457
            ],
            [
              93.4891462,
              26.6050759
            ],
            [
              93.4899831,
              26.6052966
            ],
            [
              93.4903908,
              26.6055844
            ],
            [
              93.4912598,
              26.6061503
            ],
            [
              93.4919894,
              26.6062079
            ],
            [
              93.4926867,
              26.6061024
            ],
            [
              93.4930086,
              26.6058626
            ],
            [
              93.4935021,
              26.6057858
            ],
            [
              93.4941673,
              26.6059009
            ],
            [
              93.4947574,
              26.6061791
            ],
            [
              93.4952187,
              26.6063902
            ],
            [
              93.4955943,
              26.6066492
            ],
            [
              93.4962274,
              26.6072069
            ],
            [
              93.4963131,
              26.6072823
            ],
            [
              93.4960449,
              26.6080113
            ],
            [
              93.4956157,
              26.6085101
            ],
            [
              93.4955084,
              26.6092679
            ],
            [
              93.4954655,
              26.6097763
            ],
            [
              93.4955943,
              26.6102847
            ],
            [
              93.496356,
              26.6095941
            ],
            [
              93.4974503,
              26.6087883
            ],
            [
              93.4983301,
              26.6080785
            ],
            [
              93.4990811,
              26.6075029
            ],
            [
              93.4996068,
              26.6068986
            ],
            [
              93.5002613,
              26.6062463
            ],
            [
              93.5008407,
              26.6058146
            ],
            [
              93.5016239,
              26.6055652
            ],
            [
              93.5030186,
              26.6056131
            ],
            [
              93.503716,
              26.6054501
            ],
            [
              93.5041666,
              26.60498
            ],
            [
              93.5044134,
              26.6042606
            ],
            [
              93.5047245,
              26.6035411
            ],
            [
              93.5050571,
              26.6028312
            ],
            [
              93.5054219,
              26.6020254
            ],
            [
              93.5064518,
              26.5997038
            ],
            [
              93.5068059,
              26.5983512
            ],
            [
              93.5071921,
              26.5972575
            ],
            [
              93.5075354,
              26.5966148
            ],
            [
              93.5083079,
              26.5951853
            ],
            [
              93.5085118,
              26.5939669
            ],
            [
              93.5089087,
              26.5933817
            ],
            [
              93.5097456,
              26.5932858
            ],
            [
              93.5104644,
              26.5932954
            ],
            [
              93.5112584,
              26.5932666
            ],
            [
              93.5121059,
              26.5931802
            ],
            [
              93.5129857,
              26.5930651
            ],
            [
              93.5141873,
              26.5929692
            ],
            [
              93.5150671,
              26.5930555
            ],
            [
              93.5157859,
              26.5931515
            ],
            [
              93.516773,
              26.5935352
            ],
            [
              93.5183394,
              26.5943699
            ],
            [
              93.5203886,
              26.5950414
            ],
            [
              93.5211182,
              26.5949359
            ],
            [
              93.5219228,
              26.5945522
            ],
            [
              93.5226953,
              26.5940533
            ],
            [
              93.5233927,
              26.5935736
            ],
            [
              93.5241866,
              26.5932954
            ],
            [
              93.5248947,
              26.5934777
            ],
            [
              93.5258388,
              26.5936599
            ],
            [
              93.5293257,
              26.5945138
            ],
            [
              93.53351,
              26.5960488
            ],
            [
              93.5358488,
              26.596845
            ],
            [
              93.5380161,
              26.5976221
            ],
            [
              93.5385847,
              26.5981114
            ],
            [
              93.5389709,
              26.5987349
            ],
            [
              93.5393572,
              26.5998477
            ],
            [
              93.5400009,
              26.6016225
            ],
            [
              93.5421145,
              26.6030327
            ],
            [
              93.5437667,
              26.603896
            ],
            [
              93.5450756,
              26.6043661
            ],
            [
              93.5461914,
              26.6050472
            ],
            [
              93.548069,
              26.6048841
            ],
            [
              93.5492492,
              26.6045771
            ],
            [
              93.5498607,
              26.604462
            ],
            [
              93.5507512,
              26.6049129
            ],
            [
              93.5517597,
              26.6056131
            ],
            [
              93.5530472,
              26.6065245
            ],
            [
              93.5553861,
              26.6080881
            ],
            [
              93.5557079,
              26.608395
            ],
            [
              93.5554397,
              26.6094981
            ],
            [
              93.5555899,
              26.6102176
            ],
            [
              93.556062,
              26.6106396
            ],
            [
              93.5566413,
              26.6107739
            ],
            [
              93.55721,
              26.6109274
            ],
            [
              93.557564,
              26.6110233
            ],
            [
              93.5579502,
              26.6113974
            ],
            [
              93.5583365,
              26.6115413
            ],
            [
              93.5591626,
              26.6113303
            ],
            [
              93.55986,
              26.6111001
            ],
            [
              93.5604179,
              26.6108219
            ],
            [
              93.5608256,
              26.6105821
            ],
            [
              93.5612011,
              26.61016
            ],
            [
              93.5613727,
              26.6097188
            ],
            [
              93.5616195,
              26.6092967
            ],
            [
              93.5619414,
              26.6092775
            ],
            [
              93.5623383,
              26.6096612
            ],
            [
              93.562907,
              26.6101504
            ],
            [
              93.5632718,
              26.6102559
            ],
            [
              93.566072,
              26.6102847
            ],
            [
              93.5693764,
              26.6088651
            ],
            [
              93.5715866,
              26.6077907
            ],
            [
              93.5730457,
              26.6069657
            ],
            [
              93.5743761,
              26.6063326
            ],
            [
              93.5757065,
              26.6055076
            ],
            [
              93.5781741,
              26.6049513
            ],
            [
              93.5805774,
              26.6051431
            ],
            [
              93.5834312,
              26.6045675
            ],
            [
              93.5854053,
              26.6037042
            ],
            [
              93.5870147,
              26.6028984
            ],
            [
              93.58783,
              26.6020734
            ],
            [
              93.588345,
              26.6012867
            ],
            [
              93.5890317,
              26.600385
            ],
            [
              93.5894608,
              26.5992146
            ],
            [
              93.5891819,
              26.5980442
            ],
            [
              93.5872936,
              26.597814
            ],
            [
              93.5857487,
              26.5976413
            ],
            [
              93.584311,
              26.5973727
            ],
            [
              93.5835385,
              26.5967203
            ],
            [
              93.583281,
              26.5957993
            ],
            [
              93.583796,
              26.5946289
            ],
            [
              93.5839677,
              26.5938039
            ],
            [
              93.5839677,
              26.5924991
            ],
            [
              93.5840535,
              26.5911559
            ],
            [
              93.5841822,
              26.5897744
            ],
            [
              93.5836243,
              26.5880475
            ],
            [
              93.5831737,
              26.586781
            ],
            [
              93.5828948,
              26.5854762
            ],
            [
              93.5828948,
              26.5840562
            ],
            [
              93.5830664,
              26.582617
            ],
            [
              93.5833454,
              26.5817727
            ],
            [
              93.5846329,
              26.5796426
            ],
            [
              93.5864353,
              26.5784336
            ],
            [
              93.5884952,
              26.5773206
            ],
            [
              93.5896539,
              26.5765722
            ],
            [
              93.5900187,
              26.5743844
            ],
            [
              93.5899544,
              26.5728492
            ],
            [
              93.5900831,
              26.5718896
            ],
            [
              93.5908341,
              26.5710836
            ],
            [
              93.5918212,
              26.5704311
            ],
            [
              93.5937524,
              26.5708917
            ],
            [
              93.5958981,
              26.5719856
            ],
            [
              93.5979581,
              26.573233
            ],
            [
              93.5999536,
              26.5743269
            ],
            [
              93.6022711,
              26.5747299
            ],
            [
              93.6071205,
              26.5762459
            ],
            [
              93.6089229,
              26.5770327
            ],
            [
              93.610661,
              26.5768984
            ],
            [
              93.6123562,
              26.5763803
            ],
            [
              93.6131072,
              26.5752672
            ],
            [
              93.6133218,
              26.5740006
            ],
            [
              93.6130428,
              26.5725229
            ],
            [
              93.6127639,
              26.5713523
            ],
            [
              93.6108327,
              26.5691069
            ],
            [
              93.6102962,
              26.568224
            ],
            [
              93.6102962,
              26.5675523
            ],
            [
              93.6107898,
              26.5673988
            ],
            [
              93.612163,
              26.5680321
            ],
            [
              93.6131286,
              26.5680897
            ],
            [
              93.6141801,
              26.5677251
            ],
            [
              93.6146951,
              26.5666887
            ],
            [
              93.6162185,
              26.5656907
            ],
            [
              93.6166262,
              26.5668614
            ],
            [
              93.6163044,
              26.5678786
            ],
            [
              93.6157036,
              26.5687038
            ],
            [
              93.6147809,
              26.5692604
            ],
            [
              93.6145019,
              26.5702392
            ],
            [
              93.6151027,
              26.5709684
            ],
            [
              93.6166262,
              26.5711412
            ],
            [
              93.6172914,
              26.5712371
            ],
            [
              93.6180854,
              26.5727916
            ],
            [
              93.6188364,
              26.5736552
            ],
            [
              93.6201453,
              26.5744996
            ],
            [
              93.6211324,
              26.5758621
            ],
            [
              93.6213469,
              26.5770136
            ],
            [
              93.6219263,
              26.5786831
            ],
            [
              93.6223554,
              26.5819454
            ],
            [
              93.6228061,
              26.5842481
            ],
            [
              93.6225915,
              26.585764
            ],
            [
              93.6229992,
              26.5868194
            ],
            [
              93.6242008,
              26.5897168
            ],
            [
              93.6263037,
              26.5916932
            ],
            [
              93.6280417,
              26.5935352
            ],
            [
              93.6306381,
              26.595051
            ],
            [
              93.6348653,
              26.5971232
            ],
            [
              93.6373544,
              26.5973919
            ],
            [
              93.6397791,
              26.5972959
            ],
            [
              93.6411738,
              26.5972959
            ],
            [
              93.6423111,
              26.5978907
            ],
            [
              93.6428475,
              26.598639
            ],
            [
              93.6444354,
              26.5997518
            ],
            [
              93.6458301,
              26.5999629
            ],
            [
              93.652246,
              26.602035
            ],
            [
              93.6541772,
              26.6024763
            ],
            [
              93.6576962,
              26.6028984
            ],
            [
              93.6589408,
              26.6024955
            ],
            [
              93.6592841,
              26.6017472
            ],
            [
              93.659842,
              26.600692
            ],
            [
              93.6602711,
              26.5999053
            ],
            [
              93.6610436,
              26.5994448
            ],
            [
              93.6635971,
              26.6001931
            ],
            [
              93.6645841,
              26.6009414
            ],
            [
              93.6643266,
              26.6019966
            ],
            [
              93.6644554,
              26.6031286
            ],
            [
              93.6648845,
              26.6043181
            ],
            [
              93.6657214,
              26.6048553
            ],
            [
              93.6670303,
              26.6049513
            ],
            [
              93.6691546,
              26.6048553
            ],
            [
              93.6705494,
              26.60451
            ],
            [
              93.6716866,
              26.6039152
            ],
            [
              93.6721802,
              26.6031862
            ],
            [
              93.6726951,
              26.6019391
            ],
            [
              93.6731028,
              26.6009606
            ],
            [
              93.6739397,
              26.6004425
            ],
            [
              93.6749911,
              26.6003466
            ],
            [
              93.6772656,
              26.6013827
            ],
            [
              93.6786389,
              26.6024571
            ],
            [
              93.6789822,
              26.6034739
            ],
            [
              93.6800551,
              26.6040303
            ],
            [
              93.6812997,
              26.6043181
            ],
            [
              93.6829948,
              26.6049896
            ],
            [
              93.6845612,
              26.6056611
            ],
            [
              93.6870074,
              26.6061791
            ],
            [
              93.6909556,
              26.6067355
            ],
            [
              93.6934876,
              26.6069849
            ],
            [
              93.6954188,
              26.6071576
            ],
            [
              93.6978864,
              26.6072151
            ],
            [
              93.7007189,
              26.6072727
            ],
            [
              93.7030363,
              26.6069082
            ],
            [
              93.7055039,
              26.6062559
            ],
            [
              93.7079716,
              26.605853
            ],
            [
              93.7103104,
              26.6055844
            ],
            [
              93.7127352,
              26.6053541
            ],
            [
              93.7146663,
              26.6044716
            ],
            [
              93.7152028,
              26.6036466
            ],
            [
              93.7171125,
              26.6034931
            ],
            [
              93.7182498,
              26.603167
            ],
            [
              93.7192583,
              26.6025146
            ],
            [
              93.7208032,
              26.6014594
            ],
            [
              93.7223696,
              26.600385
            ],
            [
              93.7257814,
              26.5975837
            ],
            [
              93.7281632,
              26.5964133
            ],
            [
              93.7292576,
              26.5959145
            ],
            [
              93.7310171,
              26.5952813
            ],
            [
              93.7320471,
              26.5947248
            ],
            [
              93.7337637,
              26.5940533
            ],
            [
              93.7343859,
              26.5936887
            ],
            [
              93.7352443,
              26.5923072
            ],
            [
              93.7356949,
              26.5904076
            ],
            [
              93.7367677,
              26.5893715
            ],
            [
              93.7370682,
              26.5883737
            ],
            [
              93.7370682,
              26.5874142
            ],
            [
              93.7375402,
              26.5864932
            ],
            [
              93.7384629,
              26.5853802
            ],
            [
              93.7392998,
              26.5846319
            ],
            [
              93.7406087,
              26.5842481
            ],
            [
              93.7421107,
              26.5840754
            ],
            [
              93.7440634,
              26.5842289
            ],
            [
              93.7459087,
              26.5846702
            ],
            [
              93.7471747,
              26.5847662
            ],
            [
              93.7488699,
              26.5841138
            ],
            [
              93.7495565,
              26.5838451
            ],
            [
              93.7511015,
              26.5841713
            ],
            [
              93.7515092,
              26.5829816
            ],
            [
              93.7517023,
              26.5820029
            ],
            [
              93.7516838,
              26.5816365
            ],
            [
              93.7515306,
              26.5786063
            ],
            [
              93.7511658,
              26.577762
            ],
            [
              93.7504363,
              26.5773398
            ],
            [
              93.749578,
              26.5770519
            ],
            [
              93.7486124,
              26.576956
            ],
            [
              93.7477112,
              26.5766681
            ],
            [
              93.747046,
              26.5758813
            ],
            [
              93.7464666,
              26.5747299
            ],
            [
              93.746252,
              26.5736744
            ],
            [
              93.7459302,
              26.5727532
            ],
            [
              93.7450504,
              26.571525
            ],
            [
              93.7442565,
              26.5708725
            ],
            [
              93.7424111,
              26.5700664
            ],
            [
              93.7410378,
              26.5688574
            ],
            [
              93.7403512,
              26.5677251
            ],
            [
              93.7398791,
              26.5664392
            ],
            [
              93.740201,
              26.5654796
            ],
            [
              93.7405228,
              26.5648846
            ],
            [
              93.740952,
              26.5639634
            ],
            [
              93.7410378,
              26.5631381
            ],
            [
              93.7407589,
              26.5621593
            ],
            [
              93.7405228,
              26.5615451
            ],
            [
              93.7402224,
              26.5609309
            ],
            [
              93.73945,
              26.560144
            ],
            [
              93.7379479,
              26.5592611
            ],
            [
              93.7370682,
              26.5587813
            ],
            [
              93.7361884,
              26.5581671
            ],
            [
              93.7357807,
              26.5573226
            ],
            [
              93.7357807,
              26.5563437
            ],
            [
              93.7362098,
              26.5544243
            ],
            [
              93.7370038,
              26.5527544
            ],
            [
              93.736875,
              26.5516987
            ],
            [
              93.7363386,
              26.5513148
            ],
            [
              93.7353945,
              26.5510077
            ],
            [
              93.7344718,
              26.5507198
            ],
            [
              93.7336993,
              26.5502783
            ],
            [
              93.7332272,
              26.5495105
            ],
            [
              93.7339783,
              26.5486084
            ],
            [
              93.735137,
              26.5483204
            ],
            [
              93.736639,
              26.5483012
            ],
            [
              93.737905,
              26.5481477
            ],
            [
              93.7392783,
              26.547783
            ],
            [
              93.7396216,
              26.5469
            ],
            [
              93.7392354,
              26.5460362
            ],
            [
              93.7390423,
              26.5450572
            ],
            [
              93.739407,
              26.5426193
            ],
            [
              93.7393212,
              26.5413908
            ],
            [
              93.7392354,
              26.5404118
            ],
            [
              93.7390208,
              26.5396247
            ],
            [
              93.7383771,
              26.539068
            ],
            [
              93.7375402,
              26.5390296
            ],
            [
              93.7368107,
              26.5394711
            ],
            [
              93.7358236,
              26.5401046
            ],
            [
              93.7343216,
              26.5405653
            ],
            [
              93.7332916,
              26.540239
            ],
            [
              93.732605,
              26.5398167
            ],
            [
              93.7320041,
              26.5391448
            ],
            [
              93.7314892,
              26.5383001
            ],
            [
              93.7319827,
              26.5373595
            ],
            [
              93.7326908,
              26.5358429
            ],
            [
              93.7338066,
              26.5350174
            ],
            [
              93.7346005,
              26.5345951
            ],
            [
              93.7356949,
              26.5344607
            ],
            [
              93.7364459,
              26.5347487
            ],
            [
              93.73739,
              26.535267
            ],
            [
              93.7386131,
              26.5354206
            ],
            [
              93.7400508,
              26.5351134
            ],
            [
              93.7414455,
              26.5345183
            ],
            [
              93.7426257,
              26.5339616
            ],
            [
              93.7430763,
              26.5331169
            ],
            [
              93.7428832,
              26.5323874
            ],
            [
              93.7422824,
              26.5317154
            ],
            [
              93.7417888,
              26.5311779
            ],
            [
              93.7407374,
              26.52993
            ],
            [
              93.7408232,
              26.5287205
            ],
            [
              93.7415528,
              26.5277798
            ],
            [
              93.7425613,
              26.5272422
            ],
            [
              93.7439346,
              26.5271654
            ],
            [
              93.7450933,
              26.5272614
            ],
            [
              93.7465739,
              26.5276262
            ],
            [
              93.7474751,
              26.528087
            ],
            [
              93.7484193,
              26.5285669
            ],
            [
              93.7494921,
              26.5292965
            ],
            [
              93.7501359,
              26.5296037
            ],
            [
              93.7511658,
              26.5298532
            ],
            [
              93.7521314,
              26.5291429
            ],
            [
              93.7524104,
              26.5284518
            ],
            [
              93.7522602,
              26.5276262
            ],
            [
              93.7514233,
              26.5271079
            ],
            [
              93.7509298,
              26.5265127
            ],
            [
              93.7508011,
              26.5257255
            ],
            [
              93.7511229,
              26.5248808
            ],
            [
              93.7517023,
              26.5241128
            ],
            [
              93.7519812,
              26.5230953
            ],
            [
              93.7518096,
              26.5221353
            ],
            [
              93.7511658,
              26.5212137
            ],
            [
              93.7509513,
              26.5208681
            ],
            [
              93.7501144,
              26.5197737
            ],
            [
              93.7499857,
              26.5188521
            ],
            [
              93.750329,
              26.5183529
            ],
            [
              93.7512088,
              26.5180457
            ],
            [
              93.7523675,
              26.5181225
            ],
            [
              93.7535476,
              26.5178921
            ],
            [
              93.754878,
              26.5173545
            ],
            [
              93.7562728,
              26.5167977
            ],
            [
              93.7573457,
              26.5162217
            ],
            [
              93.7579465,
              26.5155113
            ],
            [
              93.7579465,
              26.514724
            ],
            [
              93.7573671,
              26.5138216
            ],
            [
              93.7564873,
              26.5130728
            ],
            [
              93.7555647,
              26.5124391
            ],
            [
              93.7547278,
              26.5114215
            ],
            [
              93.7545991,
              26.5104038
            ],
            [
              93.7554359,
              26.5091365
            ],
            [
              93.7569165,
              26.5084644
            ],
            [
              93.7585044,
              26.508138
            ],
            [
              93.7599206,
              26.5079076
            ],
            [
              93.7621522,
              26.5072931
            ],
            [
              93.7632894,
              26.5064482
            ],
            [
              93.7634825,
              26.5055841
            ],
            [
              93.7633323,
              26.5044704
            ],
            [
              93.7631821,
              26.5033566
            ],
            [
              93.7631392,
              26.5014748
            ],
            [
              93.7638259,
              26.5009563
            ],
            [
              93.7662077,
              26.5005146
            ],
            [
              93.7677741,
              26.5003226
            ],
            [
              93.7688684,
              26.4999193
            ],
            [
              93.7700486,
              26.498287
            ],
            [
              93.7697696,
              26.4974421
            ],
            [
              93.7696624,
              26.4967315
            ],
            [
              93.7695551,
              26.4960018
            ],
            [
              93.7698769,
              26.495272
            ],
            [
              93.7704992,
              26.4945999
            ],
            [
              93.7710786,
              26.4936781
            ],
            [
              93.7718725,
              26.4918153
            ],
            [
              93.7725162,
              26.4913159
            ],
            [
              93.7731814,
              26.490567
            ],
            [
              93.7736749,
              26.4897988
            ],
            [
              93.773396,
              26.4885696
            ],
            [
              93.7746191,
              26.4872637
            ],
            [
              93.7753486,
              26.4859961
            ],
            [
              93.7765288,
              26.4834802
            ],
            [
              93.7768936,
              26.4828272
            ],
            [
              93.7784385,
              26.482347
            ],
            [
              93.7790823,
              26.4815212
            ],
            [
              93.7793827,
              26.4805416
            ],
            [
              93.7793183,
              26.4770652
            ],
            [
              93.7792325,
              26.476028
            ],
            [
              93.7790823,
              26.4753366
            ],
            [
              93.77846,
              26.4745298
            ],
            [
              93.7776875,
              26.4737808
            ],
            [
              93.7770009,
              26.4735695
            ],
            [
              93.7759924,
              26.473435
            ],
            [
              93.7751555,
              26.4737808
            ],
            [
              93.7744045,
              26.4746067
            ],
            [
              93.7737822,
              26.4754902
            ],
            [
              93.7731385,
              26.4760472
            ],
            [
              93.7720656,
              26.4765274
            ],
            [
              93.7714433,
              26.4763353
            ],
            [
              93.7708425,
              26.4756631
            ],
            [
              93.7710142,
              26.4747603
            ],
            [
              93.7715721,
              26.4738768
            ],
            [
              93.7721944,
              26.4728972
            ],
            [
              93.7751984,
              26.4715527
            ],
            [
              93.7763572,
              26.4708996
            ],
            [
              93.7768936,
              26.4703618
            ],
            [
              93.7772584,
              26.4696703
            ],
            [
              93.7770438,
              26.469094
            ],
            [
              93.777473,
              26.466789
            ],
            [
              93.7782025,
              26.4659054
            ],
            [
              93.77949,
              26.4654251
            ],
            [
              93.7804459,
              26.4650086
            ],
            [
              93.7808418,
              26.4648297
            ],
            [
              93.7821075,
              26.4642001
            ],
            [
              93.7821936,
              26.4641573
            ],
            [
              93.7831807,
              26.4639268
            ],
            [
              93.7840819,
              26.4640997
            ],
            [
              93.7856269,
              26.4639653
            ],
            [
              93.7860989,
              26.4624285
            ],
            [
              93.7868929,
              26.4599697
            ],
            [
              93.786807,
              26.458625
            ],
            [
              93.7867856,
              26.4573955
            ],
            [
              93.786571,
              26.4561853
            ],
            [
              93.7863564,
              26.45534
            ],
            [
              93.7861204,
              26.4543026
            ],
            [
              93.7857127,
              26.4533613
            ],
            [
              93.7859058,
              26.4523239
            ],
            [
              93.7862921,
              26.4514209
            ],
            [
              93.7884807,
              26.44852
            ],
            [
              93.7894463,
              26.4472136
            ],
            [
              93.7902832,
              26.4463683
            ],
            [
              93.7912273,
              26.44535
            ],
            [
              93.7923002,
              26.4441781
            ],
            [
              93.7933087,
              26.4432174
            ],
            [
              93.7940383,
              26.4423529
            ],
            [
              93.7948751,
              26.4407774
            ],
            [
              93.7939739,
              26.4402778
            ],
            [
              93.7921929,
              26.4401434
            ],
            [
              93.7910127,
              26.4400793
            ],
            [
              93.7907767,
              26.4400665
            ],
            [
              93.7889957,
              26.4400281
            ],
            [
              93.7873649,
              26.4398552
            ],
            [
              93.7863564,
              26.4393556
            ],
            [
              93.7846398,
              26.4385294
            ],
            [
              93.7844896,
              26.4371076
            ],
            [
              93.7844038,
              26.4356858
            ],
            [
              93.7845325,
              26.4345522
            ],
            [
              93.7864852,
              26.4342448
            ],
            [
              93.7882232,
              26.4342832
            ],
            [
              93.789618,
              26.4336875
            ],
            [
              93.7905836,
              26.432746
            ],
            [
              93.7915921,
              26.4320735
            ],
            [
              93.7931156,
              26.4313818
            ],
            [
              93.7940597,
              26.4307285
            ],
            [
              93.794446,
              26.4294411
            ],
            [
              93.7939524,
              26.4283843
            ],
            [
              93.7929868,
              26.4275388
            ],
            [
              93.7914848,
              26.4269431
            ],
            [
              93.7904119,
              26.4264627
            ],
            [
              93.7876653,
              26.4260016
            ],
            [
              93.7863564,
              26.4260016
            ],
            [
              93.7851333,
              26.4260016
            ],
            [
              93.7836742,
              26.4259439
            ],
            [
              93.7822151,
              26.4255596
            ],
            [
              93.7817216,
              26.4247333
            ],
            [
              93.7816572,
              26.4237533
            ],
            [
              93.7814426,
              26.4216972
            ],
            [
              93.7807774,
              26.4210439
            ],
            [
              93.7802839,
              26.4205442
            ],
            [
              93.7801766,
              26.4198909
            ],
            [
              93.7805843,
              26.4191222
            ],
            [
              93.7812924,
              26.4184496
            ],
            [
              93.7811422,
              26.41795
            ],
            [
              93.7805843,
              26.4172774
            ],
            [
              93.7806701,
              26.4165471
            ],
            [
              93.7809062,
              26.4155671
            ],
            [
              93.7813353,
              26.4144524
            ],
            [
              93.7832451,
              26.4119734
            ],
            [
              93.7844252,
              26.4104167
            ],
            [
              93.7857342,
              26.4094174
            ],
            [
              93.7877512,
              26.4089177
            ],
            [
              93.7896824,
              26.4088408
            ],
            [
              93.7915277,
              26.4088024
            ],
            [
              93.7935662,
              26.4086871
            ],
            [
              93.7962484,
              26.4091483
            ],
            [
              93.7980294,
              26.4090522
            ],
            [
              93.7984156,
              26.4083027
            ],
            [
              93.7977934,
              26.4073802
            ],
            [
              93.7966347,
              26.4062463
            ],
            [
              93.7955618,
              26.4053046
            ],
            [
              93.7943601,
              26.4043052
            ],
            [
              93.7924933,
              26.4015952
            ],
            [
              93.7912702,
              26.3997694
            ],
            [
              93.7910342,
              26.3986162
            ],
            [
              93.7908196,
              26.3975014
            ],
            [
              93.7900042,
              26.3968479
            ],
            [
              93.7890816,
              26.396425
            ],
            [
              93.788073,
              26.3961367
            ],
            [
              93.7866783,
              26.395291
            ],
            [
              93.7858844,
              26.3944453
            ],
            [
              93.785069,
              26.3935227
            ],
            [
              93.7831592,
              26.3905819
            ],
            [
              93.7824082,
              26.3893517
            ],
            [
              93.7819791,
              26.3881984
            ],
            [
              93.7813568,
              26.3872565
            ],
            [
              93.7806338,
              26.3868599
            ],
            [
              93.7803054,
              26.3866798
            ],
            [
              93.7793612,
              26.3865645
            ],
            [
              93.77846,
              26.3866222
            ],
            [
              93.7778377,
              26.3867759
            ],
            [
              93.7765932,
              26.3864876
            ],
            [
              93.7757563,
              26.3866991
            ],
            [
              93.774147,
              26.3864107
            ],
            [
              93.7741256,
              26.3856418
            ],
            [
              93.774898,
              26.3846423
            ],
            [
              93.7757778,
              26.3836619
            ],
            [
              93.7772155,
              26.3830084
            ],
            [
              93.7790179,
              26.3825855
            ],
            [
              93.7805629,
              26.3821049
            ],
            [
              93.7817001,
              26.3812206
            ],
            [
              93.7820157,
              26.3810295
            ],
            [
              93.7840175,
              26.3798173
            ],
            [
              93.7857771,
              26.3792983
            ],
            [
              93.7870216,
              26.37901
            ],
            [
              93.7880087,
              26.3781065
            ],
            [
              93.7885666,
              26.3772991
            ],
            [
              93.79112,
              26.3764917
            ],
            [
              93.7923646,
              26.3756458
            ],
            [
              93.793695,
              26.3753767
            ],
            [
              93.7946391,
              26.3768954
            ],
            [
              93.7950897,
              26.377722
            ],
            [
              93.7955618,
              26.3786063
            ],
            [
              93.7958836,
              26.3793944
            ],
            [
              93.7961626,
              26.3803171
            ],
            [
              93.7962055,
              26.3811822
            ],
            [
              93.7954545,
              26.3812975
            ],
            [
              93.794961,
              26.3811437
            ],
            [
              93.7942958,
              26.3810092
            ],
            [
              93.7940597,
              26.3816628
            ],
            [
              93.794446,
              26.3822587
            ],
            [
              93.7954974,
              26.3826623
            ],
            [
              93.796227,
              26.3830276
            ],
            [
              93.7967419,
              26.3835658
            ],
            [
              93.7966132,
              26.3842386
            ],
            [
              93.7960124,
              26.3851036
            ],
            [
              93.7956691,
              26.3856226
            ],
            [
              93.7960124,
              26.3862762
            ],
            [
              93.7968921,
              26.3866991
            ],
            [
              93.7983942,
              26.3875641
            ],
            [
              93.7988019,
              26.3880446
            ],
            [
              93.7991237,
              26.3888135
            ],
            [
              93.7991452,
              26.3895823
            ],
            [
              93.799231,
              26.3903704
            ],
            [
              93.7997889,
              26.3909855
            ],
            [
              93.8008404,
              26.3916198
            ],
            [
              93.8015485,
              26.3919466
            ],
            [
              93.8021922,
              26.3910432
            ],
            [
              93.8027286,
              26.3903896
            ],
            [
              93.8032436,
              26.3903512
            ],
            [
              93.8036513,
              26.3910432
            ],
            [
              93.8037157,
              26.3914276
            ],
            [
              93.8040375,
              26.392504
            ],
            [
              93.8042521,
              26.3931959
            ],
            [
              93.8048529,
              26.3951565
            ],
            [
              93.8055181,
              26.3959637
            ],
            [
              93.8066983,
              26.3957908
            ],
            [
              93.8074922,
              26.3955024
            ],
            [
              93.8080716,
              26.3950219
            ],
            [
              93.8086724,
              26.3946567
            ],
            [
              93.8091874,
              26.3945606
            ],
            [
              93.8098311,
              26.3950988
            ],
            [
              93.8099813,
              26.3957523
            ],
            [
              93.810389,
              26.3964058
            ],
            [
              93.8104105,
              26.3975398
            ],
            [
              93.8110971,
              26.398078
            ],
            [
              93.8124919,
              26.3985777
            ],
            [
              93.8136506,
              26.3985969
            ],
            [
              93.8144231,
              26.3982125
            ],
            [
              93.8150453,
              26.3978473
            ],
            [
              93.8156247,
              26.3977128
            ],
            [
              93.816483,
              26.3986162
            ],
            [
              93.8171482,
              26.3995964
            ],
            [
              93.817985,
              26.4006342
            ],
            [
              93.8186931,
              26.4016529
            ],
            [
              93.819294,
              26.40271
            ],
            [
              93.8201952,
              26.4039592
            ],
            [
              93.8216758,
              26.4047664
            ],
            [
              93.8224053,
              26.4052469
            ],
            [
              93.8225126,
              26.4061502
            ],
            [
              93.8220835,
              26.4072264
            ],
            [
              93.8221049,
              26.4081682
            ],
            [
              93.8226843,
              26.4106858
            ],
            [
              93.8231563,
              26.4116851
            ],
            [
              93.823843,
              26.4123193
            ],
            [
              93.824594,
              26.4126844
            ],
            [
              93.8254094,
              26.4129919
            ],
            [
              93.8260317,
              26.4132225
            ],
            [
              93.8265896,
              26.41353
            ],
            [
              93.8267183,
              26.4142026
            ],
            [
              93.8263964,
              26.414856
            ],
            [
              93.8260531,
              26.4157208
            ],
            [
              93.8265037,
              26.4165471
            ],
            [
              93.82689,
              26.4169699
            ],
            [
              93.8271045,
              26.4176425
            ],
            [
              93.8280648,
              26.4178359
            ],
            [
              93.8295936,
              26.4170468
            ],
            [
              93.8307309,
              26.4159514
            ],
            [
              93.8317823,
              26.4153941
            ],
            [
              93.8326835,
              26.4147599
            ],
            [
              93.8333702,
              26.4140873
            ],
            [
              93.8345074,
              26.4134339
            ],
            [
              93.8350868,
              26.4125883
            ],
            [
              93.8380694,
              26.4103783
            ],
            [
              93.8396573,
              26.4098209
            ],
            [
              93.8416743,
              26.4091291
            ],
            [
              93.8433265,
              26.4083988
            ],
            [
              93.844614,
              26.407976
            ],
            [
              93.846116,
              26.4074186
            ],
            [
              93.8469314,
              26.4068613
            ],
            [
              93.848176,
              26.405785
            ],
            [
              93.8491416,
              26.404555
            ],
            [
              93.850193,
              26.403325
            ],
            [
              93.8519096,
              26.4028253
            ],
            [
              93.8536477,
              26.4023832
            ],
            [
              93.8552356,
              26.401749
            ],
            [
              93.8564157,
              26.4009225
            ],
            [
              93.8580036,
              26.399827
            ],
            [
              93.8594413,
              26.3986162
            ],
            [
              93.860836,
              26.3971362
            ],
            [
              93.8618445,
              26.3957331
            ],
            [
              93.8640976,
              26.3929653
            ],
            [
              93.8648486,
              26.391466
            ],
            [
              93.8651705,
              26.3904473
            ],
            [
              93.8662219,
              26.3892364
            ],
            [
              93.8663721,
              26.3888711
            ],
            [
              93.8680458,
              26.3886981
            ],
            [
              93.8692474,
              26.3890826
            ],
            [
              93.8702345,
              26.3896592
            ],
            [
              93.8715434,
              26.3900821
            ],
            [
              93.8724446,
              26.3903704
            ],
            [
              93.8779592,
              26.3929845
            ],
            [
              93.879075,
              26.393984
            ],
            [
              93.8802767,
              26.393811
            ],
            [
              93.8816929,
              26.3932921
            ],
            [
              93.8830447,
              26.3928692
            ],
            [
              93.8838386,
              26.392331
            ],
            [
              93.8828945,
              26.3912162
            ],
            [
              93.882401,
              26.390505
            ],
            [
              93.8815427,
              26.3895631
            ],
            [
              93.8811135,
              26.3889288
            ],
            [
              93.8804054,
              26.3880446
            ],
            [
              93.880341,
              26.3872949
            ],
            [
              93.880341,
              26.3867183
            ],
            [
              93.8812637,
              26.3866414
            ],
            [
              93.8815212,
              26.3868913
            ],
            [
              93.8822937,
              26.3872373
            ],
            [
              93.8834524,
              26.3869297
            ],
            [
              93.8842463,
              26.3863915
            ],
            [
              93.8846969,
              26.3858533
            ],
            [
              93.8847828,
              26.3852574
            ],
            [
              93.8845682,
              26.3844308
            ],
            [
              93.8841176,
              26.3837965
            ],
            [
              93.8835811,
              26.3830468
            ],
            [
              93.8832593,
              26.3824701
            ],
            [
              93.882916,
              26.3817781
            ],
            [
              93.882916,
              26.3810668
            ],
            [
              93.8831734,
              26.3806632
            ],
            [
              93.8836884,
              26.3804325
            ],
            [
              93.8847399,
              26.3806824
            ],
            [
              93.8854694,
              26.3809323
            ],
            [
              93.8861775,
              26.3813552
            ],
            [
              93.8867569,
              26.381855
            ],
            [
              93.8874435,
              26.3819703
            ],
            [
              93.8881087,
              26.381509
            ],
            [
              93.8881302,
              26.3810476
            ],
            [
              93.8877654,
              26.3805478
            ],
            [
              93.8872933,
              26.3798942
            ],
            [
              93.8868642,
              26.3781065
            ],
            [
              93.8863063,
              26.3770684
            ],
            [
              93.8855982,
              26.3763379
            ],
            [
              93.8845682,
              26.3756074
            ],
            [
              93.8834524,
              26.3749922
            ],
            [
              93.8818645,
              26.3736657
            ],
            [
              93.8814568,
              26.3729929
            ],
            [
              93.8815212,
              26.3724162
            ],
            [
              93.8819289,
              26.3717241
            ],
            [
              93.8836455,
              26.3704937
            ],
            [
              93.8853836,
              26.3698208
            ],
            [
              93.8861561,
              26.3697824
            ],
            [
              93.8872289,
              26.37009
            ],
            [
              93.8881731,
              26.3707436
            ],
            [
              93.8886666,
              26.3712819
            ],
            [
              93.8902759,
              26.3724546
            ],
            [
              93.8915849,
              26.3730313
            ],
            [
              93.8927007,
              26.3732044
            ],
            [
              93.8934088,
              26.373262
            ],
            [
              93.8943314,
              26.3729352
            ],
            [
              93.8945031,
              26.3723585
            ],
            [
              93.8934088,
              26.3719163
            ],
            [
              93.8924432,
              26.3717241
            ],
            [
              93.8915419,
              26.3713396
            ],
            [
              93.890984,
              26.3706667
            ],
            [
              93.890984,
              26.3695517
            ],
            [
              93.890984,
              26.3683597
            ],
            [
              93.8910055,
              26.3671293
            ],
            [
              93.8908338,
              26.3657258
            ],
            [
              93.8904476,
              26.3648222
            ],
            [
              93.8894176,
              26.3640532
            ],
            [
              93.8883447,
              26.3637456
            ],
            [
              93.8870573,
              26.3636302
            ],
            [
              93.8857913,
              26.3626497
            ],
            [
              93.885684,
              26.3619191
            ],
            [
              93.8859629,
              26.3611501
            ],
            [
              93.8871217,
              26.3601118
            ],
            [
              93.887937,
              26.3592274
            ],
            [
              93.8882589,
              26.3586698
            ],
            [
              93.8886452,
              26.3579969
            ],
            [
              93.887937,
              26.3574009
            ],
            [
              93.8867354,
              26.3570163
            ],
            [
              93.8857484,
              26.356651
            ],
            [
              93.8845467,
              26.356055
            ],
            [
              93.8836455,
              26.3553628
            ],
            [
              93.8824653,
              26.3535939
            ],
            [
              93.8823366,
              26.352421
            ],
            [
              93.8843322,
              26.3522671
            ],
            [
              93.8855982,
              26.3523248
            ],
            [
              93.8869071,
              26.3516903
            ],
            [
              93.8880014,
              26.3508635
            ],
            [
              93.8886452,
              26.3500944
            ],
            [
              93.8894176,
              26.3491906
            ],
            [
              93.8898468,
              26.3485753
            ],
            [
              93.8901901,
              26.3479985
            ],
            [
              93.8903188,
              26.3473063
            ],
            [
              93.8902545,
              26.3463256
            ],
            [
              93.8889026,
              26.3451334
            ],
            [
              93.887937,
              26.3448065
            ],
            [
              93.88695,
              26.3451142
            ],
            [
              93.8863706,
              26.3456141
            ],
            [
              93.8862633,
              26.3463833
            ],
            [
              93.8866067,
              26.3474793
            ],
            [
              93.8866925,
              26.3484792
            ],
            [
              93.8861775,
              26.3490561
            ],
            [
              93.8849973,
              26.348883
            ],
            [
              93.8843107,
              26.3479216
            ],
            [
              93.8834739,
              26.3467294
            ],
            [
              93.8820362,
              26.3446719
            ],
            [
              93.8800621,
              26.3428644
            ],
            [
              93.8797188,
              26.3421529
            ],
            [
              93.87959,
              26.3414606
            ],
            [
              93.8796329,
              26.3410568
            ],
            [
              93.8805771,
              26.3414606
            ],
            [
              93.8811779,
              26.3424028
            ],
            [
              93.8820362,
              26.3435758
            ],
            [
              93.8827657,
              26.3440566
            ],
            [
              93.8841605,
              26.3441143
            ],
            [
              93.8855123,
              26.3433835
            ],
            [
              93.8863277,
              26.3423067
            ],
            [
              93.8871431,
              26.3402299
            ],
            [
              93.888452,
              26.3381338
            ],
            [
              93.8883447,
              26.3369223
            ],
            [
              93.8878083,
              26.3357685
            ],
            [
              93.8870573,
              26.3344416
            ],
            [
              93.886199,
              26.3331723
            ],
            [
              93.8857698,
              26.3316338
            ],
            [
              93.8857054,
              26.3296145
            ],
            [
              93.8864565,
              26.3284414
            ],
            [
              93.8868856,
              26.3281914
            ],
            [
              93.887465,
              26.3295184
            ],
            [
              93.88798,
              26.3305377
            ],
            [
              93.8886022,
              26.3311723
            ],
            [
              93.8897609,
              26.3317108
            ],
            [
              93.891499,
              26.3319415
            ],
            [
              93.8924646,
              26.3316723
            ],
            [
              93.8933873,
              26.3309031
            ],
            [
              93.8942885,
              26.3299415
            ],
            [
              93.8952541,
              26.3292684
            ],
            [
              93.8961983,
              26.328826
            ],
            [
              93.8966274,
              26.3281337
            ],
            [
              93.896327,
              26.3274414
            ],
            [
              93.8954687,
              26.3272683
            ],
            [
              93.8943529,
              26.3274798
            ],
            [
              93.8929152,
              26.3275375
            ],
            [
              93.8920998,
              26.3273644
            ],
            [
              93.8896966,
              26.3270567
            ],
            [
              93.8883018,
              26.3263836
            ],
            [
              93.8867569,
              26.3258836
            ],
            [
              93.8863063,
              26.3251527
            ],
            [
              93.8865638,
              26.3248642
            ],
            [
              93.8875508,
              26.3251143
            ],
            [
              93.8887739,
              26.3254412
            ],
            [
              93.8901472,
              26.325345
            ],
            [
              93.8910484,
              26.3249219
            ],
            [
              93.8916921,
              26.3243642
            ],
            [
              93.8919282,
              26.323191
            ],
            [
              93.8913917,
              26.3222486
            ],
            [
              93.8904691,
              26.3217678
            ],
            [
              93.8894176,
              26.3215562
            ],
            [
              93.8883447,
              26.3214985
            ],
            [
              93.8866925,
              26.3212485
            ],
            [
              93.885448,
              26.3204984
            ],
            [
              93.8854694,
              26.3199214
            ],
            [
              93.8864779,
              26.3192867
            ],
            [
              93.8872075,
              26.3184404
            ],
            [
              93.8877439,
              26.3176134
            ],
            [
              93.8875079,
              26.3148245
            ],
            [
              93.8872504,
              26.313632
            ],
            [
              93.8868642,
              26.312401
            ],
            [
              93.8864565,
              26.3119009
            ],
            [
              93.8858771,
              26.3119009
            ],
            [
              93.8845038,
              26.3124779
            ],
            [
              93.8835597,
              26.3131319
            ],
            [
              93.8820791,
              26.3134781
            ],
            [
              93.8793325,
              26.3134781
            ],
            [
              93.87856,
              26.3133242
            ],
            [
              93.875041,
              26.3117855
            ],
            [
              93.8743114,
              26.31117
            ],
            [
              93.8739037,
              26.3104198
            ],
            [
              93.8741827,
              26.3095543
            ],
            [
              93.8748264,
              26.308631
            ],
            [
              93.8754058,
              26.3075923
            ],
            [
              93.8761997,
              26.3070344
            ],
            [
              93.8771653,
              26.3076884
            ],
            [
              93.8781738,
              26.3085733
            ],
            [
              93.8795256,
              26.3094773
            ],
            [
              93.8814568,
              26.3099582
            ],
            [
              93.8831305,
              26.3097851
            ],
            [
              93.8842678,
              26.3091696
            ],
            [
              93.8849759,
              26.3086117
            ],
            [
              93.8845682,
              26.3079577
            ],
            [
              93.8837099,
              26.3075538
            ],
            [
              93.8826585,
              26.3070344
            ],
            [
              93.8826585,
              26.3063035
            ],
            [
              93.8833451,
              26.303976
            ],
            [
              93.8832807,
              26.3029757
            ],
            [
              93.8825726,
              26.3021101
            ],
            [
              93.8811564,
              26.3018216
            ],
            [
              93.8797402,
              26.3016292
            ],
            [
              93.8785815,
              26.3013214
            ],
            [
              93.8772297,
              26.2999749
            ],
            [
              93.8752985,
              26.2973394
            ],
            [
              93.8736677,
              26.2966277
            ],
            [
              93.8712644,
              26.2962237
            ],
            [
              93.8699126,
              26.295762
            ],
            [
              93.8692045,
              26.2950694
            ],
            [
              93.8691616,
              26.2940883
            ],
            [
              93.8696766,
              26.2928956
            ],
            [
              93.8702774,
              26.2919145
            ],
            [
              93.8714361,
              26.2909526
            ],
            [
              93.872745,
              26.2907794
            ],
            [
              93.8740539,
              26.2908564
            ],
            [
              93.8753629,
              26.2905486
            ],
            [
              93.8758135,
              26.2900292
            ],
            [
              93.8759637,
              26.2892981
            ],
            [
              93.8756203,
              26.2886055
            ],
            [
              93.8748908,
              26.2880284
            ],
            [
              93.8731956,
              26.2861237
            ],
            [
              93.8726806,
              26.2850656
            ],
            [
              93.8723802,
              26.2839497
            ],
            [
              93.8723588,
              26.2828146
            ],
            [
              93.8719296,
              26.2813139
            ],
            [
              93.87223,
              26.2803327
            ],
            [
              93.872745,
              26.2795824
            ],
            [
              93.8747835,
              26.27939
            ],
            [
              93.876307,
              26.279313
            ],
            [
              93.8771009,
              26.2789667
            ],
            [
              93.8775515,
              26.2786396
            ],
            [
              93.8782167,
              26.2774082
            ],
            [
              93.8776588,
              26.2766386
            ],
            [
              93.8769936,
              26.2758113
            ],
            [
              93.8763928,
              26.2750032
            ],
            [
              93.8759208,
              26.273791
            ],
            [
              93.8749337,
              26.2725981
            ],
            [
              93.8741183,
              26.2717899
            ],
            [
              93.873496,
              26.2713089
            ],
            [
              93.8722086,
              26.2710203
            ],
            [
              93.8710928,
              26.271001
            ],
            [
              93.8698268,
              26.2711935
            ],
            [
              93.8687539,
              26.2712127
            ],
            [
              93.8676595,
              26.2704623
            ],
            [
              93.867681,
              26.2696541
            ],
            [
              93.8687968,
              26.2690769
            ],
            [
              93.8706422,
              26.2683265
            ],
            [
              93.8720798,
              26.2676723
            ],
            [
              93.8735819,
              26.2666909
            ],
            [
              93.8744831,
              26.2658058
            ],
            [
              93.8750195,
              26.264074
            ],
            [
              93.8740968,
              26.261938
            ],
            [
              93.8736033,
              26.2608989
            ],
            [
              93.873024,
              26.2601484
            ],
            [
              93.8719725,
              26.2594749
            ],
            [
              93.8701486,
              26.2594172
            ],
            [
              93.8688826,
              26.2591478
            ],
            [
              93.8680887,
              26.2585897
            ],
            [
              93.866179,
              26.25782
            ],
            [
              93.8652348,
              26.2573966
            ],
            [
              93.8639474,
              26.2553376
            ],
            [
              93.863647,
              26.2543176
            ],
            [
              93.8634968,
              26.2523162
            ],
            [
              93.8633036,
              26.2512963
            ],
            [
              93.8630676,
              26.2497567
            ],
            [
              93.8632607,
              26.2481016
            ],
            [
              93.8633895,
              26.2467352
            ],
            [
              93.8631749,
              26.2458114
            ],
            [
              93.8627457,
              26.245311
            ],
            [
              93.8622737,
              26.2449839
            ],
            [
              93.8607502,
              26.2438676
            ],
            [
              93.858819,
              26.2436752
            ],
            [
              93.857553,
              26.2432517
            ],
            [
              93.8566518,
              26.2426936
            ],
            [
              93.8559222,
              26.240538
            ],
            [
              93.8564801,
              26.2395372
            ],
            [
              93.8581967,
              26.2388443
            ],
            [
              93.8608575,
              26.2384402
            ],
            [
              93.862853,
              26.2369774
            ],
            [
              93.8636899,
              26.2360151
            ],
            [
              93.863647,
              26.2353607
            ],
            [
              93.8630676,
              26.2341673
            ],
            [
              93.8616299,
              26.2318576
            ],
            [
              93.8606643,
              26.2317229
            ],
            [
              93.8593983,
              26.2320116
            ],
            [
              93.858304,
              26.2326468
            ],
            [
              93.8579392,
              26.2328392
            ],
            [
              93.8560939,
              26.2343213
            ],
            [
              93.8545704,
              26.2343983
            ],
            [
              93.8534546,
              26.2335706
            ],
            [
              93.853004,
              26.2323196
            ],
            [
              93.8536906,
              26.2311454
            ],
            [
              93.8550854,
              26.2298366
            ],
            [
              93.8562441,
              26.2290666
            ],
            [
              93.8569522,
              26.2279887
            ],
            [
              93.8576817,
              26.2271033
            ],
            [
              93.8579178,
              26.2258714
            ],
            [
              93.8575315,
              26.2241005
            ],
            [
              93.8570595,
              26.2235615
            ],
            [
              93.8564801,
              26.2229263
            ],
            [
              93.8556218,
              26.2223488
            ],
            [
              93.8553643,
              26.2213093
            ],
            [
              93.8554716,
              26.2202698
            ],
            [
              93.855772,
              26.2191341
            ],
            [
              93.8558793,
              26.2182101
            ],
            [
              93.8550639,
              26.2155921
            ],
            [
              93.853991,
              26.2151493
            ],
            [
              93.8531542,
              26.2150338
            ],
            [
              93.852489,
              26.2151493
            ],
            [
              93.8516736,
              26.2158808
            ],
            [
              93.8513517,
              26.2166123
            ],
            [
              93.8509655,
              26.2176904
            ],
            [
              93.8502145,
              26.2183449
            ],
            [
              93.8493562,
              26.2183641
            ],
            [
              93.8482833,
              26.2177866
            ],
            [
              93.8473606,
              26.2170359
            ],
            [
              93.8469314,
              26.2138018
            ],
            [
              93.8469744,
              26.2123964
            ],
            [
              93.8466954,
              26.2114339
            ],
            [
              93.8455367,
              26.2112414
            ],
            [
              93.8444209,
              26.2115109
            ],
            [
              93.8434338,
              26.2119344
            ],
            [
              93.8420176,
              26.212512
            ],
            [
              93.8410949,
              26.2125697
            ],
            [
              93.8396573,
              26.2124349
            ],
            [
              93.8386488,
              26.2121269
            ],
            [
              93.836782,
              26.2113569
            ],
            [
              93.8355374,
              26.2102403
            ],
            [
              93.834722,
              26.2085077
            ],
            [
              93.8346362,
              26.2072756
            ],
            [
              93.8348079,
              26.2066788
            ],
            [
              93.8360524,
              26.2061782
            ],
            [
              93.8376403,
              26.2061782
            ],
            [
              93.83852,
              26.2061397
            ],
            [
              93.840065,
              26.2057161
            ],
            [
              93.8409877,
              26.2051386
            ],
            [
              93.8420176,
              26.2035406
            ],
            [
              93.841567,
              26.2026358
            ],
            [
              93.8396787,
              26.2022507
            ],
            [
              93.8382411,
              26.2018657
            ],
            [
              93.8348508,
              26.2013651
            ],
            [
              93.8328337,
              26.200903
            ],
            [
              93.8314819,
              26.2002484
            ],
            [
              93.8306236,
              26.1997478
            ],
            [
              93.8303232,
              26.1990162
            ],
            [
              93.8305163,
              26.1982653
            ],
            [
              93.831203,
              26.1975722
            ],
            [
              93.8320613,
              26.1968021
            ],
            [
              93.8326835,
              26.1960127
            ],
            [
              93.8330912,
              26.1943761
            ],
            [
              93.8328552,
              26.1933556
            ],
            [
              93.8322329,
              26.1921426
            ],
            [
              93.8316536,
              26.1913147
            ],
            [
              93.8294649,
              26.1873482
            ],
            [
              93.8287568,
              26.1860581
            ],
            [
              93.8279199,
              26.1835933
            ],
            [
              93.8278556,
              26.1826498
            ],
            [
              93.8282203,
              26.1818603
            ],
            [
              93.8291001,
              26.1812441
            ],
            [
              93.8304949,
              26.181013
            ],
            [
              93.8321471,
              26.1801465
            ],
            [
              93.8326835,
              26.1796844
            ],
            [
              93.8329196,
              26.1781631
            ],
            [
              93.8326835,
              26.1768921
            ],
            [
              93.8319325,
              26.1760641
            ],
            [
              93.8307094,
              26.1753131
            ],
            [
              93.8292289,
              26.1748509
            ],
            [
              93.8278127,
              26.1742732
            ],
            [
              93.8268814,
              26.1736322
            ],
            [
              93.8256025,
              26.1727518
            ],
            [
              93.8250232,
              26.1717119
            ],
            [
              93.8246798,
              26.1704987
            ],
            [
              93.8246155,
              26.1680336
            ],
            [
              93.82483,
              26.1662811
            ],
            [
              93.8248515,
              26.1647404
            ],
            [
              93.8250446,
              26.1631804
            ],
            [
              93.8257956,
              26.1612738
            ],
            [
              93.8267398,
              26.1603108
            ],
            [
              93.829422,
              26.160696
            ],
            [
              93.8309455,
              26.1610234
            ],
            [
              93.8324046,
              26.1607345
            ],
            [
              93.8331985,
              26.1600026
            ],
            [
              93.8338637,
              26.1589626
            ],
            [
              93.8337779,
              26.1578455
            ],
            [
              93.8336706,
              26.1566899
            ],
            [
              93.8324046,
              26.154918
            ],
            [
              93.8297009,
              26.1523948
            ],
            [
              93.827641,
              26.1511236
            ],
            [
              93.8263106,
              26.1501027
            ],
            [
              93.8249802,
              26.1488315
            ],
            [
              93.8250017,
              26.1466742
            ],
            [
              93.8254738,
              26.1456148
            ],
            [
              93.8264394,
              26.1449598
            ],
            [
              93.8279199,
              26.1441508
            ],
            [
              93.8288426,
              26.1434959
            ],
            [
              93.8297653,
              26.142841
            ],
            [
              93.8306236,
              26.1413
            ],
            [
              93.8313103,
              26.140202
            ],
            [
              93.831439,
              26.1381794
            ],
            [
              93.830688,
              26.1377556
            ],
            [
              93.8291859,
              26.1375822
            ],
            [
              93.8275766,
              26.1379289
            ],
            [
              93.8254952,
              26.138449
            ],
            [
              93.823843,
              26.138738
            ],
            [
              93.8221264,
              26.1390077
            ],
            [
              93.8208818,
              26.1389499
            ],
            [
              93.8199162,
              26.1386417
            ],
            [
              93.8187146,
              26.138083
            ],
            [
              93.8182425,
              26.1371199
            ],
            [
              93.8180923,
              26.1360796
            ],
            [
              93.8182425,
              26.1337872
            ],
            [
              93.8202166,
              26.1335176
            ],
            [
              93.8218045,
              26.1329204
            ],
            [
              93.8237572,
              26.1320342
            ],
            [
              93.8246798,
              26.1311866
            ],
            [
              93.8266539,
              26.1299151
            ],
            [
              93.8277268,
              26.1290097
            ],
            [
              93.8279843,
              26.1278345
            ],
            [
              93.8281131,
              26.1267749
            ],
            [
              93.8275337,
              26.1261199
            ],
            [
              93.8262677,
              26.1256383
            ],
            [
              93.8251304,
              26.1255612
            ],
            [
              93.8236499,
              26.1256961
            ],
            [
              93.8224697,
              26.125908
            ],
            [
              93.8214397,
              26.1259465
            ],
            [
              93.8204741,
              26.1258309
            ],
            [
              93.8172126,
              26.1229989
            ],
            [
              93.8165688,
              26.1218429
            ],
            [
              93.8163972,
              26.1211108
            ],
            [
              93.8167834,
              26.1201861
            ],
            [
              93.817513,
              26.1193769
            ],
            [
              93.8187146,
              26.1187218
            ],
            [
              93.8201952,
              26.1179319
            ],
            [
              93.821826,
              26.1170649
            ],
            [
              93.8227272,
              26.1160437
            ],
            [
              93.8228559,
              26.1144831
            ],
            [
              93.8225555,
              26.1137124
            ],
            [
              93.8213753,
              26.1122866
            ],
            [
              93.81953,
              26.1120362
            ],
            [
              93.8180065,
              26.1123252
            ],
            [
              93.8163328,
              26.1128261
            ],
            [
              93.8151526,
              26.1128069
            ],
            [
              93.8141227,
              26.1118435
            ],
            [
              93.8137793,
              26.1104755
            ],
            [
              93.8136935,
              26.1092616
            ],
            [
              93.8136077,
              26.1079899
            ],
            [
              93.8131785,
              26.1069494
            ],
            [
              93.8108396,
              26.1057162
            ],
            [
              93.8092518,
              26.1050803
            ],
            [
              93.8084793,
              26.1045023
            ],
            [
              93.8073206,
              26.1036159
            ],
            [
              93.8064837,
              26.1018046
            ],
            [
              93.8065481,
              26.1005328
            ],
            [
              93.8075781,
              26.0986251
            ],
            [
              93.8086509,
              26.0973148
            ],
            [
              93.8102388,
              26.0960237
            ],
            [
              93.8113761,
              26.0950794
            ],
            [
              93.8134789,
              26.0930946
            ],
            [
              93.8136506,
              26.0920925
            ],
            [
              93.813436,
              26.0913217
            ],
            [
              93.8119554,
              26.090917
            ],
            [
              93.8106251,
              26.091418
            ],
            [
              93.8092303,
              26.0920154
            ],
            [
              93.8072991,
              26.0927284
            ],
            [
              93.8058185,
              26.0923816
            ],
            [
              93.804295,
              26.0915529
            ],
            [
              93.8038015,
              26.0907821
            ],
            [
              93.8036942,
              26.0897414
            ],
            [
              93.8041019,
              26.0883731
            ],
            [
              93.8046813,
              26.0875637
            ],
            [
              93.8055181,
              26.086446
            ],
            [
              93.8069558,
              26.0849428
            ],
            [
              93.807106,
              26.0836515
            ],
            [
              93.806827,
              26.0824374
            ],
            [
              93.8061833,
              26.0814352
            ],
            [
              93.8054752,
              26.0807221
            ],
            [
              93.8043165,
              26.0797007
            ],
            [
              93.8025355,
              26.0779661
            ],
            [
              93.8017845,
              26.0767133
            ],
            [
              93.8017416,
              26.0744005
            ],
            [
              93.8018703,
              26.073167
            ],
            [
              93.8027072,
              26.0714323
            ],
            [
              93.8038015,
              26.0700445
            ],
            [
              93.80481,
              26.0683869
            ],
            [
              93.8050675,
              26.0666136
            ],
            [
              93.8033938,
              26.0669606
            ],
            [
              93.8015699,
              26.0664209
            ],
            [
              93.8010549,
              26.0653029
            ],
            [
              93.8008404,
              26.0639151
            ],
            [
              93.8012266,
              26.0619297
            ],
            [
              93.8007331,
              26.0599057
            ],
            [
              93.8005614,
              26.0584214
            ],
            [
              93.7988019,
              26.0551444
            ],
            [
              93.7971282,
              26.0535251
            ],
            [
              93.7959265,
              26.0524263
            ],
            [
              93.795197,
              26.0521757
            ],
            [
              93.7934589,
              26.0526383
            ],
            [
              93.7924933,
              26.053448
            ],
            [
              93.7908411,
              26.0544311
            ],
            [
              93.7892747,
              26.0547781
            ],
            [
              93.7862706,
              26.0542384
            ],
            [
              93.7842321,
              26.0534287
            ],
            [
              93.7832021,
              26.0523877
            ],
            [
              93.782537,
              26.0513275
            ],
            [
              93.7827086,
              26.0499395
            ],
            [
              93.7841892,
              26.0488985
            ],
            [
              93.7872362,
              26.0497467
            ],
            [
              93.789854,
              26.0493997
            ],
            [
              93.7914419,
              26.048725
            ],
            [
              93.7930941,
              26.0478382
            ],
            [
              93.7943816,
              26.0469899
            ],
            [
              93.7960553,
              26.0441367
            ],
            [
              93.795948,
              26.0425751
            ],
            [
              93.7953686,
              26.0413605
            ],
            [
              93.7950253,
              26.040358
            ],
            [
              93.7933945,
              26.0384301
            ],
            [
              93.7915492,
              26.0380445
            ],
            [
              93.7901974,
              26.0382565
            ],
            [
              93.7882662,
              26.0384493
            ],
            [
              93.7870431,
              26.0390663
            ],
            [
              93.7855625,
              26.0398375
            ],
            [
              93.7846613,
              26.0404158
            ],
            [
              93.7831378,
              26.0410521
            ],
            [
              93.7819361,
              26.0402616
            ],
            [
              93.7817001,
              26.0391434
            ],
            [
              93.7818932,
              26.0379288
            ],
            [
              93.7823009,
              26.0365213
            ],
            [
              93.7831163,
              26.0350368
            ],
            [
              93.7839317,
              26.0339378
            ],
            [
              93.7869358,
              26.031412
            ],
            [
              93.7879443,
              26.031065
            ],
            [
              93.7891245,
              26.0311807
            ],
            [
              93.7902403,
              26.0316434
            ],
            [
              93.7908625,
              26.0320097
            ],
            [
              93.7924075,
              26.0328388
            ],
            [
              93.7937164,
              26.0332244
            ],
            [
              93.7959265,
              26.0331473
            ],
            [
              93.7975144,
              26.0328002
            ],
            [
              93.7984586,
              26.0324725
            ],
            [
              93.7992525,
              26.0317976
            ],
            [
              93.7994456,
              26.03093
            ],
            [
              93.7993383,
              26.0298695
            ],
            [
              93.7981367,
              26.0295996
            ],
            [
              93.7963128,
              26.0290983
            ],
            [
              93.7945103,
              26.0288476
            ],
            [
              93.7927508,
              26.0282692
            ],
            [
              93.79112,
              26.0273823
            ],
            [
              93.7893605,
              26.0263989
            ],
            [
              93.7864852,
              26.0236416
            ],
            [
              93.7858844,
              26.022234
            ],
            [
              93.7859058,
              26.0214241
            ],
            [
              93.7864637,
              26.0203829
            ],
            [
              93.7879443,
              26.0197272
            ],
            [
              93.7895107,
              26.0190331
            ],
            [
              93.7910127,
              26.018416
            ],
            [
              93.7925792,
              26.0177025
            ],
            [
              93.7937808,
              26.017259
            ],
            [
              93.7941885,
              26.0155428
            ],
            [
              93.7933516,
              26.0152343
            ],
            [
              93.7917638,
              26.0154849
            ],
            [
              93.790133,
              26.0157164
            ],
            [
              93.7887811,
              26.0158899
            ],
            [
              93.7878799,
              26.0156199
            ],
            [
              93.7870002,
              26.0148872
            ],
            [
              93.7864208,
              26.0139423
            ],
            [
              93.7859916,
              26.0132288
            ],
            [
              93.7843609,
              26.0118789
            ],
            [
              93.7841677,
              26.0109147
            ],
            [
              93.7839746,
              26.0101626
            ],
            [
              93.7843823,
              26.0093526
            ],
            [
              93.7855625,
              26.0087741
            ],
            [
              93.7892103,
              26.0085234
            ],
            [
              93.7898969,
              26.0080413
            ],
            [
              93.7909269,
              26.0074242
            ],
            [
              93.7914419,
              26.0056885
            ],
            [
              93.7911629,
              26.0047821
            ],
            [
              93.7909698,
              26.0034322
            ],
            [
              93.7907338,
              26.0025643
            ],
            [
              93.7913561,
              26.0003079
            ],
            [
              93.7925362,
              25.9999607
            ],
            [
              93.7939524,
              26.0004814
            ],
            [
              93.7959909,
              26.0012529
            ],
            [
              93.7967849,
              26.0013879
            ],
            [
              93.7980294,
              26.0013879
            ],
            [
              93.7992739,
              26.0009443
            ],
            [
              93.7998533,
              26.0002114
            ],
            [
              93.8001108,
              25.9993436
            ],
            [
              93.7998104,
              25.9982442
            ],
            [
              93.7994027,
              25.9975885
            ],
            [
              93.7986946,
              25.9968749
            ],
            [
              93.7976432,
              25.996142
            ],
            [
              93.7963342,
              25.9948112
            ],
            [
              93.7952828,
              25.9916096
            ],
            [
              93.7953472,
              25.9904716
            ],
            [
              93.7954974,
              25.9897194
            ],
            [
              93.796227,
              25.9867105
            ],
            [
              93.7965917,
              25.9859004
            ],
            [
              93.7973857,
              25.985206
            ],
            [
              93.7982011,
              25.9855532
            ],
            [
              93.8000893,
              25.9865369
            ],
            [
              93.8013124,
              25.9869419
            ],
            [
              93.8028145,
              25.9868262
            ],
            [
              93.8040375,
              25.9865369
            ],
            [
              93.8049173,
              25.9859196
            ],
            [
              93.8051533,
              25.9852253
            ],
            [
              93.8054108,
              25.9839522
            ],
            [
              93.8054108,
              25.9830842
            ],
            [
              93.8050461,
              25.9823512
            ],
            [
              93.8037157,
              25.9822741
            ],
            [
              93.802278,
              25.9824863
            ],
            [
              93.8003039,
              25.982737
            ],
            [
              93.7988663,
              25.9825827
            ],
            [
              93.7972569,
              25.9820233
            ],
            [
              93.7965059,
              25.981599
            ],
            [
              93.7938237,
              25.9788599
            ],
            [
              93.7926435,
              25.9770853
            ],
            [
              93.7919354,
              25.9761786
            ],
            [
              93.7910557,
              25.9752334
            ],
            [
              93.7901115,
              25.9750212
            ],
            [
              93.7894034,
              25.9758507
            ],
            [
              93.7887811,
              25.9774903
            ],
            [
              93.7883949,
              25.9794
            ],
            [
              93.787837,
              25.9806345
            ],
            [
              93.7868929,
              25.9815411
            ],
            [
              93.7864637,
              25.9818304
            ],
            [
              93.7852192,
              25.9824863
            ],
            [
              93.7841463,
              25.9827756
            ],
            [
              93.7828588,
              25.9827756
            ],
            [
              93.7819791,
              25.9825827
            ],
            [
              93.7807989,
              25.9820812
            ],
            [
              93.7798762,
              25.9813482
            ],
            [
              93.7790608,
              25.9803838
            ],
            [
              93.7789964,
              25.9794386
            ],
            [
              93.7792539,
              25.9787827
            ],
            [
              93.7806487,
              25.9785127
            ],
            [
              93.781743,
              25.9784741
            ],
            [
              93.7831807,
              25.9781269
            ],
            [
              93.7842107,
              25.9772589
            ],
            [
              93.7845325,
              25.9765837
            ],
            [
              93.7842965,
              25.9755806
            ],
            [
              93.78376,
              25.9749634
            ],
            [
              93.782537,
              25.9746933
            ],
            [
              93.780992,
              25.9746354
            ],
            [
              93.7796831,
              25.9746933
            ],
            [
              93.7787604,
              25.9744039
            ],
            [
              93.7768507,
              25.9736516
            ],
            [
              93.7773442,
              25.9699671
            ],
            [
              93.7776768,
              25.9679801
            ],
            [
              93.7775373,
              25.9671699
            ],
            [
              93.7772584,
              25.9669094
            ],
            [
              93.7767327,
              25.9668226
            ],
            [
              93.776046,
              25.9669384
            ],
            [
              93.7753057,
              25.9670831
            ],
            [
              93.7746942,
              25.9670831
            ],
            [
              93.7744689,
              25.9668709
            ],
            [
              93.7743938,
              25.9663886
            ],
            [
              93.774544,
              25.9657134
            ],
            [
              93.7749088,
              25.964662
            ],
            [
              93.7748551,
              25.9629257
            ],
            [
              93.7747157,
              25.961392
            ],
            [
              93.7748873,
              25.9610254
            ],
            [
              93.7754238,
              25.9608614
            ],
            [
              93.7762391,
              25.9610061
            ],
            [
              93.7770438,
              25.9610543
            ],
            [
              93.7772155,
              25.9609
            ],
            [
              93.7772798,
              25.9605913
            ],
            [
              93.7769365,
              25.9601958
            ],
            [
              93.7764215,
              25.9598003
            ],
            [
              93.7762391,
              25.9594723
            ],
            [
              93.7762177,
              25.9589418
            ],
            [
              93.7765503,
              25.9582858
            ],
            [
              93.7773979,
              25.9579675
            ],
            [
              93.7783635,
              25.9577746
            ],
            [
              93.7791896,
              25.9576395
            ],
            [
              93.7795973,
              25.9573405
            ],
            [
              93.7799191,
              25.9567424
            ],
            [
              93.7803054,
              25.9551314
            ],
            [
              93.7811208,
              25.953858
            ],
            [
              93.7820542,
              25.9525943
            ],
            [
              93.7823224,
              25.9516489
            ],
            [
              93.7824619,
              25.9511038
            ],
            [
              93.7826818,
              25.9508723
            ],
            [
              93.7834221,
              25.9506987
            ],
            [
              93.7844467,
              25.9503417
            ],
            [
              93.7852728,
              25.9499028
            ],
            [
              93.786158,
              25.9496086
            ],
            [
              93.7863911,
              25.9493125
            ],
            [
              93.7865871,
              25.9490635
            ],
            [
              93.7866622,
              25.9486631
            ],
            [
              93.7865388,
              25.9482917
            ],
            [
              93.7862813,
              25.9477804
            ],
            [
              93.7862545,
              25.947216
            ],
            [
              93.7864852,
              25.9468301
            ],
            [
              93.7867373,
              25.9465118
            ],
            [
              93.7871182,
              25.9457834
            ],
            [
              93.7870002,
              25.9453686
            ],
            [
              93.7861419,
              25.9450984
            ],
            [
              93.7856054,
              25.9447897
            ],
            [
              93.7854123,
              25.9443459
            ],
            [
              93.7855625,
              25.9438539
            ],
            [
              93.7859273,
              25.9433522
            ],
            [
              93.7865174,
              25.9427058
            ],
            [
              93.7869573,
              25.9418858
            ],
            [
              93.7869143,
              25.9409789
            ],
            [
              93.7864423,
              25.9393291
            ],
            [
              93.7865603,
              25.9383932
            ],
            [
              93.7867105,
              25.9370135
            ],
            [
              93.7866461,
              25.9361934
            ],
            [
              93.7866998,
              25.935875
            ],
            [
              93.7870324,
              25.9356821
            ],
            [
              93.7875259,
              25.9356242
            ],
            [
              93.7879443,
              25.935547
            ],
            [
              93.7885183,
              25.9353106
            ],
            [
              93.7886685,
              25.9350887
            ],
            [
              93.7887222,
              25.93478
            ],
            [
              93.7885559,
              25.9342975
            ],
            [
              93.7883305,
              25.9338151
            ],
            [
              93.788116,
              25.9328599
            ],
            [
              93.7879872,
              25.9325656
            ],
            [
              93.7877458,
              25.9324161
            ],
            [
              93.7874937,
              25.9323389
            ],
            [
              93.7872523,
              25.9321266
            ],
            [
              93.7869948,
              25.9319095
            ],
            [
              93.7869412,
              25.9314512
            ],
            [
              93.7872899,
              25.9312437
            ],
            [
              93.7878478,
              25.9308723
            ],
            [
              93.788116,
              25.9306214
            ],
            [
              93.7883198,
              25.930385
            ],
            [
              93.7883091,
              25.9301535
            ],
            [
              93.7880623,
              25.9296662
            ],
            [
              93.787837,
              25.928957
            ],
            [
              93.7879014,
              25.9285132
            ],
            [
              93.7881052,
              25.9281996
            ],
            [
              93.7884915,
              25.9279487
            ],
            [
              93.7888884,
              25.9278185
            ],
            [
              93.7893927,
              25.9277461
            ],
            [
              93.7899613,
              25.9273264
            ],
            [
              93.7901598,
              25.9269211
            ],
            [
              93.7902027,
              25.9263856
            ],
            [
              93.7901276,
              25.9256764
            ],
            [
              93.7897038,
              25.9251071
            ],
            [
              93.7891996,
              25.9247356
            ],
            [
              93.788926,
              25.9242531
            ],
            [
              93.7888992,
              25.9238623
            ],
            [
              93.7890387,
              25.9232399
            ],
            [
              93.7893283,
              25.9227382
            ],
            [
              93.7894249,
              25.9222364
            ],
            [
              93.789441,
              25.9216382
            ],
            [
              93.7894732,
              25.9212039
            ],
            [
              93.7895375,
              25.9209434
            ],
            [
              93.7897146,
              25.92076
            ],
            [
              93.7899882,
              25.9204368
            ],
            [
              93.7901598,
              25.920157
            ],
            [
              93.7902081,
              25.9198578
            ],
            [
              93.7901652,
              25.9195442
            ],
            [
              93.7899131,
              25.9191341
            ],
            [
              93.7894034,
              25.9188446
            ],
            [
              93.7887275,
              25.9184827
            ],
            [
              93.7881106,
              25.9181498
            ],
            [
              93.7877834,
              25.9178169
            ],
            [
              93.7876064,
              25.9173634
            ],
            [
              93.787542,
              25.9170594
            ],
            [
              93.78766,
              25.9168664
            ],
            [
              93.7878692,
              25.9167458
            ],
            [
              93.7883145,
              25.9167072
            ],
            [
              93.7888509,
              25.9167651
            ],
            [
              93.7893605,
              25.9168085
            ],
            [
              93.7897199,
              25.9168375
            ],
            [
              93.7903851,
              25.9167168
            ],
            [
              93.7912917,
              25.916244
            ],
            [
              93.7913561,
              25.9159497
            ],
            [
              93.7912649,
              25.9156505
            ],
            [
              93.7909967,
              25.9154334
            ],
            [
              93.7905836,
              25.9148882
            ],
            [
              93.7902188,
              25.9144636
            ],
            [
              93.7901813,
              25.9140872
            ],
            [
              93.7902939,
              25.9136819
            ],
            [
              93.7905407,
              25.9132187
            ],
            [
              93.7907928,
              25.9127362
            ],
            [
              93.7910342,
              25.9125287
            ],
            [
              93.7913614,
              25.9125384
            ],
            [
              93.7916994,
              25.9127314
            ],
            [
              93.791914,
              25.9129099
            ],
            [
              93.792209,
              25.9133876
            ],
            [
              93.7925041,
              25.9136916
            ],
            [
              93.7928903,
              25.9139907
            ],
            [
              93.7932604,
              25.9141403
            ],
            [
              93.7935287,
              25.9141741
            ],
            [
              93.7938935,
              25.9141162
            ],
            [
              93.7941724,
              25.9139714
            ],
            [
              93.7942314,
              25.9136964
            ],
            [
              93.79421,
              25.9133442
            ],
            [
              93.7938291,
              25.9124805
            ],
            [
              93.7934375,
              25.9118098
            ],
            [
              93.7930405,
              25.9112983
            ],
            [
              93.7928474,
              25.9109509
            ],
            [
              93.7927777,
              25.9105939
            ],
            [
              93.7929922,
              25.910092
            ],
            [
              93.7935072,
              25.9092717
            ],
            [
              93.7939203,
              25.9087892
            ],
            [
              93.794167,
              25.9082247
            ],
            [
              93.7941402,
              25.9075588
            ],
            [
              93.7941134,
              25.906806
            ],
            [
              93.7941778,
              25.9058747
            ],
            [
              93.7942475,
              25.9054356
            ],
            [
              93.794505,
              25.9049386
            ],
            [
              93.7948161,
              25.9046491
            ],
            [
              93.795492,
              25.9042872
            ],
            [
              93.7958246,
              25.9040025
            ],
            [
              93.7959856,
              25.9036985
            ],
            [
              93.7958944,
              25.9031677
            ],
            [
              93.7956583,
              25.9028733
            ],
            [
              93.794961,
              25.9024969
            ],
            [
              93.7944621,
              25.9021881
            ],
            [
              93.7939042,
              25.9020144
            ],
            [
              93.7935394,
              25.9017538
            ],
            [
              93.7931102,
              25.9011892
            ],
            [
              93.7929869,
              25.9007549
            ],
            [
              93.7929493,
              25.9003399
            ],
            [
              93.7931961,
              25.8998332
            ],
            [
              93.7934965,
              25.89937
            ],
            [
              93.7939578,
              25.8989164
            ],
            [
              93.7945318,
              25.8986365
            ],
            [
              93.7948161,
              25.8984193
            ],
            [
              93.7950361,
              25.8981201
            ],
            [
              93.7949824,
              25.8978306
            ],
            [
              93.7948483,
              25.8975652
            ],
            [
              93.7944782,
              25.8974687
            ],
            [
              93.7939364,
              25.8975169
            ],
            [
              93.7936199,
              25.8976376
            ],
            [
              93.7932604,
              25.8978402
            ],
            [
              93.7929332,
              25.8979271
            ],
            [
              93.792488,
              25.8978788
            ],
            [
              93.7922841,
              25.8976762
            ],
            [
              93.7921929,
              25.8974349
            ],
            [
              93.7922251,
              25.8972177
            ],
            [
              93.7923807,
              25.8965952
            ],
            [
              93.7923002,
              25.8962719
            ],
            [
              93.7923485,
              25.8959196
            ],
            [
              93.7923378,
              25.895659
            ],
            [
              93.7921232,
              25.8951861
            ],
            [
              93.7919301,
              25.8946359
            ],
            [
              93.7918711,
              25.8942209
            ],
            [
              93.7921178,
              25.8938107
            ],
            [
              93.7923592,
              25.8935549
            ],
            [
              93.7926382,
              25.8931061
            ],
            [
              93.7927133,
              25.8923919
            ],
            [
              93.7928152,
              25.8917742
            ],
            [
              93.792901,
              25.8912916
            ],
            [
              93.7929976,
              25.8907366
            ],
            [
              93.7929922,
              25.8901044
            ],
            [
              93.79296,
              25.8896845
            ],
            [
              93.7927186,
              25.8894481
            ],
            [
              93.7923056,
              25.8893805
            ],
            [
              93.7918121,
              25.8893998
            ],
            [
              93.79134,
              25.8895542
            ],
            [
              93.7907553,
              25.8897569
            ],
            [
              93.7900203,
              25.8899017
            ],
            [
              93.7894678,
              25.8899065
            ],
            [
              93.7887973,
              25.8897762
            ],
            [
              93.7875956,
              25.8893515
            ],
            [
              93.7862974,
              25.8888641
            ],
            [
              93.7849188,
              25.8883381
            ],
            [
              93.7844682,
              25.8880051
            ],
            [
              93.7841409,
              25.8876624
            ],
            [
              93.7839049,
              25.8872522
            ],
            [
              93.7837172,
              25.8867117
            ],
            [
              93.7835455,
              25.8860843
            ],
            [
              93.7835079,
              25.8850949
            ],
            [
              93.7835723,
              25.8840959
            ],
            [
              93.783803,
              25.8835071
            ],
            [
              93.7842053,
              25.8828507
            ],
            [
              93.7848383,
              25.8810312
            ],
            [
              93.7858039,
              25.878811
            ],
            [
              93.7861633,
              25.8774354
            ],
            [
              93.7861419,
              25.8761419
            ],
            [
              93.7859166,
              25.8751863
            ],
            [
              93.7850583,
              25.8738734
            ],
            [
              93.7845272,
              25.8730143
            ],
            [
              93.7843126,
              25.8725316
            ],
            [
              93.784318,
              25.8719862
            ],
            [
              93.7844735,
              25.8705816
            ],
            [
              93.7844628,
              25.8697272
            ],
            [
              93.7841678,
              25.8687039
            ],
            [
              93.7836957,
              25.8675503
            ],
            [
              93.7829232,
              25.8668263
            ],
            [
              93.7822312,
              25.866165
            ],
            [
              93.781904,
              25.8656437
            ],
            [
              93.7818021,
              25.8650403
            ],
            [
              93.7819523,
              25.8644707
            ],
            [
              93.7822473,
              25.8635487
            ],
            [
              93.7830841,
              25.861391
            ],
            [
              93.7833953,
              25.8606862
            ],
            [
              93.7835455,
              25.8596484
            ],
            [
              93.783465,
              25.8586539
            ],
            [
              93.7829018,
              25.8578864
            ],
            [
              93.7824404,
              25.8577416
            ],
            [
              93.782081,
              25.8578333
            ],
            [
              93.7817699,
              25.8579974
            ],
            [
              93.781153,
              25.8584319
            ],
            [
              93.7805253,
              25.8586781
            ],
            [
              93.7799835,
              25.8588374
            ],
            [
              93.77927,
              25.858876
            ],
            [
              93.7787926,
              25.8586201
            ],
            [
              93.7784976,
              25.858205
            ],
            [
              93.7785566,
              25.8578719
            ],
            [
              93.7790501,
              25.8573216
            ],
            [
              93.7796992,
              25.8565589
            ],
            [
              93.7805951,
              25.8556755
            ],
            [
              93.7808096,
              25.8551444
            ],
            [
              93.7808204,
              25.8544203
            ],
            [
              93.7804288,
              25.8536721
            ],
            [
              93.7794471,
              25.8532472
            ],
            [
              93.7788463,
              25.8529866
            ],
            [
              93.7780523,
              25.8526245
            ],
            [
              93.777371,
              25.8521031
            ],
            [
              93.7763303,
              25.8513886
            ],
            [
              93.7758368,
              25.8509155
            ],
            [
              93.7756383,
              25.8499452
            ],
            [
              93.7755257,
              25.848801
            ],
            [
              93.7756813,
              25.8479465
            ],
            [
              93.7761426,
              25.8471355
            ],
            [
              93.7765181,
              25.8467396
            ],
            [
              93.7771511,
              25.8467541
            ],
            [
              93.7777948,
              25.8469037
            ],
            [
              93.7785244,
              25.8470437
            ],
            [
              93.779093,
              25.8471306
            ],
            [
              93.779608,
              25.8471596
            ],
            [
              93.7801123,
              25.8470534
            ],
            [
              93.7803483,
              25.8466044
            ],
            [
              93.7802464,
              25.8462375
            ],
            [
              93.7800693,
              25.845972
            ],
            [
              93.7792379,
              25.8452526
            ],
            [
              93.777312,
              25.8439684
            ],
            [
              93.7761426,
              25.8427276
            ],
            [
              93.7760299,
              25.8420903
            ],
            [
              93.7760353,
              25.8414434
            ],
            [
              93.7764215,
              25.8408399
            ],
            [
              93.7781596,
              25.8405888
            ],
            [
              93.7790394,
              25.8406082
            ],
            [
              93.7796831,
              25.8403185
            ],
            [
              93.7799889,
              25.8400626
            ],
            [
              93.7801766,
              25.8397632
            ],
            [
              93.7803215,
              25.8392611
            ],
            [
              93.7803537,
              25.838788
            ],
            [
              93.7800586,
              25.8383341
            ],
            [
              93.7794846,
              25.8379575
            ],
            [
              93.7790018,
              25.8375906
            ],
            [
              93.7787926,
              25.837185
            ],
            [
              93.7787872,
              25.8365767
            ],
            [
              93.7789428,
              25.8360021
            ],
            [
              93.7795383,
              25.8351813
            ],
            [
              93.7813783,
              25.8331727
            ],
            [
              93.782478,
              25.8316904
            ],
            [
              93.7827998,
              25.8308503
            ],
            [
              93.7827078,
              25.8299604
            ],
            [
              93.7826925,
              25.8298122
            ],
            [
              93.7824404,
              25.8275235
            ],
            [
              93.7823653,
              25.8267557
            ],
            [
              93.7827408,
              25.8258093
            ],
            [
              93.7832558,
              25.8250705
            ],
            [
              93.7840283,
              25.824747
            ],
            [
              93.7848222,
              25.8243317
            ],
            [
              93.7859648,
              25.8239792
            ],
            [
              93.7865495,
              25.8234771
            ],
            [
              93.7862921,
              25.8223375
            ],
            [
              93.7860775,
              25.8206184
            ],
            [
              93.7856912,
              25.8192663
            ],
            [
              93.7860238,
              25.8183488
            ],
            [
              93.7870324,
              25.8165331
            ],
            [
              93.7875044,
              25.8153549
            ],
            [
              93.7876761,
              25.8136647
            ],
            [
              93.7877619,
              25.8125443
            ],
            [
              93.7880301,
              25.811791
            ],
            [
              93.7886524,
              25.8109024
            ],
            [
              93.7893069,
              25.8104388
            ],
            [
              93.7906051,
              25.8101394
            ],
            [
              93.7916779,
              25.8100524
            ],
            [
              93.7929118,
              25.8098303
            ],
            [
              93.7938988,
              25.8093956
            ],
            [
              93.7946981,
              25.8089176
            ],
            [
              93.7953043,
              25.8084443
            ],
            [
              93.7955618,
              25.8081255
            ],
            [
              93.7957978,
              25.8078599
            ],
            [
              93.7959641,
              25.8077682
            ],
            [
              93.7961411,
              25.8078213
            ],
            [
              93.7963933,
              25.8080821
            ],
            [
              93.7974232,
              25.8091252
            ],
            [
              93.7980455,
              25.8095019
            ],
            [
              93.7992471,
              25.8101152
            ],
            [
              93.7997299,
              25.8103518
            ],
            [
              93.8000572,
              25.8106319
            ],
            [
              93.800497,
              25.8114384
            ],
            [
              93.8011944,
              25.8126747
            ],
            [
              93.8017255,
              25.8133894
            ],
            [
              93.8024926,
              25.8140655
            ],
            [
              93.803072,
              25.8144904
            ],
            [
              93.8043541,
              25.8150796
            ],
            [
              93.8052124,
              25.815321
            ],
            [
              93.8054591,
              25.8155673
            ],
            [
              93.805663,
              25.8159681
            ],
            [
              93.8057703,
              25.8166877
            ],
            [
              93.8066339,
              25.8203045
            ],
            [
              93.8068002,
              25.8207005
            ],
            [
              93.8072294,
              25.8207826
            ],
            [
              93.8099813,
              25.8215552
            ],
            [
              93.8139778,
              25.8226079
            ],
            [
              93.8153994,
              25.8229749
            ],
            [
              93.8157749,
              25.8233612
            ],
            [
              93.815968,
              25.8245201
            ],
            [
              93.8171482,
              25.8301888
            ],
            [
              93.8176632,
              25.8332597
            ],
            [
              93.8180387,
              25.8342157
            ],
            [
              93.8193154,
              25.8360311
            ],
            [
              93.8239503,
              25.8426552
            ],
            [
              93.8248408,
              25.8441422
            ],
            [
              93.8255918,
              25.8444995
            ],
            [
              93.8275337,
              25.8450595
            ],
            [
              93.8289285,
              25.8453781
            ],
            [
              93.8292074,
              25.8456195
            ],
            [
              93.8294864,
              25.8462375
            ],
            [
              93.8300872,
              25.8477534
            ],
            [
              93.8309348,
              25.8491341
            ],
            [
              93.8339925,
              25.8532859
            ],
            [
              93.8355589,
              25.8554872
            ],
            [
              93.8370931,
              25.8570609
            ],
            [
              93.8377046,
              25.8574761
            ],
            [
              93.8407946,
              25.8576788
            ],
            [
              93.8440347,
              25.858094
            ],
            [
              93.8447428,
              25.8579685
            ],
            [
              93.8460839,
              25.8567616
            ],
            [
              93.8471889,
              25.8558637
            ],
            [
              93.8475859,
              25.855941
            ],
            [
              93.849206,
              25.8565203
            ],
            [
              93.8508046,
              25.8572444
            ],
            [
              93.851062,
              25.8571671
            ],
            [
              93.8531649,
              25.8558444
            ],
            [
              93.8596344,
              25.8516542
            ],
            [
              93.8663292,
              25.8493369
            ],
            [
              93.8751697,
              25.8413807
            ],
            [
              93.8789892,
              25.8428097
            ],
            [
              93.88062,
              25.8446636
            ],
            [
              93.8904905,
              25.8593394
            ],
            [
              93.8961982,
              25.8571382
            ],
            [
              93.8958549,
              25.8620427
            ],
            [
              93.9010047,
              25.8713877
            ],
            [
              93.9030647,
              25.8713105
            ],
            [
              93.9059829,
              25.8711174
            ],
            [
              93.9086866,
              25.872353
            ],
            [
              93.9100599,
              25.8735501
            ],
            [
              93.9106178,
              25.875056
            ],
            [
              93.9103603,
              25.8791103
            ],
            [
              93.9155101,
              25.8829714
            ],
            [
              93.9238786,
              25.8823922
            ],
            [
              93.9247798,
              25.8847474
            ],
            [
              93.9309167,
              25.8860602
            ],
            [
              93.9334917,
              25.8867165
            ],
            [
              93.9337492,
              25.8877204
            ],
            [
              93.9339111,
              25.8899776
            ],
            [
              93.9342212,
              25.8945153
            ],
            [
              93.9369678,
              25.896021
            ],
            [
              93.9386844,
              25.8965615
            ],
            [
              93.9440918,
              25.8962912
            ],
            [
              93.9437055,
              25.8984145
            ],
            [
              93.9485979,
              25.8993797
            ],
            [
              93.9587259,
              25.9027382
            ],
            [
              93.9600563,
              25.9015415
            ],
            [
              93.9652587,
              25.9069499
            ],
            [
              93.9662576,
              25.9077952
            ],
            [
              93.9682317,
              25.9094744
            ],
            [
              93.9720511,
              25.9124853
            ],
            [
              93.9757204,
              25.9140872
            ],
            [
              93.9772224,
              25.9151487
            ],
            [
              93.979218,
              25.9174454
            ],
            [
              93.9785528,
              25.9208228
            ],
            [
              93.9781666,
              25.928079
            ],
            [
              93.9775872,
              25.929179
            ],
            [
              93.9686823,
              25.9353347
            ],
            [
              93.9690685,
              25.9447511
            ],
            [
              93.9693045,
              25.9558646
            ],
            [
              93.9683175,
              25.9567135
            ],
            [
              93.9547992,
              25.9689254
            ],
            [
              93.9552712,
              25.9706809
            ],
            [
              93.9571595,
              25.979265
            ],
            [
              93.9595413,
              25.9917253
            ],
            [
              93.9599919,
              25.9943483
            ],
            [
              93.9529753,
              26.0032586
            ],
            [
              93.9537692,
              26.0041457
            ],
            [
              93.9599061,
              26.012496
            ],
            [
              93.9611292,
              26.0179339
            ],
            [
              93.9628458,
              26.0261579
            ],
            [
              93.9619016,
              26.030448
            ],
            [
              93.9623523,
              26.0355959
            ],
            [
              93.9626741,
              26.0369069
            ],
            [
              93.9705491,
              26.0403966
            ],
            [
              93.970356,
              26.0463152
            ],
            [
              93.9793038,
              26.0570721
            ],
            [
              93.9859342,
              26.0660932
            ],
            [
              93.9867067,
              26.0664787
            ],
            [
              93.9872432,
              26.0670569
            ],
            [
              93.9871573,
              26.0685604
            ],
            [
              93.9863848,
              26.0705457
            ],
            [
              93.9859342,
              26.0724538
            ],
            [
              93.9852476,
              26.0734753
            ],
            [
              93.9829302,
              26.0767326
            ],
            [
              93.9819002,
              26.0784672
            ],
            [
              93.9816427,
              26.0800283
            ],
            [
              93.9820719,
              26.0818977
            ],
            [
              93.9832735,
              26.0840177
            ],
            [
              93.9845609,
              26.0846537
            ],
            [
              93.9862346,
              26.0848464
            ],
            [
              93.9873075,
              26.0852704
            ],
            [
              93.9882946,
              26.0862918
            ],
            [
              93.9889169,
              26.0871205
            ],
            [
              93.9894748,
              26.0886815
            ],
            [
              93.9901829,
              26.0922659
            ],
            [
              93.9902901,
              26.0936149
            ],
            [
              93.9900112,
              26.0949445
            ],
            [
              93.9891529,
              26.0968908
            ],
            [
              93.9895177,
              26.0980278
            ],
            [
              93.9907408,
              26.0997235
            ],
            [
              93.9929294,
              26.1033269
            ],
            [
              93.9956546,
              26.1061401
            ],
            [
              93.9972853,
              26.1073733
            ],
            [
              93.9974785,
              26.1084909
            ],
            [
              93.9974355,
              26.1104755
            ],
            [
              93.9970064,
              26.111015
            ],
            [
              93.9955473,
              26.1117279
            ],
            [
              93.9943886,
              26.1120169
            ],
            [
              93.9931655,
              26.1118435
            ],
            [
              93.9920068,
              26.1113811
            ],
            [
              93.9907837,
              26.1110535
            ],
            [
              93.9897537,
              26.1108994
            ],
            [
              93.9889383,
              26.1111498
            ],
            [
              93.9882946,
              26.1114196
            ],
            [
              93.9876079,
              26.111882
            ],
            [
              93.9870715,
              26.1126142
            ],
            [
              93.9869642,
              26.1135005
            ],
            [
              93.9870715,
              26.1145409
            ],
            [
              93.9882302,
              26.1153501
            ],
            [
              93.9915776,
              26.1168915
            ],
            [
              93.9928436,
              26.1177778
            ],
            [
              93.9933371,
              26.1184136
            ],
            [
              93.9935732,
              26.1196466
            ],
            [
              93.9935303,
              26.1206099
            ],
            [
              93.9931655,
              26.1223053
            ],
            [
              93.9929294,
              26.1236154
            ],
            [
              93.9934873,
              26.1247135
            ],
            [
              93.9958477,
              26.126563
            ],
            [
              93.9971137,
              26.1273336
            ],
            [
              93.9980578,
              26.1283354
            ],
            [
              93.9968991,
              26.1288556
            ],
            [
              93.9957618,
              26.1292216
            ],
            [
              93.9939165,
              26.1288556
            ],
            [
              93.9919853,
              26.1285281
            ],
            [
              93.9910197,
              26.1282969
            ],
            [
              93.9896679,
              26.1281428
            ],
            [
              93.9886808,
              26.1281235
            ],
            [
              93.9877796,
              26.1284703
            ],
            [
              93.9872432,
              26.1292409
            ],
            [
              93.9869427,
              26.1303197
            ],
            [
              93.9871573,
              26.1315333
            ],
            [
              93.98808,
              26.1326892
            ],
            [
              93.9887237,
              26.1333249
            ],
            [
              93.9907837,
              26.1338065
            ],
            [
              93.9928007,
              26.1332286
            ],
            [
              93.9946246,
              26.1323617
            ],
            [
              93.9958262,
              26.1315911
            ],
            [
              93.9969206,
              26.1312251
            ],
            [
              93.997693,
              26.1311673
            ],
            [
              93.9995169,
              26.1323424
            ],
            [
              94.0016627,
              26.1349046
            ],
            [
              94.0020489,
              26.1370621
            ],
            [
              94.0021777,
              26.1389114
            ],
            [
              94.0037012,
              26.1415889
            ],
            [
              94.0030575,
              26.143207
            ],
            [
              94.0023923,
              26.1449406
            ],
            [
              94.0005898,
              26.1461541
            ],
            [
              93.9994097,
              26.1466934
            ],
            [
              93.9979934,
              26.1468475
            ],
            [
              93.996706,
              26.1471364
            ],
            [
              93.9958906,
              26.1474639
            ],
            [
              93.9951825,
              26.1482151
            ],
            [
              93.9950967,
              26.1501798
            ],
            [
              93.9958691,
              26.1525681
            ],
            [
              93.9963841,
              26.1535504
            ],
            [
              93.9980578,
              26.1544557
            ],
            [
              93.9997101,
              26.1545905
            ],
            [
              94.0006113,
              26.1545905
            ],
            [
              94.0012121,
              26.1553417
            ],
            [
              94.0021133,
              26.157287
            ],
            [
              94.0027141,
              26.1595019
            ],
            [
              94.0026927,
              26.1631997
            ],
            [
              94.0021562,
              26.1645671
            ],
            [
              94.0013623,
              26.1655108
            ],
            [
              94.0016627,
              26.1671863
            ],
            [
              94.0028643,
              26.1707105
            ],
            [
              94.0026712,
              26.1713075
            ],
            [
              94.0024096,
              26.1714673
            ],
            [
              94.0016627,
              26.1719238
            ],
            [
              94.001255,
              26.1722897
            ],
            [
              94.0024781,
              26.1745813
            ],
            [
              94.0026261,
              26.174795
            ],
            [
              94.0059328,
              26.1795688
            ],
            [
              94.007864,
              26.1828424
            ],
            [
              94.0115762,
              26.1833815
            ],
            [
              94.0149021,
              26.1842288
            ],
            [
              94.0160608,
              26.1848642
            ],
            [
              94.0213179,
              26.1936444
            ],
            [
              94.0223264,
              26.1943376
            ],
            [
              94.0317464,
              26.1976685
            ],
            [
              94.0321111,
              26.1984771
            ],
            [
              94.0334844,
              26.2082767
            ],
            [
              94.0356731,
              26.2228878
            ],
            [
              94.0363383,
              26.2263526
            ],
            [
              94.0375185,
              26.2279117
            ],
            [
              94.0422606,
              26.2346678
            ],
            [
              94.0436554,
              26.2389406
            ],
            [
              94.0474534,
              26.2494103
            ],
            [
              94.0498137,
              26.2509691
            ],
            [
              94.0502643,
              26.2516619
            ],
            [
              94.0512299,
              26.2520468
            ],
            [
              94.0523886,
              26.2524509
            ],
            [
              94.053204,
              26.2533747
            ],
            [
              94.0544057,
              26.2540675
            ],
            [
              94.0555858,
              26.2543946
            ],
            [
              94.0562725,
              26.2545101
            ],
            [
              94.0568304,
              26.2552413
            ],
            [
              94.0573025,
              26.2556647
            ],
            [
              94.0580535,
              26.2550297
            ],
            [
              94.0587187,
              26.254587
            ],
            [
              94.0591049,
              26.2544523
            ],
            [
              94.0597915,
              26.254818
            ],
            [
              94.0609503,
              26.2553953
            ],
            [
              94.062109,
              26.2558571
            ],
            [
              94.0631389,
              26.256319
            ],
            [
              94.0640187,
              26.2562805
            ],
            [
              94.0646624,
              26.2559918
            ],
            [
              94.0649628,
              26.2559341
            ],
            [
              94.0657997,
              26.2562228
            ],
            [
              94.0665936,
              26.2566461
            ],
            [
              94.0676451,
              26.2567039
            ],
            [
              94.0684819,
              26.2565692
            ],
            [
              94.0704345,
              26.2605141
            ],
            [
              94.0710139,
              26.2621882
            ],
            [
              94.0747905,
              26.2639585
            ],
            [
              94.0753484,
              26.2674606
            ],
            [
              94.0752411,
              26.269404
            ],
            [
              94.0748548,
              26.2730599
            ],
            [
              94.0733742,
              26.2750224
            ],
            [
              94.0723657,
              26.2764077
            ],
            [
              94.0725159,
              26.2769657
            ],
            [
              94.0744042,
              26.2811215
            ],
            [
              94.0747905,
              26.2837189
            ],
            [
              94.076271,
              26.2840459
            ],
            [
              94.079082,
              26.2840844
            ],
            [
              94.0814853,
              26.2836419
            ],
            [
              94.0829015,
              26.2831994
            ],
            [
              94.0836096,
              26.2833052
            ],
            [
              94.0840924,
              26.2835938
            ],
            [
              94.0842747,
              26.2840844
            ],
            [
              94.0845108,
              26.2886825
            ],
            [
              94.0850901,
              26.2896636
            ],
            [
              94.0868068,
              26.2917991
            ],
            [
              94.0876865,
              26.2934535
            ],
            [
              94.0891242,
              26.2937613
            ],
            [
              94.0903044,
              26.2940883
            ],
            [
              94.0916562,
              26.2955889
            ],
            [
              94.0973318,
              26.3017349
            ],
            [
              94.0986729,
              26.3041683
            ],
            [
              94.1004967,
              26.3076884
            ],
            [
              94.1009688,
              26.3094965
            ],
            [
              94.1008186,
              26.3102467
            ],
            [
              94.1002393,
              26.311747
            ],
            [
              94.0993166,
              26.3134589
            ],
            [
              94.0995526,
              26.3141321
            ],
            [
              94.1029,
              26.3159978
            ],
            [
              94.1035652,
              26.3175942
            ],
            [
              94.1045093,
              26.3194213
            ],
            [
              94.1052389,
              26.3201522
            ],
            [
              94.1065693,
              26.3203061
            ],
            [
              94.1088223,
              26.3202291
            ],
            [
              94.1098523,
              26.3199214
            ],
            [
              94.1102385,
              26.3190559
            ],
            [
              94.1105604,
              26.3181519
            ],
            [
              94.1108608,
              26.3179788
            ],
            [
              94.1132211,
              26.3180942
            ],
            [
              94.1146803,
              26.3180942
            ],
            [
              94.1197657,
              26.318075
            ],
            [
              94.1216969,
              26.3180365
            ],
            [
              94.1220188,
              26.3183827
            ],
            [
              94.1205811,
              26.318902
            ],
            [
              94.119873,
              26.3196906
            ],
            [
              94.1192293,
              26.3202099
            ],
            [
              94.1183281,
              26.320383
            ],
            [
              94.1175127,
              26.3206715
            ],
            [
              94.1172123,
              26.3213062
            ],
            [
              94.1171908,
              26.3219793
            ],
            [
              94.1172552,
              26.3224409
            ],
            [
              94.1167187,
              26.3229218
            ],
            [
              94.1162467,
              26.3229602
            ],
            [
              94.1157317,
              26.3232583
            ],
            [
              94.1152918,
              26.3242007
            ],
            [
              94.1147232,
              26.3256335
            ],
            [
              94.1144979,
              26.3262009
            ],
            [
              94.114455,
              26.3267586
            ],
            [
              94.1144228,
              26.3272106
            ],
            [
              94.1150987,
              26.3288068
            ],
            [
              94.1154206,
              26.3291626
            ],
            [
              94.1159141,
              26.3293453
            ],
            [
              94.1166651,
              26.3293164
            ],
            [
              94.1179418,
              26.3288453
            ],
            [
              94.1191327,
              26.3286145
            ],
            [
              94.1201198,
              26.3286722
            ],
            [
              94.1211605,
              26.3291818
            ],
            [
              94.1238212,
              26.33048
            ],
            [
              94.1245079,
              26.3308838
            ],
            [
              94.1264069,
              26.3309511
            ],
            [
              94.1275549,
              26.3307396
            ],
            [
              94.1282952,
              26.3306723
            ],
            [
              94.1297114,
              26.3311242
            ],
            [
              94.1317606,
              26.3319511
            ],
            [
              94.1322863,
              26.3322877
            ],
            [
              94.1338742,
              26.333855
            ],
            [
              94.1361916,
              26.3355762
            ],
            [
              94.1378009,
              26.3363069
            ],
            [
              94.1389167,
              26.3363935
            ],
            [
              94.1394639,
              26.3363165
            ],
            [
              94.1401613,
              26.3360954
            ],
            [
              94.1405475,
              26.3358358
            ],
            [
              94.1406977,
              26.3350089
            ],
            [
              94.1409445,
              26.3335666
            ],
            [
              94.1411376,
              26.3317781
            ],
            [
              94.1411805,
              26.331355
            ],
            [
              94.1414809,
              26.3307877
            ],
            [
              94.1433477,
              26.3305953
            ],
            [
              94.1445923,
              26.3306434
            ],
            [
              94.1453326,
              26.3307973
            ],
            [
              94.1456008,
              26.3310088
            ],
            [
              94.1456544,
              26.3317204
            ],
            [
              94.1455686,
              26.3321723
            ],
            [
              94.145869,
              26.3326435
            ],
            [
              94.1464162,
              26.3330569
            ],
            [
              94.1472101,
              26.3334896
            ],
            [
              94.1493666,
              26.3342493
            ],
            [
              94.1519415,
              26.3347204
            ],
            [
              94.1544843,
              26.3350666
            ],
            [
              94.1561794,
              26.3349512
            ],
            [
              94.1571987,
              26.33498
            ],
            [
              94.1578102,
              26.3350473
            ],
            [
              94.1587329,
              26.3353743
            ],
            [
              94.1595805,
              26.3356916
            ],
            [
              94.1602886,
              26.3358935
            ],
            [
              94.1614902,
              26.3359127
            ],
            [
              94.1634321,
              26.3360185
            ],
            [
              94.1644513,
              26.3363165
            ],
            [
              94.1658032,
              26.3377588
            ],
            [
              94.1672301,
              26.3392011
            ],
            [
              94.1673964,
              26.3393838
            ],
            [
              94.1678578,
              26.3393068
            ],
            [
              94.1689897,
              26.3388694
            ],
            [
              94.1704327,
              26.3384319
            ],
            [
              94.1710764,
              26.3382011
            ],
            [
              94.1715109,
              26.3382107
            ],
            [
              94.171747,
              26.3383261
            ],
            [
              94.1731954,
              26.3395713
            ],
            [
              94.1742039,
              26.3404414
            ],
            [
              94.1744721,
              26.3410664
            ],
            [
              94.1744077,
              26.3414365
            ],
            [
              94.1741288,
              26.3420086
            ],
            [
              94.1740215,
              26.3423259
            ],
            [
              94.1740859,
              26.342624
            ],
            [
              94.1742736,
              26.3429797
            ],
            [
              94.1749012,
              26.3434268
            ],
            [
              94.1763282,
              26.3449411
            ],
            [
              94.1771006,
              26.3456334
            ],
            [
              94.1773581,
              26.3462871
            ],
            [
              94.1770792,
              26.3470563
            ],
            [
              94.176178,
              26.3480177
            ],
            [
              94.1751909,
              26.3489022
            ],
            [
              94.1738605,
              26.3494598
            ],
            [
              94.1733777,
              26.3497098
            ],
            [
              94.1730773,
              26.3503347
            ],
            [
              94.1727018,
              26.3507289
            ],
            [
              94.1721654,
              26.350527
            ],
            [
              94.1716826,
              26.3504982
            ],
            [
              94.1711783,
              26.3504693
            ],
            [
              94.1685176,
              26.3507674
            ],
            [
              94.1675734,
              26.3497675
            ],
            [
              94.1670155,
              26.3481331
            ],
            [
              94.166286,
              26.3476331
            ],
            [
              94.1649556,
              26.3477101
            ],
            [
              94.1630244,
              26.34796
            ],
            [
              94.1613507,
              26.3470467
            ],
            [
              94.1542697,
              26.3492483
            ],
            [
              94.1518664,
              26.3493445
            ],
            [
              94.1503,
              26.3489984
            ],
            [
              94.149313,
              26.3483638
            ],
            [
              94.1486478,
              26.3478639
            ],
            [
              94.1477036,
              26.3478447
            ],
            [
              94.1465664,
              26.3479408
            ],
            [
              94.1453004,
              26.3483831
            ],
            [
              94.1440987,
              26.3486715
            ],
            [
              94.1432833,
              26.3483446
            ],
            [
              94.1426396,
              26.3480369
            ],
            [
              94.1418457,
              26.3481523
            ],
            [
              94.1407513,
              26.3485753
            ],
            [
              94.1388201,
              26.3487099
            ],
            [
              94.1378331,
              26.3486523
            ],
            [
              94.1374683,
              26.3487099
            ],
            [
              94.1364383,
              26.3496137
            ],
            [
              94.1357088,
              26.3501136
            ],
            [
              94.1345501,
              26.3504405
            ],
            [
              94.1337561,
              26.3507289
            ],
            [
              94.1331339,
              26.3518057
            ],
            [
              94.1327691,
              26.3529017
            ],
            [
              94.1317606,
              26.3544399
            ],
            [
              94.1323614,
              26.3561511
            ],
            [
              94.1323828,
              26.3568817
            ],
            [
              94.1316533,
              26.3574778
            ],
            [
              94.1307735,
              26.3581315
            ],
            [
              94.1306662,
              26.3588429
            ],
            [
              94.1308379,
              26.3595735
            ],
            [
              94.1304087,
              26.3600542
            ],
            [
              94.1293359,
              26.3623613
            ],
            [
              94.1283488,
              26.3643224
            ],
            [
              94.1284561,
              26.365995
            ],
            [
              94.1281986,
              26.3666871
            ],
            [
              94.125216,
              26.3703014
            ],
            [
              94.1241216,
              26.3722624
            ],
            [
              94.12395,
              26.373685
            ],
            [
              94.1241646,
              26.3762225
            ],
            [
              94.1237569,
              26.3774913
            ],
            [
              94.1241646,
              26.3783371
            ],
            [
              94.1238427,
              26.3790484
            ],
            [
              94.1230488,
              26.3796059
            ],
            [
              94.1226625,
              26.3802403
            ],
            [
              94.1223621,
              26.3812783
            ],
            [
              94.1216326,
              26.3820857
            ],
            [
              94.1209245,
              26.3826239
            ],
            [
              94.1203666,
              26.3832198
            ],
            [
              94.1200661,
              26.3837773
            ],
            [
              94.1200018,
              26.3846038
            ],
            [
              94.1203666,
              26.3871988
            ],
            [
              94.1193366,
              26.3883137
            ],
            [
              94.1187358,
              26.3889672
            ],
            [
              94.1188001,
              26.3901013
            ],
            [
              94.118886,
              26.3916006
            ],
            [
              94.1187787,
              26.3925232
            ],
            [
              94.1179418,
              26.39433
            ],
            [
              94.1173196,
              26.395464
            ],
            [
              94.1166329,
              26.396425
            ],
            [
              94.1165042,
              26.3979434
            ],
            [
              94.1167831,
              26.3986354
            ],
            [
              94.1172766,
              26.3993081
            ],
            [
              94.1168046,
              26.400442
            ],
            [
              94.1158604,
              26.404113
            ],
            [
              94.1156244,
              26.4066883
            ],
            [
              94.1161608,
              26.4079568
            ],
            [
              94.1162896,
              26.4090714
            ],
            [
              94.1153669,
              26.4101476
            ],
            [
              94.1151953,
              26.4114929
            ],
            [
              94.1153455,
              26.4131456
            ],
            [
              94.1146588,
              26.415298
            ],
            [
              94.1150021,
              26.4167393
            ],
            [
              94.115324,
              26.4181421
            ],
            [
              94.1154742,
              26.4192951
            ],
            [
              94.114809,
              26.4220815
            ],
            [
              94.1146159,
              26.4241953
            ],
            [
              94.1149378,
              26.4257902
            ],
            [
              94.1154313,
              26.4271737
            ],
            [
              94.1162252,
              26.4280768
            ],
            [
              94.1175127,
              26.4289992
            ],
            [
              94.1183281,
              26.4294987
            ],
            [
              94.1198516,
              26.4314971
            ],
            [
              94.1209459,
              26.434091
            ],
            [
              94.1220188,
              26.4348212
            ],
            [
              94.1213965,
              26.4355321
            ],
            [
              94.122684,
              26.437319
            ],
            [
              94.1234565,
              26.4377993
            ],
            [
              94.1242075,
              26.4383757
            ],
            [
              94.1249156,
              26.4387408
            ],
            [
              94.1254091,
              26.4389906
            ],
            [
              94.1253447,
              26.4394901
            ],
            [
              94.1253876,
              26.4401241
            ],
            [
              94.1260099,
              26.4402778
            ],
            [
              94.1262889,
              26.4405468
            ],
            [
              94.1259885,
              26.4414498
            ],
            [
              94.1256666,
              26.4435633
            ],
            [
              94.1259241,
              26.4459072
            ],
            [
              94.1265249,
              26.4473481
            ],
            [
              94.1266536,
              26.4486929
            ],
            [
              94.1267609,
              26.4495574
            ],
            [
              94.1266536,
              26.4506717
            ],
            [
              94.1262674,
              26.4509983
            ],
            [
              94.1254949,
              26.4510751
            ],
            [
              94.1249585,
              26.4511136
            ],
            [
              94.1243577,
              26.4521318
            ],
            [
              94.1238856,
              26.4529771
            ],
            [
              94.123156,
              26.4535726
            ],
            [
              94.1223192,
              26.4539184
            ],
            [
              94.1212892,
              26.4543218
            ],
            [
              94.1207099,
              26.4544947
            ],
            [
              94.1205382,
              26.45461
            ],
            [
              94.1206026,
              26.4551479
            ],
            [
              94.120903,
              26.4552824
            ],
            [
              94.1211283,
              26.4555321
            ],
            [
              94.1209888,
              26.4558106
            ],
            [
              94.1204417,
              26.4562141
            ],
            [
              94.1198945,
              26.4567904
            ],
            [
              94.1194332,
              26.4571074
            ],
            [
              94.1189611,
              26.4574627
            ],
            [
              94.1182959,
              26.4577893
            ],
            [
              94.1179097,
              26.4575108
            ],
            [
              94.11762,
              26.4571554
            ],
            [
              94.1169655,
              26.4573379
            ],
            [
              94.1161609,
              26.4576644
            ],
            [
              94.115088,
              26.4579142
            ],
            [
              94.114809,
              26.4581831
            ],
            [
              94.1148841,
              26.4586922
            ],
            [
              94.1148627,
              26.4591052
            ],
            [
              94.114927,
              26.4595086
            ],
            [
              94.1153991,
              26.4596047
            ],
            [
              94.1155922,
              26.4597487
            ],
            [
              94.1153347,
              26.4600657
            ],
            [
              94.1144872,
              26.460229
            ],
            [
              94.112556,
              26.4608341
            ],
            [
              94.1114402,
              26.4611799
            ],
            [
              94.1107106,
              26.4613432
            ],
            [
              94.1102171,
              26.4612855
            ],
            [
              94.1097343,
              26.4609686
            ],
            [
              94.1092086,
              26.4606132
            ],
            [
              94.1088116,
              26.4600753
            ],
            [
              94.1084468,
              26.4597584
            ],
            [
              94.1080606,
              26.4595951
            ],
            [
              94.1077709,
              26.4596719
            ],
            [
              94.1073632,
              26.4599024
            ],
            [
              94.1070199,
              26.4604403
            ],
            [
              94.1067946,
              26.4609398
            ],
            [
              94.1064942,
              26.4612663
            ],
            [
              94.1055715,
              26.461468
            ],
            [
              94.1047132,
              26.4614776
            ],
            [
              94.1039514,
              26.4616025
            ],
            [
              94.1033721,
              26.462198
            ],
            [
              94.1027391,
              26.463802
            ],
            [
              94.1024923,
              26.4646568
            ],
            [
              94.1018486,
              26.4656172
            ],
            [
              94.1013873,
              26.466376
            ],
            [
              94.1009688,
              26.4679511
            ],
            [
              94.1008294,
              26.4688059
            ],
            [
              94.1000569,
              26.4696799
            ],
            [
              94.0997028,
              26.4702465
            ],
            [
              94.0995419,
              26.4714854
            ],
            [
              94.0997028,
              26.4721193
            ],
            [
              94.0996492,
              26.4728588
            ],
            [
              94.0996599,
              26.4734446
            ],
            [
              94.1002393,
              26.4762777
            ],
            [
              94.100486,
              26.4771036
            ],
            [
              94.100765,
              26.4776702
            ],
            [
              94.1007435,
              26.4782272
            ],
            [
              94.1004431,
              26.4785729
            ],
            [
              94.0997887,
              26.4788322
            ],
            [
              94.099617,
              26.4793124
            ],
            [
              94.0991342,
              26.4803592
            ],
            [
              94.0992737,
              26.4819341
            ],
            [
              94.0997243,
              26.4822702
            ],
            [
              94.100014,
              26.4826159
            ],
            [
              94.0998423,
              26.4831345
            ],
            [
              94.099381,
              26.4833745
            ],
            [
              94.098469,
              26.4833457
            ],
            [
              94.098072,
              26.4832497
            ],
            [
              94.097439,
              26.4834225
            ],
            [
              94.0969777,
              26.4836434
            ],
            [
              94.0969241,
              26.4840083
            ],
            [
              94.0972245,
              26.4843828
            ],
            [
              94.0972888,
              26.4846613
            ],
            [
              94.0969992,
              26.4849206
            ],
            [
              94.0968704,
              26.4852951
            ],
            [
              94.0967739,
              26.4856408
            ],
            [
              94.0970528,
              26.4860825
            ],
            [
              94.0976429,
              26.4869756
            ],
            [
              94.0976214,
              26.4874461
            ],
            [
              94.0973103,
              26.4879263
            ],
            [
              94.0969348,
              26.488272
            ],
            [
              94.0967417,
              26.4887425
            ],
            [
              94.0968168,
              26.4896451
            ],
            [
              94.0969455,
              26.4902021
            ],
            [
              94.0968919,
              26.4906342
            ],
            [
              94.0965807,
              26.4912295
            ],
            [
              94.0965375,
              26.4912868
            ],
            [
              94.0962911,
              26.4916136
            ],
            [
              94.096216,
              26.4920937
            ],
            [
              94.0962481,
              26.4924778
            ],
            [
              94.0965378,
              26.492641
            ],
            [
              94.0974712,
              26.4929579
            ],
            [
              94.0979648,
              26.4930251
            ],
            [
              94.0979755,
              26.4933804
            ],
            [
              94.0974927,
              26.4936301
            ],
            [
              94.0969884,
              26.4936301
            ],
            [
              94.0968275,
              26.4937261
            ],
            [
              94.096967,
              26.494043
            ],
            [
              94.0971708,
              26.4943886
            ],
            [
              94.097203,
              26.4946095
            ],
            [
              94.0971279,
              26.4948975
            ],
            [
              94.0963769,
              26.4947823
            ],
            [
              94.0961945,
              26.4948495
            ],
            [
              94.096173,
              26.495272
            ],
            [
              94.0967095,
              26.4954641
            ],
            [
              94.0970957,
              26.4954929
            ],
            [
              94.0976858,
              26.4955121
            ],
            [
              94.097954,
              26.4956657
            ],
            [
              94.0982544,
              26.4963282
            ],
            [
              94.0990269,
              26.4961074
            ],
            [
              94.0996063,
              26.4958289
            ],
            [
              94.0999174,
              26.4960594
            ],
            [
              94.0996063,
              26.4966355
            ],
            [
              94.0989625,
              26.496914
            ],
            [
              94.0983724,
              26.4970292
            ],
            [
              94.0980935,
              26.497154
            ],
            [
              94.0982652,
              26.4975573
            ],
            [
              94.0987801,
              26.4977397
            ],
            [
              94.099617,
              26.4979029
            ],
            [
              94.1001427,
              26.4981526
            ],
            [
              94.1005182,
              26.498335
            ],
            [
              94.1011727,
              26.4992184
            ],
            [
              94.1012692,
              26.4998329
            ],
            [
              94.101913,
              26.5001689
            ],
            [
              94.1024601,
              26.5008314
            ],
            [
              94.1029644,
              26.5015132
            ],
            [
              94.1032433,
              26.50183
            ],
            [
              94.1035223,
              26.5023773
            ],
            [
              94.1031682,
              26.503059
            ],
            [
              94.1034472,
              26.5032798
            ],
            [
              94.10393,
              26.5034046
            ],
            [
              94.1042197,
              26.5036159
            ],
            [
              94.104563,
              26.5039231
            ],
            [
              94.104166,
              26.5042591
            ],
            [
              94.104284,
              26.5044224
            ],
            [
              94.1048527,
              26.5043744
            ],
            [
              94.1048527,
              26.504672
            ],
            [
              94.1043913,
              26.5048256
            ],
            [
              94.1039729,
              26.5050464
            ],
            [
              94.1040587,
              26.5054689
            ],
            [
              94.1047561,
              26.5060066
            ],
            [
              94.1053247,
              26.5064482
            ],
            [
              94.1055393,
              26.5067554
            ],
            [
              94.10555,
              26.5071875
            ],
            [
              94.1053355,
              26.5075139
            ],
            [
              94.1049707,
              26.5076675
            ],
            [
              94.1045952,
              26.5078404
            ],
            [
              94.1042411,
              26.5083108
            ],
            [
              94.1043484,
              26.5087908
            ],
            [
              94.104445,
              26.5090693
            ],
            [
              94.1043913,
              26.5093477
            ],
            [
              94.1041338,
              26.5094821
            ],
            [
              94.1037369,
              26.5096549
            ],
            [
              94.1033506,
              26.5099909
            ],
            [
              94.1035223,
              26.510423
            ],
            [
              94.1038227,
              26.5109414
            ],
            [
              94.1037154,
              26.5114695
            ],
            [
              94.1035759,
              26.5118055
            ],
            [
              94.1035008,
              26.5131688
            ],
            [
              94.1032541,
              26.5134568
            ],
            [
              94.1029966,
              26.5138312
            ],
            [
              94.1031361,
              26.5142056
            ],
            [
              94.1037369,
              26.5142632
            ],
            [
              94.1041124,
              26.5140616
            ],
            [
              94.1045952,
              26.5137256
            ],
            [
              94.1048312,
              26.5136008
            ],
            [
              94.1052496,
              26.5137064
            ],
            [
              94.1054428,
              26.5143688
            ],
            [
              94.1057539,
              26.5151752
            ],
            [
              94.105711,
              26.5157513
            ],
            [
              94.1057002,
              26.5166345
            ],
            [
              94.1058397,
              26.5169897
            ],
            [
              94.1062152,
              26.5174025
            ],
            [
              94.1066015,
              26.5176809
            ],
            [
              94.1066015,
              26.5180361
            ],
            [
              94.1059363,
              26.5184969
            ],
            [
              94.1052389,
              26.5191689
            ],
            [
              94.1047883,
              26.5195049
            ],
            [
              94.1045737,
              26.5196873
            ],
            [
              94.1046274,
              26.5201673
            ],
            [
              94.1048634,
              26.5204553
            ],
            [
              94.1055393,
              26.5209833
            ],
            [
              94.105711,
              26.5212905
            ],
            [
              94.1056895,
              26.5219433
            ],
            [
              94.1057646,
              26.5223753
            ],
            [
              94.1067409,
              26.5228265
            ],
            [
              94.1070521,
              26.5237
            ],
            [
              94.1075671,
              26.52418
            ],
            [
              94.1082001,
              26.5243528
            ],
            [
              94.108715,
              26.5244584
            ],
            [
              94.1092408,
              26.5246696
            ],
            [
              94.1093588,
              26.5251208
            ],
            [
              94.1092193,
              26.5258503
            ],
            [
              94.1092729,
              26.5264359
            ],
            [
              94.1096163,
              26.5268391
            ],
            [
              94.1098738,
              26.5270694
            ],
            [
              94.1102064,
              26.5268007
            ],
            [
              94.11026,
              26.5264263
            ],
            [
              94.1103995,
              26.5260999
            ],
            [
              94.1106462,
              26.5260039
            ],
            [
              94.1110432,
              26.5262151
            ],
            [
              94.1110432,
              26.5264839
            ],
            [
              94.1109681,
              26.5268295
            ],
            [
              94.1108394,
              26.527223
            ],
            [
              94.1110647,
              26.5275206
            ],
            [
              94.1118264,
              26.527511
            ],
            [
              94.1128242,
              26.5277606
            ],
            [
              94.1094874,
              26.5305636
            ],
            [
              94.1099166,
              26.5343264
            ],
            [
              94.1102599,
              26.537014
            ],
            [
              94.1114616,
              26.5392408
            ],
            [
              94.1130065,
              26.5417748
            ],
            [
              94.1153239,
              26.5439247
            ],
            [
              94.1125774,
              26.5453068
            ],
            [
              94.1083716,
              26.5469192
            ],
            [
              94.1082858,
              26.5479942
            ],
            [
              94.1083288,
              26.5498368
            ],
            [
              94.109509,
              26.5506046
            ],
            [
              94.1109252,
              26.5513148
            ],
            [
              94.1119981,
              26.5520058
            ],
            [
              94.1123843,
              26.5503743
            ],
            [
              94.1126203,
              26.5499328
            ],
            [
              94.1138005,
              26.5504127
            ],
            [
              94.1149163,
              26.5523129
            ],
            [
              94.115324,
              26.553599
            ],
            [
              94.1154313,
              26.5545779
            ],
            [
              94.1140151,
              26.5551153
            ],
            [
              94.113028,
              26.5551537
            ],
            [
              94.1121053,
              26.5554992
            ],
            [
              94.110775,
              26.5562861
            ],
            [
              94.1114187,
              26.5574761
            ],
            [
              94.1113329,
              26.5587429
            ],
            [
              94.109509,
              26.5587813
            ],
            [
              94.1087365,
              26.5586086
            ],
            [
              94.1077065,
              26.5587237
            ],
            [
              94.1075134,
              26.5602592
            ],
            [
              94.1082644,
              26.5612188
            ],
            [
              94.1086936,
              26.5621209
            ],
            [
              94.1089082,
              26.5628118
            ],
            [
              94.1094231,
              26.5649806
            ],
            [
              94.109745,
              26.5656139
            ],
            [
              94.1094875,
              26.565921
            ],
            [
              94.1086292,
              26.566017
            ],
            [
              94.1076636,
              26.5655564
            ],
            [
              94.1070199,
              26.5653261
            ],
            [
              94.106977,
              26.5646351
            ],
            [
              94.1066551,
              26.5644816
            ],
            [
              94.106183,
              26.5647119
            ],
            [
              94.1062259,
              26.5662857
            ],
            [
              94.1064834,
              26.5672645
            ],
            [
              94.1068911,
              26.568224
            ],
            [
              94.1073203,
              26.5691453
            ],
            [
              94.1071486,
              26.5698361
            ],
            [
              94.1062689,
              26.5698745
            ],
            [
              94.1051316,
              26.5699129
            ],
            [
              94.1044664,
              26.5699705
            ],
            [
              94.1035223,
              26.5703351
            ],
            [
              94.1025781,
              26.5704695
            ],
            [
              94.1021704,
              26.5707381
            ],
            [
              94.1018486,
              26.5713523
            ],
            [
              94.1007542,
              26.5717745
            ],
            [
              94.100368,
              26.5713331
            ],
            [
              94.1011619,
              26.5700089
            ],
            [
              94.1009044,
              26.5692988
            ],
            [
              94.1001963,
              26.5688574
            ],
            [
              94.0990591,
              26.5685119
            ],
            [
              94.0983939,
              26.5684352
            ],
            [
              94.0972781,
              26.5685695
            ],
            [
              94.0968704,
              26.5688766
            ],
            [
              94.0971064,
              26.5691453
            ],
            [
              94.0987587,
              26.5697402
            ],
            [
              94.0994239,
              26.5705654
            ],
            [
              94.0995312,
              26.5709684
            ],
            [
              94.0995955,
              26.5721199
            ],
            [
              94.0992307,
              26.5726765
            ],
            [
              94.0987801,
              26.5731562
            ],
            [
              94.0981579,
              26.5737703
            ],
            [
              94.0982222,
              26.5742309
            ],
            [
              94.0991664,
              26.5742501
            ],
            [
              94.1005611,
              26.5742693
            ],
            [
              94.1019344,
              26.5748834
            ],
            [
              94.1015911,
              26.5754975
            ],
            [
              94.1005611,
              26.5763995
            ],
            [
              94.0995312,
              26.576457
            ],
            [
              94.0994239,
              26.5762267
            ],
            [
              94.0991449,
              26.5762267
            ],
            [
              94.0981579,
              26.5768216
            ],
            [
              94.0974712,
              26.5774357
            ],
            [
              94.0959692,
              26.5776085
            ],
            [
              94.0945101,
              26.5774165
            ],
            [
              94.0930939,
              26.5774357
            ],
            [
              94.0918708,
              26.5793356
            ],
            [
              94.0901112,
              26.5801799
            ],
            [
              94.0883732,
              26.5790861
            ],
            [
              94.0878582,
              26.5782609
            ],
            [
              94.087193,
              26.5775701
            ],
            [
              94.0862059,
              26.5774357
            ],
            [
              94.0845108,
              26.5774549
            ],
            [
              94.0824079,
              26.5766681
            ],
            [
              94.0809274,
              26.5762651
            ],
            [
              94.0791678,
              26.5756894
            ],
            [
              94.0782022,
              26.5757854
            ],
            [
              94.077065,
              26.5772822
            ],
            [
              94.0777731,
              26.5799688
            ],
            [
              94.0783953,
              26.5815808
            ],
            [
              94.0788889,
              26.5845743
            ],
            [
              94.0797472,
              26.5871072
            ],
            [
              94.0790605,
              26.5884121
            ],
            [
              94.0762281,
              26.5891796
            ],
            [
              94.0738248,
              26.588911
            ],
            [
              94.072237,
              26.5896401
            ],
            [
              94.0710353,
              26.5915205
            ],
            [
              94.0698337,
              26.5938231
            ],
            [
              94.069705,
              26.5958953
            ],
            [
              94.0705633,
              26.5975837
            ],
            [
              94.0724515,
              26.5987733
            ],
            [
              94.0748548,
              26.5998478
            ],
            [
              94.0766143,
              26.600999
            ],
            [
              94.0777301,
              26.6031094
            ],
            [
              94.0826225,
              26.6047594
            ],
            [
              94.0846395,
              26.6067931
            ],
            [
              94.0857124,
              26.6084622
            ],
            [
              94.0865707,
              26.6098243
            ],
            [
              94.0859055,
              26.6106109
            ],
            [
              94.0845537,
              26.6103998
            ],
            [
              94.0839314,
              26.6092871
            ],
            [
              94.0833735,
              26.6089226
            ],
            [
              94.082644,
              26.6091528
            ],
            [
              94.081378,
              26.6104958
            ],
            [
              94.0806913,
              26.6120305
            ],
            [
              94.0808201,
              26.6128938
            ],
            [
              94.0801334,
              26.6134118
            ],
            [
              94.079318,
              26.6134118
            ],
            [
              94.0777945,
              26.61416
            ],
            [
              94.0778589,
              26.6147163
            ],
            [
              94.0789532,
              26.6153878
            ],
            [
              94.079597,
              26.6157331
            ],
            [
              94.0803909,
              26.6156563
            ],
            [
              94.0808844,
              26.615829
            ],
            [
              94.0804124,
              26.6163086
            ],
            [
              94.0797472,
              26.6166539
            ],
            [
              94.0792751,
              26.6172678
            ],
            [
              94.0796828,
              26.6177665
            ],
            [
              94.0805411,
              26.6172486
            ],
            [
              94.081099,
              26.6164429
            ],
            [
              94.0815925,
              26.6159249
            ],
            [
              94.0814853,
              26.6170184
            ],
            [
              94.0816784,
              26.6177665
            ],
            [
              94.0824294,
              26.6185722
            ],
            [
              94.0836096,
              26.6198192
            ],
            [
              94.0847897,
              26.6197232
            ],
            [
              94.085691,
              26.6191861
            ],
            [
              94.0862918,
              26.6190326
            ],
            [
              94.086914,
              26.6191094
            ],
            [
              94.087429,
              26.6194355
            ],
            [
              94.0878796,
              26.6198383
            ],
            [
              94.0879011,
              26.620222
            ],
            [
              94.0875363,
              26.6209126
            ],
            [
              94.0865707,
              26.6211428
            ],
            [
              94.0865707,
              26.6221978
            ],
            [
              94.0875792,
              26.6227733
            ],
            [
              94.0882659,
              26.6233296
            ],
            [
              94.0883302,
              26.6238284
            ],
            [
              94.0875578,
              26.6245765
            ],
            [
              94.0866995,
              26.6253438
            ],
            [
              94.0859055,
              26.6261686
            ],
            [
              94.0853691,
              26.627051
            ],
            [
              94.0847039,
              26.6275305
            ],
            [
              94.0834808,
              26.6277799
            ],
            [
              94.0832019,
              26.6279909
            ],
            [
              94.0835452,
              26.6286431
            ],
            [
              94.0848112,
              26.6290651
            ],
            [
              94.0856695,
              26.6290075
            ],
            [
              94.0866995,
              26.6287581
            ],
            [
              94.0876007,
              26.6285088
            ],
            [
              94.0886736,
              26.6281252
            ],
            [
              94.0894675,
              26.6279717
            ],
            [
              94.0900898,
              26.6286431
            ],
            [
              94.0907335,
              26.6292377
            ],
            [
              94.0919137,
              26.6286814
            ],
            [
              94.093759,
              26.6281252
            ],
            [
              94.0945101,
              26.6280484
            ],
            [
              94.0946817,
              26.6284321
            ],
            [
              94.0950036,
              26.6292185
            ],
            [
              94.0948748,
              26.629794
            ],
            [
              94.094553,
              26.6303119
            ],
            [
              94.0947246,
              26.6306763
            ],
            [
              94.0951323,
              26.6308681
            ],
            [
              94.0957975,
              26.6308106
            ],
            [
              94.096291,
              26.6309448
            ],
            [
              94.0962052,
              26.6314244
            ],
            [
              94.0956688,
              26.6318272
            ],
            [
              94.0948534,
              26.6327862
            ],
            [
              94.0951538,
              26.6341097
            ],
            [
              94.0952611,
              26.6346276
            ],
            [
              94.0952825,
              26.636162
            ],
            [
              94.0946388,
              26.6370443
            ],
            [
              94.0939951,
              26.6375238
            ],
            [
              94.0941453,
              26.6380225
            ],
            [
              94.0956688,
              26.6382335
            ],
            [
              94.096334,
              26.6378691
            ],
            [
              94.0970635,
              26.637543
            ],
            [
              94.0975785,
              26.6376773
            ],
            [
              94.0979004,
              26.6381951
            ],
            [
              94.098072,
              26.6385979
            ],
            [
              94.0978789,
              26.6388281
            ],
            [
              94.0964412,
              26.6386363
            ],
            [
              94.0954542,
              26.638713
            ],
            [
              94.0951538,
              26.6387897
            ],
            [
              94.0940594,
              26.6390966
            ],
            [
              94.0937161,
              26.6393267
            ],
            [
              94.0935659,
              26.64042
            ],
            [
              94.0940594,
              26.6410337
            ],
            [
              94.0946388,
              26.6412064
            ],
            [
              94.0954971,
              26.6410529
            ],
            [
              94.0966129,
              26.6404775
            ],
            [
              94.0973425,
              26.640746
            ],
            [
              94.0981793,
              26.6415516
            ],
            [
              94.0977287,
              26.642664
            ],
            [
              94.0971064,
              26.6440065
            ],
            [
              94.0959477,
              26.6460395
            ],
            [
              94.0949178,
              26.6468642
            ],
            [
              94.0935874,
              26.6475354
            ],
            [
              94.0926432,
              26.6481875
            ],
            [
              94.0917849,
              26.6488012
            ],
            [
              94.0909695,
              26.6493766
            ],
            [
              94.0904331,
              26.6491464
            ],
            [
              94.0906691,
              26.6484176
            ],
            [
              94.0903258,
              26.6478231
            ],
            [
              94.0881157,
              26.6479574
            ],
            [
              94.0868711,
              26.6481108
            ],
            [
              94.0860128,
              26.6488587
            ],
            [
              94.0848326,
              26.6497409
            ],
            [
              94.084382,
              26.6513327
            ],
            [
              94.0850258,
              26.6520998
            ],
            [
              94.0857768,
              26.6527902
            ],
            [
              94.0863561,
              26.653634
            ],
            [
              94.0865063,
              26.654382
            ],
            [
              94.0863776,
              26.6557435
            ],
            [
              94.0863561,
              26.6569325
            ],
            [
              94.0861201,
              26.6577379
            ],
            [
              94.0857982,
              26.6585242
            ],
            [
              94.0853476,
              26.6592337
            ],
            [
              94.0846824,
              26.6597323
            ],
            [
              94.0835666,
              26.6600008
            ],
            [
              94.0826869,
              26.660135
            ],
            [
              94.0822148,
              26.6602309
            ],
            [
              94.0822148,
              26.6607103
            ],
            [
              94.082365,
              26.6614773
            ],
            [
              94.0824508,
              26.6622252
            ],
            [
              94.0822363,
              26.662532
            ],
            [
              94.0810776,
              26.6624362
            ],
            [
              94.0805685,
              26.6619417
            ],
            [
              94.080348,
              26.6619184
            ],
            [
              94.0797901,
              26.6611705
            ],
            [
              94.0795326,
              26.660461
            ],
            [
              94.0800905,
              26.6600391
            ],
            [
              94.0807557,
              26.6594255
            ],
            [
              94.0809488,
              26.6589652
            ],
            [
              94.0806055,
              26.658831
            ],
            [
              94.0796399,
              26.6591762
            ],
            [
              94.0789532,
              26.6593871
            ],
            [
              94.0783953,
              26.6599241
            ],
            [
              94.0782881,
              26.6606528
            ],
            [
              94.0783739,
              26.6613815
            ],
            [
              94.0779447,
              26.6621293
            ],
            [
              94.0767431,
              26.6626471
            ],
            [
              94.0758633,
              26.6626854
            ],
            [
              94.0752196,
              26.6623211
            ],
            [
              94.074533,
              26.6619951
            ],
            [
              94.0736103,
              26.6616499
            ],
            [
              94.0732455,
              26.6615541
            ],
            [
              94.0723872,
              26.66188
            ],
            [
              94.0718293,
              26.6626087
            ],
            [
              94.0715933,
              26.6629923
            ],
            [
              94.0720224,
              26.6634716
            ],
            [
              94.0730953,
              26.6635484
            ],
            [
              94.0738034,
              26.663951
            ],
            [
              94.0730524,
              26.6648139
            ],
            [
              94.0714645,
              26.6651016
            ],
            [
              94.070971,
              26.6644113
            ],
            [
              94.0700483,
              26.662532
            ],
            [
              94.068954,
              26.6613623
            ],
            [
              94.068439,
              26.6614965
            ],
            [
              94.0670442,
              26.6624362
            ],
            [
              94.0670228,
              26.6637401
            ],
            [
              94.0672159,
              26.664603
            ],
            [
              94.0678596,
              26.6649865
            ],
            [
              94.0688038,
              26.6651975
            ],
            [
              94.0697908,
              26.6656385
            ],
            [
              94.0702843,
              26.6660604
            ],
            [
              94.070456,
              26.6664247
            ],
            [
              94.0699196,
              26.6667123
            ],
            [
              94.0687394,
              26.666789
            ],
            [
              94.0678596,
              26.6667507
            ],
            [
              94.0671944,
              26.6666548
            ],
            [
              94.0665293,
              26.6666931
            ],
            [
              94.0660572,
              26.6668657
            ],
            [
              94.0661001,
              26.6674985
            ],
            [
              94.0662074,
              26.6679587
            ],
            [
              94.0663361,
              26.668649
            ],
            [
              94.0660572,
              26.6690708
            ],
            [
              94.0654135,
              26.6689366
            ],
            [
              94.0650487,
              26.6682847
            ],
            [
              94.0650701,
              26.6675177
            ],
            [
              94.0652418,
              26.6669424
            ],
            [
              94.0655207,
              26.6664055
            ],
            [
              94.065392,
              26.6657535
            ],
            [
              94.0649628,
              26.6652358
            ],
            [
              94.0644049,
              26.6648139
            ],
            [
              94.0636968,
              26.6644688
            ],
            [
              94.0632462,
              26.664277
            ],
            [
              94.0627742,
              26.664277
            ],
            [
              94.062345,
              26.664603
            ],
            [
              94.0623021,
              26.6656193
            ],
            [
              94.0619588,
              26.666022
            ],
            [
              94.0606713,
              26.6665973
            ],
            [
              94.0585899,
              26.6670958
            ],
            [
              94.0584826,
              26.6663096
            ],
            [
              94.0581608,
              26.6655618
            ],
            [
              94.0577101,
              26.6647948
            ],
            [
              94.0574956,
              26.6642962
            ],
            [
              94.0570664,
              26.6637209
            ],
            [
              94.0563154,
              26.6640661
            ],
            [
              94.0558648,
              26.664488
            ],
            [
              94.0552425,
              26.6654084
            ],
            [
              94.0555644,
              26.6660604
            ],
            [
              94.055779,
              26.6666356
            ],
            [
              94.0557146,
              26.6672109
            ],
            [
              94.0548777,
              26.6678628
            ],
            [
              94.0536761,
              26.6674026
            ],
            [
              94.0529465,
              26.6674601
            ],
            [
              94.0526891,
              26.6679587
            ],
            [
              94.0528607,
              26.6692818
            ],
            [
              94.0533757,
              26.6702405
            ],
            [
              94.0542125,
              26.6705857
            ],
            [
              94.0550065,
              26.6699337
            ],
            [
              94.0553927,
              26.6693009
            ],
            [
              94.0555644,
              26.6687257
            ],
            [
              94.0559077,
              26.6685723
            ],
            [
              94.0565944,
              26.6688024
            ],
            [
              94.0568518,
              26.6693776
            ],
            [
              94.0567231,
              26.6705665
            ],
            [
              94.0565729,
              26.6714485
            ],
            [
              94.0561437,
              26.671832
            ],
            [
              94.0554356,
              26.6715827
            ],
            [
              94.0548134,
              26.6714869
            ],
            [
              94.0541267,
              26.6715827
            ],
            [
              94.0536546,
              26.6717936
            ],
            [
              94.0525389,
              26.6725031
            ],
            [
              94.0523028,
              26.67304
            ],
            [
              94.0520882,
              26.6738836
            ],
            [
              94.0531611,
              26.6742863
            ],
            [
              94.0538049,
              26.6748807
            ],
            [
              94.0540409,
              26.6757819
            ],
            [
              94.0541053,
              26.6769131
            ],
            [
              94.0539765,
              26.6779101
            ],
            [
              94.0536976,
              26.6786579
            ],
            [
              94.052732,
              26.6786579
            ],
            [
              94.051938,
              26.6784661
            ],
            [
              94.0512514,
              26.6784661
            ],
            [
              94.0506506,
              26.6784278
            ],
            [
              94.0499639,
              26.6781402
            ],
            [
              94.0501141,
              26.6775267
            ],
            [
              94.0505862,
              26.6771048
            ],
            [
              94.0511226,
              26.676568
            ],
            [
              94.0518951,
              26.6758394
            ],
            [
              94.0517664,
              26.675245
            ],
            [
              94.0507579,
              26.6749766
            ],
            [
              94.0498566,
              26.6747656
            ],
            [
              94.0490627,
              26.6744589
            ],
            [
              94.0483546,
              26.6740562
            ],
            [
              94.0474748,
              26.6739028
            ],
            [
              94.0469813,
              26.6740946
            ],
            [
              94.0467882,
              26.6749574
            ],
            [
              94.046874,
              26.6757243
            ],
            [
              94.0464878,
              26.6764338
            ],
            [
              94.0459728,
              26.6770473
            ],
            [
              94.0454364,
              26.6777184
            ],
            [
              94.0451789,
              26.6782936
            ],
            [
              94.0450072,
              26.6791947
            ],
            [
              94.0450072,
              26.6798274
            ],
            [
              94.0455222,
              26.6802493
            ],
            [
              94.0459084,
              26.6808628
            ],
            [
              94.045136,
              26.6810162
            ],
            [
              94.0442776,
              26.6807094
            ],
            [
              94.0436125,
              26.6803451
            ],
            [
              94.0430546,
              26.6803643
            ],
            [
              94.0432262,
              26.6813038
            ],
            [
              94.0439558,
              26.6820707
            ],
            [
              94.044621,
              26.6827417
            ],
            [
              94.045136,
              26.6828759
            ],
            [
              94.0455651,
              26.6820898
            ],
            [
              94.0456509,
              26.6817639
            ],
            [
              94.0461015,
              26.6813805
            ],
            [
              94.0471744,
              26.6814571
            ],
            [
              94.0481829,
              26.6816872
            ],
            [
              94.049406,
              26.6819748
            ],
            [
              94.0499425,
              26.6823391
            ],
            [
              94.0500068,
              26.6828567
            ],
            [
              94.0495348,
              26.6836236
            ],
            [
              94.0489125,
              26.6839879
            ],
            [
              94.0483331,
              26.6845631
            ],
            [
              94.0483331,
              26.6850807
            ],
            [
              94.0487194,
              26.6856559
            ],
            [
              94.0490842,
              26.6860969
            ],
            [
              94.0494919,
              26.6868446
            ],
            [
              94.0490198,
              26.6878223
            ],
            [
              94.0482902,
              26.6876498
            ],
            [
              94.0475821,
              26.6873814
            ],
            [
              94.0472173,
              26.6866337
            ],
            [
              94.046402,
              26.6865378
            ],
            [
              94.0460586,
              26.6867487
            ],
            [
              94.0458226,
              26.6870746
            ],
            [
              94.0455866,
              26.6878415
            ],
            [
              94.0453505,
              26.6882249
            ],
            [
              94.0450072,
              26.6881099
            ],
            [
              94.0447712,
              26.6874964
            ],
            [
              94.0445995,
              26.6869213
            ],
            [
              94.0441918,
              26.6867295
            ],
            [
              94.0434408,
              26.6869788
            ],
            [
              94.0436768,
              26.6883591
            ],
            [
              94.0439129,
              26.6895478
            ],
            [
              94.0444493,
              26.690468
            ],
            [
              94.045093,
              26.691024
            ],
            [
              94.0456724,
              26.6913882
            ],
            [
              94.0467453,
              26.6922893
            ],
            [
              94.0473032,
              26.6929219
            ],
            [
              94.047625,
              26.6935737
            ],
            [
              94.046874,
              26.694954
            ],
            [
              94.0457153,
              26.6953566
            ],
            [
              94.0453505,
              26.6946089
            ],
            [
              94.0451789,
              26.6940146
            ],
            [
              94.0439772,
              26.6936312
            ],
            [
              94.0432906,
              26.6936696
            ],
            [
              94.0428829,
              26.6938613
            ],
            [
              94.0427971,
              26.6943214
            ],
            [
              94.042561,
              26.6951265
            ],
            [
              94.0418637,
              26.6959508
            ],
            [
              94.0414774,
              26.6965451
            ],
            [
              94.0413809,
              26.6969189
            ],
            [
              94.0417886,
              26.697264
            ],
            [
              94.0422928,
              26.6972448
            ],
            [
              94.0427756,
              26.6968614
            ],
            [
              94.0431189,
              26.6964013
            ],
            [
              94.0434515,
              26.6960371
            ],
            [
              94.0439665,
              26.6958646
            ],
            [
              94.0446317,
              26.6960179
            ],
            [
              94.0449965,
              26.696593
            ],
            [
              94.0451789,
              26.6969669
            ],
            [
              94.0452969,
              26.6974269
            ],
            [
              94.044975,
              26.6976857
            ],
            [
              94.0446532,
              26.6978008
            ],
            [
              94.0442991,
              26.6980021
            ],
            [
              94.0442669,
              26.6983184
            ],
            [
              94.0442133,
              26.6995356
            ],
            [
              94.0440202,
              26.7000149
            ],
            [
              94.0435159,
              26.700427
            ],
            [
              94.0428615,
              26.7010117
            ],
            [
              94.0432691,
              26.7016251
            ],
            [
              94.0433442,
              26.7019989
            ],
            [
              94.0432262,
              26.7024207
            ],
            [
              94.0425932,
              26.702459
            ],
            [
              94.0421855,
              26.7021619
            ],
            [
              94.0417564,
              26.7019031
            ],
            [
              94.0412414,
              26.7017976
            ],
            [
              94.0409088,
              26.7019798
            ],
            [
              94.0408552,
              26.7022961
            ],
            [
              94.0408337,
              26.7028615
            ],
            [
              94.040662,
              26.7033216
            ],
            [
              94.0405011,
              26.7038392
            ],
            [
              94.0402651,
              26.7044047
            ],
            [
              94.040823,
              26.7047784
            ],
            [
              94.041574,
              26.7048743
            ],
            [
              94.0419388,
              26.7050085
            ],
            [
              94.0421963,
              26.7052097
            ],
            [
              94.0423357,
              26.7055164
            ],
            [
              94.0423572,
              26.7057273
            ],
            [
              94.0421319,
              26.7060628
            ],
            [
              94.0413701,
              26.7066474
            ],
            [
              94.0411878,
              26.7070116
            ],
            [
              94.0410268,
              26.7074812
            ],
            [
              94.041059,
              26.7080563
            ],
            [
              94.0411663,
              26.7085451
            ],
            [
              94.0411019,
              26.7090147
            ],
            [
              94.0409088,
              26.7095131
            ],
            [
              94.0401363,
              26.7095131
            ],
            [
              94.0393853,
              26.7093118
            ],
            [
              94.0386343,
              26.7091105
            ],
            [
              94.0379262,
              26.7088518
            ],
            [
              94.0373468,
              26.7086601
            ],
            [
              94.0369606,
              26.708708
            ],
            [
              94.0365958,
              26.7088805
            ],
            [
              94.036349,
              26.709283
            ],
            [
              94.0361559,
              26.7096472
            ],
            [
              94.0364349,
              26.7107781
            ],
            [
              94.0372395,
              26.7111998
            ],
            [
              94.0380227,
              26.7113915
            ],
            [
              94.0385485,
              26.7114778
            ],
            [
              94.0392351,
              26.7111807
            ],
            [
              94.039675,
              26.7111327
            ],
            [
              94.0405333,
              26.7113915
            ],
            [
              94.0410268,
              26.7117461
            ],
            [
              94.0412414,
              26.7120145
            ],
            [
              94.0416276,
              26.7125128
            ],
            [
              94.0422392,
              26.7125512
            ],
            [
              94.0426683,
              26.7122636
            ],
            [
              94.0434086,
              26.711909
            ],
            [
              94.044224,
              26.712532
            ],
            [
              94.0445673,
              26.7131262
            ],
            [
              94.0446746,
              26.7136629
            ],
            [
              94.0439665,
              26.7141229
            ],
            [
              94.0429044,
              26.7143146
            ],
            [
              94.0420997,
              26.7144296
            ],
            [
              94.0413594,
              26.7146883
            ],
            [
              94.0410268,
              26.7152921
            ],
            [
              94.0413701,
              26.7156754
            ],
            [
              94.0419495,
              26.7158767
            ],
            [
              94.0422606,
              26.7160588
            ],
            [
              94.0425181,
              26.7162792
            ],
            [
              94.0426469,
              26.7165859
            ],
            [
              94.0421212,
              26.7174484
            ],
            [
              94.0420461,
              26.71856
            ],
            [
              94.0418851,
              26.7194034
            ],
            [
              94.0417564,
              26.7201892
            ],
            [
              94.0415954,
              26.7209942
            ],
            [
              94.0414989,
              26.7214925
            ],
            [
              94.0409624,
              26.7214733
            ],
            [
              94.0405226,
              26.7212241
            ],
            [
              94.0396106,
              26.7209654
            ],
            [
              94.0389347,
              26.7207929
            ],
            [
              94.038645,
              26.7207258
            ],
            [
              94.0382051,
              26.7208408
            ],
            [
              94.0380549,
              26.7210804
            ],
            [
              94.0382588,
              26.7215596
            ],
            [
              94.038763,
              26.7222495
            ],
            [
              94.0392351,
              26.7225753
            ],
            [
              94.0398466,
              26.722652
            ],
            [
              94.0405118,
              26.722652
            ],
            [
              94.0413058,
              26.722652
            ],
            [
              94.0420997,
              26.722652
            ],
            [
              94.0425396,
              26.7227287
            ],
            [
              94.0457904,
              26.7241374
            ],
            [
              94.0466165,
              26.7247123
            ],
            [
              94.0465522,
              26.7252298
            ],
            [
              94.0459943,
              26.7257952
            ],
            [
              94.0455329,
              26.726006
            ],
            [
              94.0445351,
              26.7260252
            ],
            [
              94.0438914,
              26.7261497
            ],
            [
              94.0437305,
              26.7263701
            ],
            [
              94.0437949,
              26.7267247
            ],
            [
              94.0442991,
              26.7268588
            ],
            [
              94.0450823,
              26.727223
            ],
            [
              94.0456509,
              26.7275392
            ],
            [
              94.04652,
              26.728392
            ],
            [
              94.0467453,
              26.728967
            ],
            [
              94.0465844,
              26.7294174
            ],
            [
              94.0460801,
              26.7296761
            ],
            [
              94.044503,
              26.7297623
            ],
            [
              94.0435159,
              26.7296665
            ],
            [
              94.0434301,
              26.7292449
            ],
            [
              94.0432584,
              26.7287466
            ],
            [
              94.0429151,
              26.7282962
            ],
            [
              94.0425181,
              26.7282291
            ],
            [
              94.0421104,
              26.728325
            ],
            [
              94.0417242,
              26.728737
            ],
            [
              94.041456,
              26.7294078
            ],
            [
              94.0411448,
              26.7301648
            ],
            [
              94.0412629,
              26.7305864
            ],
            [
              94.0416706,
              26.7308739
            ],
            [
              94.0424538,
              26.7313051
            ],
            [
              94.0427863,
              26.7315734
            ],
            [
              94.0429366,
              26.7318992
            ],
            [
              94.0429902,
              26.732407
            ],
            [
              94.0435696,
              26.7330969
            ],
            [
              94.0443849,
              26.7332502
            ],
            [
              94.0445673,
              26.733509
            ],
            [
              94.0445673,
              26.7340072
            ],
            [
              94.0445244,
              26.7347738
            ],
            [
              94.0447175,
              26.7351666
            ],
            [
              94.0452969,
              26.7354349
            ],
            [
              94.0459514,
              26.7358565
            ],
            [
              94.0472495,
              26.7373417
            ],
            [
              94.047271,
              26.7378591
            ],
            [
              94.0469599,
              26.738204
            ],
            [
              94.0462732,
              26.7384053
            ],
            [
              94.0451789,
              26.7385586
            ],
            [
              94.0441918,
              26.7385107
            ],
            [
              94.0434408,
              26.7384053
            ],
            [
              94.0429366,
              26.7379358
            ],
            [
              94.0433013,
              26.7376004
            ],
            [
              94.0436768,
              26.7372459
            ],
            [
              94.0439236,
              26.736968
            ],
            [
              94.0441275,
              26.7363069
            ],
            [
              94.04387,
              26.7360865
            ],
            [
              94.0432155,
              26.7360098
            ],
            [
              94.0423036,
              26.7358948
            ],
            [
              94.0417778,
              26.7358182
            ],
            [
              94.0415525,
              26.7357799
            ],
            [
              94.0407801,
              26.7359332
            ],
            [
              94.0406084,
              26.736441
            ],
            [
              94.0404582,
              26.7369105
            ],
            [
              94.0401363,
              26.7371501
            ],
            [
              94.0393317,
              26.7373129
            ],
            [
              94.0387738,
              26.7373992
            ],
            [
              94.0382159,
              26.7374758
            ],
            [
              94.037894,
              26.7376962
            ],
            [
              94.0376902,
              26.7379741
            ],
            [
              94.0376687,
              26.7383765
            ],
            [
              94.0378296,
              26.7387885
            ],
            [
              94.0382159,
              26.7390376
            ],
            [
              94.038645,
              26.7392197
            ],
            [
              94.0394604,
              26.7396796
            ],
            [
              94.0398788,
              26.740609
            ],
            [
              94.039793,
              26.7414234
            ],
            [
              94.0397394,
              26.7419887
            ],
            [
              94.0395033,
              26.7422091
            ],
            [
              94.0391815,
              26.7420749
            ],
            [
              94.0374863,
              26.7410306
            ],
            [
              94.0360701,
              26.7403407
            ],
            [
              94.0355444,
              26.7398904
            ],
            [
              94.034965,
              26.7392389
            ],
            [
              94.0350079,
              26.7388652
            ],
            [
              94.0352225,
              26.7386544
            ],
            [
              94.0354049,
              26.7385107
            ],
            [
              94.0358126,
              26.7382711
            ],
            [
              94.035995,
              26.7379549
            ],
            [
              94.035877,
              26.7376579
            ],
            [
              94.0354264,
              26.7372555
            ],
            [
              94.0349758,
              26.7371309
            ],
            [
              94.0343857,
              26.7371022
            ],
            [
              94.0339351,
              26.7371309
            ],
            [
              94.0333986,
              26.7372938
            ],
            [
              94.0330338,
              26.7375429
            ],
            [
              94.0329158,
              26.737792
            ],
            [
              94.0328622,
              26.738319
            ],
            [
              94.0329587,
              26.7389035
            ],
            [
              94.0330124,
              26.7393442
            ],
            [
              94.0330231,
              26.7399191
            ],
            [
              94.0328085,
              26.7404653
            ],
            [
              94.032197,
              26.740839
            ],
            [
              94.0318215,
              26.7411168
            ],
            [
              94.0311026,
              26.7416055
            ],
            [
              94.0307164,
              26.7419696
            ],
            [
              94.0300834,
              26.7423336
            ],
            [
              94.0296757,
              26.7423816
            ],
            [
              94.0292895,
              26.7421037
            ],
            [
              94.0293002,
              26.7416725
            ],
            [
              94.0294075,
              26.7412701
            ],
            [
              94.0294826,
              26.7401299
            ],
            [
              94.0289676,
              26.7395646
            ],
            [
              94.0281844,
              26.7392963
            ],
            [
              94.0272403,
              26.739258
            ],
            [
              94.0267467,
              26.7393059
            ],
            [
              94.0258777,
              26.7396029
            ],
            [
              94.0254807,
              26.7397467
            ],
            [
              94.0250838,
              26.740015
            ],
            [
              94.024322,
              26.7401491
            ],
            [
              94.0237105,
              26.7400437
            ],
            [
              94.0226161,
              26.7395742
            ],
            [
              94.0217686,
              26.7392772
            ],
            [
              94.0209424,
              26.7390376
            ],
            [
              94.0201807,
              26.7392293
            ],
            [
              94.0204382,
              26.740082
            ],
            [
              94.0212321,
              26.7404844
            ],
            [
              94.021908,
              26.7407431
            ],
            [
              94.0226805,
              26.7408869
            ],
            [
              94.0234208,
              26.7411839
            ],
            [
              94.0239358,
              26.7414522
            ],
            [
              94.0246224,
              26.7418546
            ],
            [
              94.0249014,
              26.7421612
            ],
            [
              94.025116,
              26.7424582
            ],
            [
              94.0253842,
              26.7430139
            ],
            [
              94.0253734,
              26.7436559
            ],
            [
              94.024719,
              26.7440391
            ],
            [
              94.0243006,
              26.7441637
            ],
            [
              94.0240431,
              26.744269
            ],
            [
              94.0234959,
              26.7445948
            ],
            [
              94.0232706,
              26.7448535
            ],
            [
              94.0230024,
              26.7451122
            ],
            [
              94.0228629,
              26.7457445
            ],
            [
              94.0227985,
              26.7462523
            ],
            [
              94.022584,
              26.746511
            ],
            [
              94.0210605,
              26.7471817
            ],
            [
              94.0201378,
              26.74722
            ],
            [
              94.0193438,
              26.7471433
            ],
            [
              94.0187216,
              26.7469517
            ],
            [
              94.0178418,
              26.7466068
            ],
            [
              94.0162218,
              26.7464727
            ],
            [
              94.0152132,
              26.746626
            ],
            [
              94.0148592,
              26.746693
            ],
            [
              94.0141189,
              26.7469517
            ],
            [
              94.0125525,
              26.7470763
            ],
            [
              94.0120268,
              26.746923
            ],
            [
              94.0098596,
              26.7461086
            ],
            [
              94.0081215,
              26.7454092
            ],
            [
              94.0072203,
              26.7450739
            ],
            [
              94.0067589,
              26.7449014
            ],
            [
              94.0045166,
              26.7451889
            ],
            [
              94.0030145,
              26.7457637
            ],
            [
              94.0015554,
              26.74722
            ],
            [
              94.0010404,
              26.7489829
            ],
            [
              94.0012121,
              26.7506691
            ],
            [
              94.0016412,
              26.7524702
            ],
            [
              94.0021991,
              26.755306
            ],
            [
              94.0021133,
              26.7574902
            ],
            [
              94.0012979,
              26.7595212
            ],
            [
              94.0006971,
              26.7619353
            ],
            [
              93.9974355,
              26.7668782
            ],
            [
              93.9936161,
              26.7682193
            ],
            [
              93.9879083,
              26.7680277
            ],
            [
              93.9856767,
              26.7676446
            ],
            [
              93.9815998,
              26.7676829
            ],
            [
              93.9774799,
              26.7674147
            ],
            [
              93.9759349,
              26.7673764
            ],
            [
              93.9739608,
              26.7673764
            ],
            [
              93.9731454,
              26.7676829
            ],
            [
              93.9722442,
              26.7688324
            ],
            [
              93.9714288,
              26.7709781
            ],
            [
              93.971343,
              26.7736601
            ],
            [
              93.9713001,
              26.7759973
            ],
            [
              93.9715576,
              26.7784876
            ],
            [
              93.9720296,
              26.7794071
            ],
            [
              93.9740896,
              26.7803266
            ],
            [
              93.9764928,
              26.7809779
            ],
            [
              93.9785099,
              26.7817059
            ],
            [
              93.9800977,
              26.7828552
            ],
            [
              93.9828014,
              26.7841961
            ],
            [
              93.9854192,
              26.7850006
            ],
            [
              93.9868354,
              26.7864181
            ],
            [
              93.9866638,
              26.7872226
            ],
            [
              93.9808702,
              26.7904023
            ],
            [
              93.9755916,
              26.7938884
            ],
            [
              93.9740037,
              26.7959187
            ],
            [
              93.9735317,
              26.7965316
            ],
            [
              93.9732742,
              26.7986384
            ],
            [
              93.9750337,
              26.8006303
            ],
            [
              93.9767503,
              26.8028137
            ],
            [
              93.9792394,
              26.809287
            ],
            [
              93.9807497,
              26.8117438
            ],
            [
              93.9819002,
              26.8136151
            ],
            [
              93.9859342,
              26.8182877
            ],
            [
              93.988595,
              26.8196665
            ],
            [
              93.994174,
              26.8218495
            ],
            [
              93.9970064,
              26.8229602
            ],
            [
              94.0035724,
              26.8316535
            ],
            [
              94.0079498,
              26.8376656
            ],
            [
              94.0054607,
              26.8416097
            ],
            [
              94.0008258,
              26.8488466
            ],
            [
              93.98911,
              26.869004
            ],
            [
              93.9822729,
              26.8720117
            ],
            [
              93.9734673,
              26.8736361
            ],
            [
              93.9732914,
              26.8773291
            ],
            [
              93.9661123,
              26.8852833
            ],
            [
              93.9565801,
              26.8919902
            ],
            [
              93.9594604,
              26.8951063
            ],
            [
              93.9654851,
              26.9026109
            ],
            [
              93.966943,
              26.9124334
            ],
            [
              93.9633178,
              26.9173251
            ],
            [
              93.9622867,
              26.926815
            ],
            [
              93.9443492,
              26.9290338
            ],
            [
              93.9344787,
              26.9309852
            ],
            [
              93.9228921,
              26.9299585
            ],
            [
              93.918432,
              26.911672
            ],
            [
              93.9046442,
              26.9021635
            ],
            [
              93.8925633,
              26.8938315
            ],
            [
              93.8974694,
              26.8750991
            ],
            [
              93.8925633,
              26.8684089
            ],
            [
              93.879183,
              26.8590427
            ],
            [
              93.8568824,
              26.8608267
            ],
            [
              93.842164,
              26.8554746
            ],
            [
              93.8252156,
              26.8287139
            ],
            [
              93.800685,
              26.8282679
            ],
            [
              93.7721402,
              26.8470003
            ],
            [
              93.7534078,
              26.8086434
            ],
            [
              93.7453795,
              26.8041832
            ],
            [
              93.7270931,
              26.8180096
            ],
            [
              93.7110367,
              26.8206857
            ],
            [
              93.6958723,
              26.8010612
            ],
            [
              93.6708994,
              26.8032387
            ],
            [
              93.6499331,
              26.7921409
            ],
            [
              93.6504584,
              26.7733046
            ],
            [
              93.6516666,
              26.7568005
            ],
            [
              93.6722337,
              26.715873
            ],
            [
              93.6499331,
              26.7082908
            ],
            [
              93.566083,
              26.7270233
            ],
            [
              93.5602848,
              26.7310374
            ],
            [
              93.5625149,
              26.7390656
            ],
            [
              93.5455664,
              26.7448637
            ],
            [
              93.5339701,
              26.756906
            ],
            [
              93.5094395,
              26.7631502
            ],
            [
              93.472514,
              26.7607788
            ],
            [
              93.4608243,
              26.7600281
            ],
            [
              93.4318335,
              26.7475398
            ],
            [
              93.4032888,
              26.755568
            ],
            [
              93.3573496,
              26.7404036
            ],
            [
              93.3475374,
              26.7341595
            ],
            [
              93.3359411,
              26.7100748
            ],
            [
              93.3051681,
              26.699574
            ],
            [
              93.3054256,
              26.6983471
            ],
            [
              93.3056831,
              26.6964685
            ],
            [
              93.3068847,
              26.6944747
            ],
            [
              93.3086013,
              26.6926727
            ],
            [
              93.3115625,
              26.6904872
            ],
            [
              93.3144807,
              26.6881866
            ],
            [
              93.3155965,
              26.6868062
            ],
            [
              93.3156824,
              26.6843139
            ],
            [
              93.3167123,
              26.6820515
            ],
            [
              93.3170986,
              26.6781402
            ],
            [
              93.3165407,
              26.6773733
            ],
            [
              93.3140087,
              26.6776417
            ],
            [
              93.3122491,
              26.675686
            ],
            [
              93.3092451,
              26.6720429
            ],
            [
              93.3085155,
              26.6705473
            ],
            [
              93.3080435,
              26.6687065
            ],
            [
              93.3081078,
              26.6668082
            ],
            [
              93.3092022,
              26.6650441
            ],
            [
              93.3122277,
              26.6623786
            ],
            [
              93.3176136,
              26.6580448
            ],
            [
              93.3190083,
              26.6560695
            ],
            [
              93.3190512,
              26.6524067
            ],
            [
              93.3190083,
              26.6502779
            ],
            [
              93.3157253,
              26.6478998
            ],
            [
              93.3140301,
              26.6439682
            ],
            [
              93.3114123,
              26.640957
            ],
            [
              93.3092236,
              26.6390582
            ],
            [
              93.3046961,
              26.6369868
            ],
            [
              93.3020139,
              26.6366032
            ],
            [
              93.2998895,
              26.6357976
            ],
            [
              93.2978296,
              26.6358551
            ],
            [
              93.2946968,
              26.636795
            ],
            [
              93.2922506,
              26.6371786
            ],
            [
              93.2899117,
              26.6376005
            ],
            [
              93.2876372,
              26.637332
            ]
          ]
        ]
      },
      "properties": {
        "district_id": "golaghat",
        "district_name": "Golaghat",
        "source": "ReliefOS PostGIS",
        "provenance": "REAL",
        "license": "ODbL 1.0"
      }
    }
  ]
}